date,year,month,item,unit,category,price,series_id
2015-01-01,2015,1,All Ham (Excluding Canned Ham and Luncheon Slices),lb. (453.6 gm),"Meat, broad category",3.211,APU0000FD2101
2015-02-01,2015,2,All Ham (Excluding Canned Ham and Luncheon Slices),lb. (453.6 gm),"Meat, broad category",3.221,APU0000FD2101
2015-03-01,2015,3,All Ham (Excluding Canned Ham and Luncheon Slices),lb. (453.6 gm),"Meat, broad category",3.176,APU0000FD2101
2015-04-01,2015,4,All Ham (Excluding Canned Ham and Luncheon Slices),lb. (453.6 gm),"Meat, broad category",2.971,APU0000FD2101
2015-05-01,2015,5,All Ham (Excluding Canned Ham and Luncheon Slices),lb. (453.6 gm),"Meat, broad category",3.045,APU0000FD2101
2015-06-01,2015,6,All Ham (Excluding Canned Ham and Luncheon Slices),lb. (453.6 gm),"Meat, broad category",3.02,APU0000FD2101
2015-07-01,2015,7,All Ham (Excluding Canned Ham and Luncheon Slices),lb. (453.6 gm),"Meat, broad category",3.031,APU0000FD2101
2015-08-01,2015,8,All Ham (Excluding Canned Ham and Luncheon Slices),lb. (453.6 gm),"Meat, broad category",3.103,APU0000FD2101
2015-09-01,2015,9,All Ham (Excluding Canned Ham and Luncheon Slices),lb. (453.6 gm),"Meat, broad category",3.124,APU0000FD2101
2015-10-01,2015,10,All Ham (Excluding Canned Ham and Luncheon Slices),lb. (453.6 gm),"Meat, broad category",3.155,APU0000FD2101
2015-11-01,2015,11,All Ham (Excluding Canned Ham and Luncheon Slices),lb. (453.6 gm),"Meat, broad category",3.015,APU0000FD2101
2015-12-01,2015,12,All Ham (Excluding Canned Ham and Luncheon Slices),lb. (453.6 gm),"Meat, broad category",2.901,APU0000FD2101
2016-01-01,2016,1,All Ham (Excluding Canned Ham and Luncheon Slices),lb. (453.6 gm),"Meat, broad category",2.937,APU0000FD2101
2016-02-01,2016,2,All Ham (Excluding Canned Ham and Luncheon Slices),lb. (453.6 gm),"Meat, broad category",2.928,APU0000FD2101
2016-03-01,2016,3,All Ham (Excluding Canned Ham and Luncheon Slices),lb. (453.6 gm),"Meat, broad category",2.95,APU0000FD2101
2016-04-01,2016,4,All Ham (Excluding Canned Ham and Luncheon Slices),lb. (453.6 gm),"Meat, broad category",2.882,APU0000FD2101
2016-05-01,2016,5,All Ham (Excluding Canned Ham and Luncheon Slices),lb. (453.6 gm),"Meat, broad category",2.909,APU0000FD2101
2016-06-01,2016,6,All Ham (Excluding Canned Ham and Luncheon Slices),lb. (453.6 gm),"Meat, broad category",3.076,APU0000FD2101
2016-07-01,2016,7,All Ham (Excluding Canned Ham and Luncheon Slices),lb. (453.6 gm),"Meat, broad category",3.072,APU0000FD2101
2016-08-01,2016,8,All Ham (Excluding Canned Ham and Luncheon Slices),lb. (453.6 gm),"Meat, broad category",3.098,APU0000FD2101
2016-09-01,2016,9,All Ham (Excluding Canned Ham and Luncheon Slices),lb. (453.6 gm),"Meat, broad category",3.135,APU0000FD2101
2016-10-01,2016,10,All Ham (Excluding Canned Ham and Luncheon Slices),lb. (453.6 gm),"Meat, broad category",3.105,APU0000FD2101
2016-11-01,2016,11,All Ham (Excluding Canned Ham and Luncheon Slices),lb. (453.6 gm),"Meat, broad category",3.037,APU0000FD2101
2016-12-01,2016,12,All Ham (Excluding Canned Ham and Luncheon Slices),lb. (453.6 gm),"Meat, broad category",2.906,APU0000FD2101
2017-01-01,2017,1,All Ham (Excluding Canned Ham and Luncheon Slices),lb. (453.6 gm),"Meat, broad category",2.822,APU0000FD2101
2017-02-01,2017,2,All Ham (Excluding Canned Ham and Luncheon Slices),lb. (453.6 gm),"Meat, broad category",2.863,APU0000FD2101
2017-03-01,2017,3,All Ham (Excluding Canned Ham and Luncheon Slices),lb. (453.6 gm),"Meat, broad category",2.994,APU0000FD2101
2017-04-01,2017,4,All Ham (Excluding Canned Ham and Luncheon Slices),lb. (453.6 gm),"Meat, broad category",2.859,APU0000FD2101
2017-05-01,2017,5,All Ham (Excluding Canned Ham and Luncheon Slices),lb. (453.6 gm),"Meat, broad category",2.864,APU0000FD2101
2017-06-01,2017,6,All Ham (Excluding Canned Ham and Luncheon Slices),lb. (453.6 gm),"Meat, broad category",3.093,APU0000FD2101
2017-07-01,2017,7,All Ham (Excluding Canned Ham and Luncheon Slices),lb. (453.6 gm),"Meat, broad category",3.155,APU0000FD2101
2017-08-01,2017,8,All Ham (Excluding Canned Ham and Luncheon Slices),lb. (453.6 gm),"Meat, broad category",3.142,APU0000FD2101
2017-09-01,2017,9,All Ham (Excluding Canned Ham and Luncheon Slices),lb. (453.6 gm),"Meat, broad category",3.108,APU0000FD2101
2017-10-01,2017,10,All Ham (Excluding Canned Ham and Luncheon Slices),lb. (453.6 gm),"Meat, broad category",3.224,APU0000FD2101
2017-11-01,2017,11,All Ham (Excluding Canned Ham and Luncheon Slices),lb. (453.6 gm),"Meat, broad category",2.972,APU0000FD2101
2017-12-01,2017,12,All Ham (Excluding Canned Ham and Luncheon Slices),lb. (453.6 gm),"Meat, broad category",2.914,APU0000FD2101
2018-01-01,2018,1,All Ham (Excluding Canned Ham and Luncheon Slices),lb. (453.6 gm),"Meat, broad category",2.86,APU0000FD2101
2018-02-01,2018,2,All Ham (Excluding Canned Ham and Luncheon Slices),lb. (453.6 gm),"Meat, broad category",2.888,APU0000FD2101
2018-03-01,2018,3,All Ham (Excluding Canned Ham and Luncheon Slices),lb. (453.6 gm),"Meat, broad category",3.008,APU0000FD2101
2018-04-01,2018,4,All Ham (Excluding Canned Ham and Luncheon Slices),lb. (453.6 gm),"Meat, broad category",2.935,APU0000FD2101
2018-05-01,2018,5,All Ham (Excluding Canned Ham and Luncheon Slices),lb. (453.6 gm),"Meat, broad category",3.135,APU0000FD2101
2018-06-01,2018,6,All Ham (Excluding Canned Ham and Luncheon Slices),lb. (453.6 gm),"Meat, broad category",3.13,APU0000FD2101
2018-07-01,2018,7,All Ham (Excluding Canned Ham and Luncheon Slices),lb. (453.6 gm),"Meat, broad category",3.174,APU0000FD2101
2018-08-01,2018,8,All Ham (Excluding Canned Ham and Luncheon Slices),lb. (453.6 gm),"Meat, broad category",3.194,APU0000FD2101
2018-09-01,2018,9,All Ham (Excluding Canned Ham and Luncheon Slices),lb. (453.6 gm),"Meat, broad category",3.219,APU0000FD2101
2018-10-01,2018,10,All Ham (Excluding Canned Ham and Luncheon Slices),lb. (453.6 gm),"Meat, broad category",3.077,APU0000FD2101
2018-11-01,2018,11,All Ham (Excluding Canned Ham and Luncheon Slices),lb. (453.6 gm),"Meat, broad category",3.01,APU0000FD2101
2018-12-01,2018,12,All Ham (Excluding Canned Ham and Luncheon Slices),lb. (453.6 gm),"Meat, broad category",2.902,APU0000FD2101
2019-01-01,2019,1,All Ham (Excluding Canned Ham and Luncheon Slices),lb. (453.6 gm),"Meat, broad category",2.918,APU0000FD2101
2019-02-01,2019,2,All Ham (Excluding Canned Ham and Luncheon Slices),lb. (453.6 gm),"Meat, broad category",2.878,APU0000FD2101
2019-03-01,2019,3,All Ham (Excluding Canned Ham and Luncheon Slices),lb. (453.6 gm),"Meat, broad category",3.131,APU0000FD2101
2019-04-01,2019,4,All Ham (Excluding Canned Ham and Luncheon Slices),lb. (453.6 gm),"Meat, broad category",3.063,APU0000FD2101
2019-05-01,2019,5,All Ham (Excluding Canned Ham and Luncheon Slices),lb. (453.6 gm),"Meat, broad category",3.095,APU0000FD2101
2019-06-01,2019,6,All Ham (Excluding Canned Ham and Luncheon Slices),lb. (453.6 gm),"Meat, broad category",3.13,APU0000FD2101
2019-07-01,2019,7,All Ham (Excluding Canned Ham and Luncheon Slices),lb. (453.6 gm),"Meat, broad category",3.238,APU0000FD2101
2019-08-01,2019,8,All Ham (Excluding Canned Ham and Luncheon Slices),lb. (453.6 gm),"Meat, broad category",3.32,APU0000FD2101
2019-09-01,2019,9,All Ham (Excluding Canned Ham and Luncheon Slices),lb. (453.6 gm),"Meat, broad category",3.343,APU0000FD2101
2019-10-01,2019,10,All Ham (Excluding Canned Ham and Luncheon Slices),lb. (453.6 gm),"Meat, broad category",3.431,APU0000FD2101
2019-11-01,2019,11,All Ham (Excluding Canned Ham and Luncheon Slices),lb. (453.6 gm),"Meat, broad category",3.18,APU0000FD2101
2019-12-01,2019,12,All Ham (Excluding Canned Ham and Luncheon Slices),lb. (453.6 gm),"Meat, broad category",3.035,APU0000FD2101
2020-01-01,2020,1,All Ham (Excluding Canned Ham and Luncheon Slices),lb. (453.6 gm),"Meat, broad category",3.11,APU0000FD2101
2020-02-01,2020,2,All Ham (Excluding Canned Ham and Luncheon Slices),lb. (453.6 gm),"Meat, broad category",3.13,APU0000FD2101
2020-03-01,2020,3,All Ham (Excluding Canned Ham and Luncheon Slices),lb. (453.6 gm),"Meat, broad category",3.376,APU0000FD2101
2020-10-01,2020,10,All Ham (Excluding Canned Ham and Luncheon Slices),lb. (453.6 gm),"Meat, broad category",3.476,APU0000FD2101
2020-11-01,2020,11,All Ham (Excluding Canned Ham and Luncheon Slices),lb. (453.6 gm),"Meat, broad category",3.344,APU0000FD2101
2020-12-01,2020,12,All Ham (Excluding Canned Ham and Luncheon Slices),lb. (453.6 gm),"Meat, broad category",3.261,APU0000FD2101
2021-01-01,2021,1,All Ham (Excluding Canned Ham and Luncheon Slices),lb. (453.6 gm),"Meat, broad category",3.441,APU0000FD2101
2021-02-01,2021,2,All Ham (Excluding Canned Ham and Luncheon Slices),lb. (453.6 gm),"Meat, broad category",3.683,APU0000FD2101
2021-03-01,2021,3,All Ham (Excluding Canned Ham and Luncheon Slices),lb. (453.6 gm),"Meat, broad category",3.511,APU0000FD2101
2021-04-01,2021,4,All Ham (Excluding Canned Ham and Luncheon Slices),lb. (453.6 gm),"Meat, broad category",3.548,APU0000FD2101
2021-05-01,2021,5,All Ham (Excluding Canned Ham and Luncheon Slices),lb. (453.6 gm),"Meat, broad category",3.638,APU0000FD2101
2021-06-01,2021,6,All Ham (Excluding Canned Ham and Luncheon Slices),lb. (453.6 gm),"Meat, broad category",3.773,APU0000FD2101
2021-07-01,2021,7,All Ham (Excluding Canned Ham and Luncheon Slices),lb. (453.6 gm),"Meat, broad category",3.711,APU0000FD2101
2021-08-01,2021,8,All Ham (Excluding Canned Ham and Luncheon Slices),lb. (453.6 gm),"Meat, broad category",3.747,APU0000FD2101
2021-09-01,2021,9,All Ham (Excluding Canned Ham and Luncheon Slices),lb. (453.6 gm),"Meat, broad category",3.831,APU0000FD2101
2021-10-01,2021,10,All Ham (Excluding Canned Ham and Luncheon Slices),lb. (453.6 gm),"Meat, broad category",3.921,APU0000FD2101
2021-11-01,2021,11,All Ham (Excluding Canned Ham and Luncheon Slices),lb. (453.6 gm),"Meat, broad category",3.853,APU0000FD2101
2021-12-01,2021,12,All Ham (Excluding Canned Ham and Luncheon Slices),lb. (453.6 gm),"Meat, broad category",3.707,APU0000FD2101
2022-01-01,2022,1,All Ham (Excluding Canned Ham and Luncheon Slices),lb. (453.6 gm),"Meat, broad category",3.891,APU0000FD2101
2022-02-01,2022,2,All Ham (Excluding Canned Ham and Luncheon Slices),lb. (453.6 gm),"Meat, broad category",4.06,APU0000FD2101
2022-03-01,2022,3,All Ham (Excluding Canned Ham and Luncheon Slices),lb. (453.6 gm),"Meat, broad category",4.055,APU0000FD2101
2022-04-01,2022,4,All Ham (Excluding Canned Ham and Luncheon Slices),lb. (453.6 gm),"Meat, broad category",3.924,APU0000FD2101
2022-05-01,2022,5,All Ham (Excluding Canned Ham and Luncheon Slices),lb. (453.6 gm),"Meat, broad category",3.938,APU0000FD2101
2022-06-01,2022,6,All Ham (Excluding Canned Ham and Luncheon Slices),lb. (453.6 gm),"Meat, broad category",4.117,APU0000FD2101
2022-07-01,2022,7,All Ham (Excluding Canned Ham and Luncheon Slices),lb. (453.6 gm),"Meat, broad category",4.083,APU0000FD2101
2022-08-01,2022,8,All Ham (Excluding Canned Ham and Luncheon Slices),lb. (453.6 gm),"Meat, broad category",4.213,APU0000FD2101
2022-09-01,2022,9,All Ham (Excluding Canned Ham and Luncheon Slices),lb. (453.6 gm),"Meat, broad category",4.339,APU0000FD2101
2022-10-01,2022,10,All Ham (Excluding Canned Ham and Luncheon Slices),lb. (453.6 gm),"Meat, broad category",4.437,APU0000FD2101
2022-11-01,2022,11,All Ham (Excluding Canned Ham and Luncheon Slices),lb. (453.6 gm),"Meat, broad category",4.278,APU0000FD2101
2022-12-01,2022,12,All Ham (Excluding Canned Ham and Luncheon Slices),lb. (453.6 gm),"Meat, broad category",4.048,APU0000FD2101
2023-01-01,2023,1,All Ham (Excluding Canned Ham and Luncheon Slices),lb. (453.6 gm),"Meat, broad category",4.298,APU0000FD2101
2023-02-01,2023,2,All Ham (Excluding Canned Ham and Luncheon Slices),lb. (453.6 gm),"Meat, broad category",4.37,APU0000FD2101
2023-03-01,2023,3,All Ham (Excluding Canned Ham and Luncheon Slices),lb. (453.6 gm),"Meat, broad category",4.34,APU0000FD2101
2023-04-01,2023,4,All Ham (Excluding Canned Ham and Luncheon Slices),lb. (453.6 gm),"Meat, broad category",4.21,APU0000FD2101
2023-05-01,2023,5,All Ham (Excluding Canned Ham and Luncheon Slices),lb. (453.6 gm),"Meat, broad category",4.396,APU0000FD2101
2023-06-01,2023,6,All Ham (Excluding Canned Ham and Luncheon Slices),lb. (453.6 gm),"Meat, broad category",4.444,APU0000FD2101
2023-07-01,2023,7,All Ham (Excluding Canned Ham and Luncheon Slices),lb. (453.6 gm),"Meat, broad category",4.531,APU0000FD2101
2023-08-01,2023,8,All Ham (Excluding Canned Ham and Luncheon Slices),lb. (453.6 gm),"Meat, broad category",4.569,APU0000FD2101
2023-09-01,2023,9,All Ham (Excluding Canned Ham and Luncheon Slices),lb. (453.6 gm),"Meat, broad category",4.563,APU0000FD2101
2023-10-01,2023,10,All Ham (Excluding Canned Ham and Luncheon Slices),lb. (453.6 gm),"Meat, broad category",4.662,APU0000FD2101
2023-11-01,2023,11,All Ham (Excluding Canned Ham and Luncheon Slices),lb. (453.6 gm),"Meat, broad category",4.522,APU0000FD2101
2023-12-01,2023,12,All Ham (Excluding Canned Ham and Luncheon Slices),lb. (453.6 gm),"Meat, broad category",4.4,APU0000FD2101
2024-01-01,2024,1,All Ham (Excluding Canned Ham and Luncheon Slices),lb. (453.6 gm),"Meat, broad category",4.412,APU0000FD2101
2024-02-01,2024,2,All Ham (Excluding Canned Ham and Luncheon Slices),lb. (453.6 gm),"Meat, broad category",4.517,APU0000FD2101
2024-03-01,2024,3,All Ham (Excluding Canned Ham and Luncheon Slices),lb. (453.6 gm),"Meat, broad category",4.475,APU0000FD2101
2024-04-01,2024,4,All Ham (Excluding Canned Ham and Luncheon Slices),lb. (453.6 gm),"Meat, broad category",4.487,APU0000FD2101
2024-05-01,2024,5,All Ham (Excluding Canned Ham and Luncheon Slices),lb. (453.6 gm),"Meat, broad category",4.575,APU0000FD2101
2024-06-01,2024,6,All Ham (Excluding Canned Ham and Luncheon Slices),lb. (453.6 gm),"Meat, broad category",4.562,APU0000FD2101
2024-07-01,2024,7,All Ham (Excluding Canned Ham and Luncheon Slices),lb. (453.6 gm),"Meat, broad category",4.71,APU0000FD2101
2024-08-01,2024,8,All Ham (Excluding Canned Ham and Luncheon Slices),lb. (453.6 gm),"Meat, broad category",4.691,APU0000FD2101
2024-09-01,2024,9,All Ham (Excluding Canned Ham and Luncheon Slices),lb. (453.6 gm),"Meat, broad category",4.595,APU0000FD2101
2024-10-01,2024,10,All Ham (Excluding Canned Ham and Luncheon Slices),lb. (453.6 gm),"Meat, broad category",4.66,APU0000FD2101
2024-11-01,2024,11,All Ham (Excluding Canned Ham and Luncheon Slices),lb. (453.6 gm),"Meat, broad category",4.56,APU0000FD2101
2024-12-01,2024,12,All Ham (Excluding Canned Ham and Luncheon Slices),lb. (453.6 gm),"Meat, broad category",4.406,APU0000FD2101
2025-01-01,2025,1,All Ham (Excluding Canned Ham and Luncheon Slices),lb. (453.6 gm),"Meat, broad category",4.411,APU0000FD2101
2025-02-01,2025,2,All Ham (Excluding Canned Ham and Luncheon Slices),lb. (453.6 gm),"Meat, broad category",4.428,APU0000FD2101
2025-03-01,2025,3,All Ham (Excluding Canned Ham and Luncheon Slices),lb. (453.6 gm),"Meat, broad category",4.496,APU0000FD2101
2025-04-01,2025,4,All Ham (Excluding Canned Ham and Luncheon Slices),lb. (453.6 gm),"Meat, broad category",4.451,APU0000FD2101
2025-05-01,2025,5,All Ham (Excluding Canned Ham and Luncheon Slices),lb. (453.6 gm),"Meat, broad category",4.451,APU0000FD2101
2025-06-01,2025,6,All Ham (Excluding Canned Ham and Luncheon Slices),lb. (453.6 gm),"Meat, broad category",4.401,APU0000FD2101
2025-07-01,2025,7,All Ham (Excluding Canned Ham and Luncheon Slices),lb. (453.6 gm),"Meat, broad category",4.66,APU0000FD2101
2025-08-01,2025,8,All Ham (Excluding Canned Ham and Luncheon Slices),lb. (453.6 gm),"Meat, broad category",4.501,APU0000FD2101
2025-09-01,2025,9,All Ham (Excluding Canned Ham and Luncheon Slices),lb. (453.6 gm),"Meat, broad category",4.533,APU0000FD2101
2025-11-01,2025,11,All Ham (Excluding Canned Ham and Luncheon Slices),lb. (453.6 gm),"Meat, broad category",4.394,APU0000FD2101
2025-12-01,2025,12,All Ham (Excluding Canned Ham and Luncheon Slices),lb. (453.6 gm),"Meat, broad category",4.309,APU0000FD2101
2026-01-01,2026,1,All Ham (Excluding Canned Ham and Luncheon Slices),lb. (453.6 gm),"Meat, broad category",4.434,APU0000FD2101
2026-02-01,2026,2,All Ham (Excluding Canned Ham and Luncheon Slices),lb. (453.6 gm),"Meat, broad category",4.481,APU0000FD2101
2026-03-01,2026,3,All Ham (Excluding Canned Ham and Luncheon Slices),lb. (453.6 gm),"Meat, broad category",4.439,APU0000FD2101
2026-04-01,2026,4,All Ham (Excluding Canned Ham and Luncheon Slices),lb. (453.6 gm),"Meat, broad category",4.348,APU0000FD2101
2026-05-01,2026,5,All Ham (Excluding Canned Ham and Luncheon Slices),lb. (453.6 gm),"Meat, broad category",4.448,APU0000FD2101
2026-06-01,2026,6,All Ham (Excluding Canned Ham and Luncheon Slices),lb. (453.6 gm),"Meat, broad category",4.461,APU0000FD2101
2026-07-01,2026,7,All Ham (Excluding Canned Ham and Luncheon Slices),lb. (453.6 gm),"Meat, broad category",4.489,APU0000FD2101
2015-01-01,2015,1,All Other Pork (Excluding Canned Ham and Luncheon Slices),lb. (453.6 gm),Pork and deli,2.991,APU0000FD4101
2015-02-01,2015,2,All Other Pork (Excluding Canned Ham and Luncheon Slices),lb. (453.6 gm),Pork and deli,2.928,APU0000FD4101
2015-03-01,2015,3,All Other Pork (Excluding Canned Ham and Luncheon Slices),lb. (453.6 gm),Pork and deli,2.904,APU0000FD4101
2015-04-01,2015,4,All Other Pork (Excluding Canned Ham and Luncheon Slices),lb. (453.6 gm),Pork and deli,2.836,APU0000FD4101
2015-05-01,2015,5,All Other Pork (Excluding Canned Ham and Luncheon Slices),lb. (453.6 gm),Pork and deli,2.804,APU0000FD4101
2015-06-01,2015,6,All Other Pork (Excluding Canned Ham and Luncheon Slices),lb. (453.6 gm),Pork and deli,2.784,APU0000FD4101
2015-07-01,2015,7,All Other Pork (Excluding Canned Ham and Luncheon Slices),lb. (453.6 gm),Pork and deli,2.833,APU0000FD4101
2015-08-01,2015,8,All Other Pork (Excluding Canned Ham and Luncheon Slices),lb. (453.6 gm),Pork and deli,2.841,APU0000FD4101
2015-09-01,2015,9,All Other Pork (Excluding Canned Ham and Luncheon Slices),lb. (453.6 gm),Pork and deli,2.819,APU0000FD4101
2015-10-01,2015,10,All Other Pork (Excluding Canned Ham and Luncheon Slices),lb. (453.6 gm),Pork and deli,2.803,APU0000FD4101
2015-11-01,2015,11,All Other Pork (Excluding Canned Ham and Luncheon Slices),lb. (453.6 gm),Pork and deli,2.778,APU0000FD4101
2015-12-01,2015,12,All Other Pork (Excluding Canned Ham and Luncheon Slices),lb. (453.6 gm),Pork and deli,2.716,APU0000FD4101
2016-01-01,2016,1,All Other Pork (Excluding Canned Ham and Luncheon Slices),lb. (453.6 gm),Pork and deli,2.695,APU0000FD4101
2016-02-01,2016,2,All Other Pork (Excluding Canned Ham and Luncheon Slices),lb. (453.6 gm),Pork and deli,2.697,APU0000FD4101
2016-03-01,2016,3,All Other Pork (Excluding Canned Ham and Luncheon Slices),lb. (453.6 gm),Pork and deli,2.657,APU0000FD4101
2016-04-01,2016,4,All Other Pork (Excluding Canned Ham and Luncheon Slices),lb. (453.6 gm),Pork and deli,2.688,APU0000FD4101
2016-05-01,2016,5,All Other Pork (Excluding Canned Ham and Luncheon Slices),lb. (453.6 gm),Pork and deli,2.668,APU0000FD4101
2016-06-01,2016,6,All Other Pork (Excluding Canned Ham and Luncheon Slices),lb. (453.6 gm),Pork and deli,2.69,APU0000FD4101
2016-07-01,2016,7,All Other Pork (Excluding Canned Ham and Luncheon Slices),lb. (453.6 gm),Pork and deli,2.693,APU0000FD4101
2016-08-01,2016,8,All Other Pork (Excluding Canned Ham and Luncheon Slices),lb. (453.6 gm),Pork and deli,2.767,APU0000FD4101
2016-09-01,2016,9,All Other Pork (Excluding Canned Ham and Luncheon Slices),lb. (453.6 gm),Pork and deli,2.694,APU0000FD4101
2016-10-01,2016,10,All Other Pork (Excluding Canned Ham and Luncheon Slices),lb. (453.6 gm),Pork and deli,2.665,APU0000FD4101
2016-11-01,2016,11,All Other Pork (Excluding Canned Ham and Luncheon Slices),lb. (453.6 gm),Pork and deli,2.663,APU0000FD4101
2016-12-01,2016,12,All Other Pork (Excluding Canned Ham and Luncheon Slices),lb. (453.6 gm),Pork and deli,2.579,APU0000FD4101
2017-01-01,2017,1,All Other Pork (Excluding Canned Ham and Luncheon Slices),lb. (453.6 gm),Pork and deli,2.55,APU0000FD4101
2017-02-01,2017,2,All Other Pork (Excluding Canned Ham and Luncheon Slices),lb. (453.6 gm),Pork and deli,2.627,APU0000FD4101
2017-03-01,2017,3,All Other Pork (Excluding Canned Ham and Luncheon Slices),lb. (453.6 gm),Pork and deli,2.633,APU0000FD4101
2017-04-01,2017,4,All Other Pork (Excluding Canned Ham and Luncheon Slices),lb. (453.6 gm),Pork and deli,2.592,APU0000FD4101
2017-05-01,2017,5,All Other Pork (Excluding Canned Ham and Luncheon Slices),lb. (453.6 gm),Pork and deli,2.554,APU0000FD4101
2017-06-01,2017,6,All Other Pork (Excluding Canned Ham and Luncheon Slices),lb. (453.6 gm),Pork and deli,2.6,APU0000FD4101
2017-07-01,2017,7,All Other Pork (Excluding Canned Ham and Luncheon Slices),lb. (453.6 gm),Pork and deli,2.614,APU0000FD4101
2017-08-01,2017,8,All Other Pork (Excluding Canned Ham and Luncheon Slices),lb. (453.6 gm),Pork and deli,2.593,APU0000FD4101
2017-09-01,2017,9,All Other Pork (Excluding Canned Ham and Luncheon Slices),lb. (453.6 gm),Pork and deli,2.635,APU0000FD4101
2017-10-01,2017,10,All Other Pork (Excluding Canned Ham and Luncheon Slices),lb. (453.6 gm),Pork and deli,2.654,APU0000FD4101
2017-11-01,2017,11,All Other Pork (Excluding Canned Ham and Luncheon Slices),lb. (453.6 gm),Pork and deli,2.623,APU0000FD4101
2017-12-01,2017,12,All Other Pork (Excluding Canned Ham and Luncheon Slices),lb. (453.6 gm),Pork and deli,2.596,APU0000FD4101
2018-01-01,2018,1,All Other Pork (Excluding Canned Ham and Luncheon Slices),lb. (453.6 gm),Pork and deli,2.621,APU0000FD4101
2018-02-01,2018,2,All Other Pork (Excluding Canned Ham and Luncheon Slices),lb. (453.6 gm),Pork and deli,2.631,APU0000FD4101
2018-03-01,2018,3,All Other Pork (Excluding Canned Ham and Luncheon Slices),lb. (453.6 gm),Pork and deli,2.642,APU0000FD4101
2018-04-01,2018,4,All Other Pork (Excluding Canned Ham and Luncheon Slices),lb. (453.6 gm),Pork and deli,2.614,APU0000FD4101
2018-05-01,2018,5,All Other Pork (Excluding Canned Ham and Luncheon Slices),lb. (453.6 gm),Pork and deli,2.546,APU0000FD4101
2018-06-01,2018,6,All Other Pork (Excluding Canned Ham and Luncheon Slices),lb. (453.6 gm),Pork and deli,2.516,APU0000FD4101
2018-07-01,2018,7,All Other Pork (Excluding Canned Ham and Luncheon Slices),lb. (453.6 gm),Pork and deli,2.553,APU0000FD4101
2018-08-01,2018,8,All Other Pork (Excluding Canned Ham and Luncheon Slices),lb. (453.6 gm),Pork and deli,2.605,APU0000FD4101
2018-09-01,2018,9,All Other Pork (Excluding Canned Ham and Luncheon Slices),lb. (453.6 gm),Pork and deli,2.596,APU0000FD4101
2018-10-01,2018,10,All Other Pork (Excluding Canned Ham and Luncheon Slices),lb. (453.6 gm),Pork and deli,2.573,APU0000FD4101
2018-11-01,2018,11,All Other Pork (Excluding Canned Ham and Luncheon Slices),lb. (453.6 gm),Pork and deli,2.614,APU0000FD4101
2018-12-01,2018,12,All Other Pork (Excluding Canned Ham and Luncheon Slices),lb. (453.6 gm),Pork and deli,2.601,APU0000FD4101
2019-01-01,2019,1,All Other Pork (Excluding Canned Ham and Luncheon Slices),lb. (453.6 gm),Pork and deli,2.615,APU0000FD4101
2019-02-01,2019,2,All Other Pork (Excluding Canned Ham and Luncheon Slices),lb. (453.6 gm),Pork and deli,2.558,APU0000FD4101
2019-03-01,2019,3,All Other Pork (Excluding Canned Ham and Luncheon Slices),lb. (453.6 gm),Pork and deli,2.582,APU0000FD4101
2019-04-01,2019,4,All Other Pork (Excluding Canned Ham and Luncheon Slices),lb. (453.6 gm),Pork and deli,2.562,APU0000FD4101
2019-05-01,2019,5,All Other Pork (Excluding Canned Ham and Luncheon Slices),lb. (453.6 gm),Pork and deli,2.651,APU0000FD4101
2019-06-01,2019,6,All Other Pork (Excluding Canned Ham and Luncheon Slices),lb. (453.6 gm),Pork and deli,2.718,APU0000FD4101
2019-07-01,2019,7,All Other Pork (Excluding Canned Ham and Luncheon Slices),lb. (453.6 gm),Pork and deli,2.722,APU0000FD4101
2019-08-01,2019,8,All Other Pork (Excluding Canned Ham and Luncheon Slices),lb. (453.6 gm),Pork and deli,2.687,APU0000FD4101
2019-09-01,2019,9,All Other Pork (Excluding Canned Ham and Luncheon Slices),lb. (453.6 gm),Pork and deli,2.687,APU0000FD4101
2019-10-01,2019,10,All Other Pork (Excluding Canned Ham and Luncheon Slices),lb. (453.6 gm),Pork and deli,2.716,APU0000FD4101
2019-11-01,2019,11,All Other Pork (Excluding Canned Ham and Luncheon Slices),lb. (453.6 gm),Pork and deli,2.74,APU0000FD4101
2019-12-01,2019,12,All Other Pork (Excluding Canned Ham and Luncheon Slices),lb. (453.6 gm),Pork and deli,2.761,APU0000FD4101
2020-01-01,2020,1,All Other Pork (Excluding Canned Ham and Luncheon Slices),lb. (453.6 gm),Pork and deli,2.722,APU0000FD4101
2020-02-01,2020,2,All Other Pork (Excluding Canned Ham and Luncheon Slices),lb. (453.6 gm),Pork and deli,2.775,APU0000FD4101
2020-03-01,2020,3,All Other Pork (Excluding Canned Ham and Luncheon Slices),lb. (453.6 gm),Pork and deli,2.762,APU0000FD4101
2020-05-01,2020,5,All Other Pork (Excluding Canned Ham and Luncheon Slices),lb. (453.6 gm),Pork and deli,3.085,APU0000FD4101
2020-06-01,2020,6,All Other Pork (Excluding Canned Ham and Luncheon Slices),lb. (453.6 gm),Pork and deli,3.152,APU0000FD4101
2020-07-01,2020,7,All Other Pork (Excluding Canned Ham and Luncheon Slices),lb. (453.6 gm),Pork and deli,3.099,APU0000FD4101
2020-08-01,2020,8,All Other Pork (Excluding Canned Ham and Luncheon Slices),lb. (453.6 gm),Pork and deli,3.045,APU0000FD4101
2020-09-01,2020,9,All Other Pork (Excluding Canned Ham and Luncheon Slices),lb. (453.6 gm),Pork and deli,2.891,APU0000FD4101
2020-10-01,2020,10,All Other Pork (Excluding Canned Ham and Luncheon Slices),lb. (453.6 gm),Pork and deli,2.989,APU0000FD4101
2020-11-01,2020,11,All Other Pork (Excluding Canned Ham and Luncheon Slices),lb. (453.6 gm),Pork and deli,2.974,APU0000FD4101
2020-12-01,2020,12,All Other Pork (Excluding Canned Ham and Luncheon Slices),lb. (453.6 gm),Pork and deli,2.991,APU0000FD4101
2021-01-01,2021,1,All Other Pork (Excluding Canned Ham and Luncheon Slices),lb. (453.6 gm),Pork and deli,3.02,APU0000FD4101
2021-02-01,2021,2,All Other Pork (Excluding Canned Ham and Luncheon Slices),lb. (453.6 gm),Pork and deli,3.001,APU0000FD4101
2021-03-01,2021,3,All Other Pork (Excluding Canned Ham and Luncheon Slices),lb. (453.6 gm),Pork and deli,2.997,APU0000FD4101
2021-04-01,2021,4,All Other Pork (Excluding Canned Ham and Luncheon Slices),lb. (453.6 gm),Pork and deli,3.176,APU0000FD4101
2021-05-01,2021,5,All Other Pork (Excluding Canned Ham and Luncheon Slices),lb. (453.6 gm),Pork and deli,3.217,APU0000FD4101
2021-06-01,2021,6,All Other Pork (Excluding Canned Ham and Luncheon Slices),lb. (453.6 gm),Pork and deli,3.381,APU0000FD4101
2021-07-01,2021,7,All Other Pork (Excluding Canned Ham and Luncheon Slices),lb. (453.6 gm),Pork and deli,3.564,APU0000FD4101
2021-08-01,2021,8,All Other Pork (Excluding Canned Ham and Luncheon Slices),lb. (453.6 gm),Pork and deli,3.474,APU0000FD4101
2021-09-01,2021,9,All Other Pork (Excluding Canned Ham and Luncheon Slices),lb. (453.6 gm),Pork and deli,3.497,APU0000FD4101
2021-10-01,2021,10,All Other Pork (Excluding Canned Ham and Luncheon Slices),lb. (453.6 gm),Pork and deli,3.565,APU0000FD4101
2021-11-01,2021,11,All Other Pork (Excluding Canned Ham and Luncheon Slices),lb. (453.6 gm),Pork and deli,3.665,APU0000FD4101
2021-12-01,2021,12,All Other Pork (Excluding Canned Ham and Luncheon Slices),lb. (453.6 gm),Pork and deli,3.494,APU0000FD4101
2022-01-01,2022,1,All Other Pork (Excluding Canned Ham and Luncheon Slices),lb. (453.6 gm),Pork and deli,3.451,APU0000FD4101
2022-02-01,2022,2,All Other Pork (Excluding Canned Ham and Luncheon Slices),lb. (453.6 gm),Pork and deli,3.479,APU0000FD4101
2022-03-01,2022,3,All Other Pork (Excluding Canned Ham and Luncheon Slices),lb. (453.6 gm),Pork and deli,3.519,APU0000FD4101
2022-04-01,2022,4,All Other Pork (Excluding Canned Ham and Luncheon Slices),lb. (453.6 gm),Pork and deli,3.578,APU0000FD4101
2022-05-01,2022,5,All Other Pork (Excluding Canned Ham and Luncheon Slices),lb. (453.6 gm),Pork and deli,3.609,APU0000FD4101
2022-06-01,2022,6,All Other Pork (Excluding Canned Ham and Luncheon Slices),lb. (453.6 gm),Pork and deli,3.683,APU0000FD4101
2022-07-01,2022,7,All Other Pork (Excluding Canned Ham and Luncheon Slices),lb. (453.6 gm),Pork and deli,3.645,APU0000FD4101
2022-08-01,2022,8,All Other Pork (Excluding Canned Ham and Luncheon Slices),lb. (453.6 gm),Pork and deli,3.633,APU0000FD4101
2022-09-01,2022,9,All Other Pork (Excluding Canned Ham and Luncheon Slices),lb. (453.6 gm),Pork and deli,3.714,APU0000FD4101
2022-10-01,2022,10,All Other Pork (Excluding Canned Ham and Luncheon Slices),lb. (453.6 gm),Pork and deli,3.642,APU0000FD4101
2022-11-01,2022,11,All Other Pork (Excluding Canned Ham and Luncheon Slices),lb. (453.6 gm),Pork and deli,3.692,APU0000FD4101
2022-12-01,2022,12,All Other Pork (Excluding Canned Ham and Luncheon Slices),lb. (453.6 gm),Pork and deli,3.64,APU0000FD4101
2023-01-01,2023,1,All Other Pork (Excluding Canned Ham and Luncheon Slices),lb. (453.6 gm),Pork and deli,3.608,APU0000FD4101
2023-02-01,2023,2,All Other Pork (Excluding Canned Ham and Luncheon Slices),lb. (453.6 gm),Pork and deli,3.588,APU0000FD4101
2023-03-01,2023,3,All Other Pork (Excluding Canned Ham and Luncheon Slices),lb. (453.6 gm),Pork and deli,3.525,APU0000FD4101
2023-04-01,2023,4,All Other Pork (Excluding Canned Ham and Luncheon Slices),lb. (453.6 gm),Pork and deli,3.582,APU0000FD4101
2023-05-01,2023,5,All Other Pork (Excluding Canned Ham and Luncheon Slices),lb. (453.6 gm),Pork and deli,3.598,APU0000FD4101
2023-06-01,2023,6,All Other Pork (Excluding Canned Ham and Luncheon Slices),lb. (453.6 gm),Pork and deli,3.458,APU0000FD4101
2023-07-01,2023,7,All Other Pork (Excluding Canned Ham and Luncheon Slices),lb. (453.6 gm),Pork and deli,3.556,APU0000FD4101
2023-08-01,2023,8,All Other Pork (Excluding Canned Ham and Luncheon Slices),lb. (453.6 gm),Pork and deli,3.63,APU0000FD4101
2023-09-01,2023,9,All Other Pork (Excluding Canned Ham and Luncheon Slices),lb. (453.6 gm),Pork and deli,3.627,APU0000FD4101
2023-10-01,2023,10,All Other Pork (Excluding Canned Ham and Luncheon Slices),lb. (453.6 gm),Pork and deli,3.743,APU0000FD4101
2023-11-01,2023,11,All Other Pork (Excluding Canned Ham and Luncheon Slices),lb. (453.6 gm),Pork and deli,3.711,APU0000FD4101
2023-12-01,2023,12,All Other Pork (Excluding Canned Ham and Luncheon Slices),lb. (453.6 gm),Pork and deli,3.64,APU0000FD4101
2024-01-01,2024,1,All Other Pork (Excluding Canned Ham and Luncheon Slices),lb. (453.6 gm),Pork and deli,3.606,APU0000FD4101
2024-02-01,2024,2,All Other Pork (Excluding Canned Ham and Luncheon Slices),lb. (453.6 gm),Pork and deli,3.564,APU0000FD4101
2024-03-01,2024,3,All Other Pork (Excluding Canned Ham and Luncheon Slices),lb. (453.6 gm),Pork and deli,3.679,APU0000FD4101
2024-04-01,2024,4,All Other Pork (Excluding Canned Ham and Luncheon Slices),lb. (453.6 gm),Pork and deli,3.712,APU0000FD4101
2024-05-01,2024,5,All Other Pork (Excluding Canned Ham and Luncheon Slices),lb. (453.6 gm),Pork and deli,3.764,APU0000FD4101
2024-06-01,2024,6,All Other Pork (Excluding Canned Ham and Luncheon Slices),lb. (453.6 gm),Pork and deli,3.645,APU0000FD4101
2024-07-01,2024,7,All Other Pork (Excluding Canned Ham and Luncheon Slices),lb. (453.6 gm),Pork and deli,3.621,APU0000FD4101
2024-08-01,2024,8,All Other Pork (Excluding Canned Ham and Luncheon Slices),lb. (453.6 gm),Pork and deli,3.693,APU0000FD4101
2024-09-01,2024,9,All Other Pork (Excluding Canned Ham and Luncheon Slices),lb. (453.6 gm),Pork and deli,3.719,APU0000FD4101
2024-10-01,2024,10,All Other Pork (Excluding Canned Ham and Luncheon Slices),lb. (453.6 gm),Pork and deli,3.703,APU0000FD4101
2024-11-01,2024,11,All Other Pork (Excluding Canned Ham and Luncheon Slices),lb. (453.6 gm),Pork and deli,3.765,APU0000FD4101
2024-12-01,2024,12,All Other Pork (Excluding Canned Ham and Luncheon Slices),lb. (453.6 gm),Pork and deli,3.656,APU0000FD4101
2025-01-01,2025,1,All Other Pork (Excluding Canned Ham and Luncheon Slices),lb. (453.6 gm),Pork and deli,3.704,APU0000FD4101
2025-02-01,2025,2,All Other Pork (Excluding Canned Ham and Luncheon Slices),lb. (453.6 gm),Pork and deli,3.632,APU0000FD4101
2025-03-01,2025,3,All Other Pork (Excluding Canned Ham and Luncheon Slices),lb. (453.6 gm),Pork and deli,3.73,APU0000FD4101
2025-04-01,2025,4,All Other Pork (Excluding Canned Ham and Luncheon Slices),lb. (453.6 gm),Pork and deli,3.675,APU0000FD4101
2025-05-01,2025,5,All Other Pork (Excluding Canned Ham and Luncheon Slices),lb. (453.6 gm),Pork and deli,3.66,APU0000FD4101
2025-06-01,2025,6,All Other Pork (Excluding Canned Ham and Luncheon Slices),lb. (453.6 gm),Pork and deli,3.616,APU0000FD4101
2025-07-01,2025,7,All Other Pork (Excluding Canned Ham and Luncheon Slices),lb. (453.6 gm),Pork and deli,3.627,APU0000FD4101
2025-08-01,2025,8,All Other Pork (Excluding Canned Ham and Luncheon Slices),lb. (453.6 gm),Pork and deli,3.695,APU0000FD4101
2025-09-01,2025,9,All Other Pork (Excluding Canned Ham and Luncheon Slices),lb. (453.6 gm),Pork and deli,3.825,APU0000FD4101
2025-11-01,2025,11,All Other Pork (Excluding Canned Ham and Luncheon Slices),lb. (453.6 gm),Pork and deli,3.779,APU0000FD4101
2025-12-01,2025,12,All Other Pork (Excluding Canned Ham and Luncheon Slices),lb. (453.6 gm),Pork and deli,3.625,APU0000FD4101
2026-01-01,2026,1,All Other Pork (Excluding Canned Ham and Luncheon Slices),lb. (453.6 gm),Pork and deli,3.767,APU0000FD4101
2026-02-01,2026,2,All Other Pork (Excluding Canned Ham and Luncheon Slices),lb. (453.6 gm),Pork and deli,3.522,APU0000FD4101
2026-03-01,2026,3,All Other Pork (Excluding Canned Ham and Luncheon Slices),lb. (453.6 gm),Pork and deli,3.628,APU0000FD4101
2026-04-01,2026,4,All Other Pork (Excluding Canned Ham and Luncheon Slices),lb. (453.6 gm),Pork and deli,3.669,APU0000FD4101
2026-05-01,2026,5,All Other Pork (Excluding Canned Ham and Luncheon Slices),lb. (453.6 gm),Pork and deli,3.755,APU0000FD4101
2026-06-01,2026,6,All Other Pork (Excluding Canned Ham and Luncheon Slices),lb. (453.6 gm),Pork and deli,3.771,APU0000FD4101
2026-07-01,2026,7,All Other Pork (Excluding Canned Ham and Luncheon Slices),lb. (453.6 gm),Pork and deli,3.671,APU0000FD4101
2015-01-01,2015,1,All Pork Chops,lb. (453.6 gm),Pork and deli,3.988,APU0000FD3101
2015-02-01,2015,2,All Pork Chops,lb. (453.6 gm),Pork and deli,3.962,APU0000FD3101
2015-03-01,2015,3,All Pork Chops,lb. (453.6 gm),Pork and deli,3.867,APU0000FD3101
2015-04-01,2015,4,All Pork Chops,lb. (453.6 gm),Pork and deli,3.813,APU0000FD3101
2015-05-01,2015,5,All Pork Chops,lb. (453.6 gm),Pork and deli,3.786,APU0000FD3101
2015-06-01,2015,6,All Pork Chops,lb. (453.6 gm),Pork and deli,3.824,APU0000FD3101
2015-07-01,2015,7,All Pork Chops,lb. (453.6 gm),Pork and deli,3.917,APU0000FD3101
2015-08-01,2015,8,All Pork Chops,lb. (453.6 gm),Pork and deli,3.863,APU0000FD3101
2015-09-01,2015,9,All Pork Chops,lb. (453.6 gm),Pork and deli,3.88,APU0000FD3101
2015-10-01,2015,10,All Pork Chops,lb. (453.6 gm),Pork and deli,3.875,APU0000FD3101
2015-11-01,2015,11,All Pork Chops,lb. (453.6 gm),Pork and deli,3.797,APU0000FD3101
2015-12-01,2015,12,All Pork Chops,lb. (453.6 gm),Pork and deli,3.807,APU0000FD3101
2016-01-01,2016,1,All Pork Chops,lb. (453.6 gm),Pork and deli,3.656,APU0000FD3101
2016-02-01,2016,2,All Pork Chops,lb. (453.6 gm),Pork and deli,3.658,APU0000FD3101
2016-03-01,2016,3,All Pork Chops,lb. (453.6 gm),Pork and deli,3.693,APU0000FD3101
2016-04-01,2016,4,All Pork Chops,lb. (453.6 gm),Pork and deli,3.707,APU0000FD3101
2016-05-01,2016,5,All Pork Chops,lb. (453.6 gm),Pork and deli,3.72,APU0000FD3101
2016-06-01,2016,6,All Pork Chops,lb. (453.6 gm),Pork and deli,3.752,APU0000FD3101
2016-07-01,2016,7,All Pork Chops,lb. (453.6 gm),Pork and deli,3.832,APU0000FD3101
2016-08-01,2016,8,All Pork Chops,lb. (453.6 gm),Pork and deli,3.76,APU0000FD3101
2016-09-01,2016,9,All Pork Chops,lb. (453.6 gm),Pork and deli,3.662,APU0000FD3101
2016-10-01,2016,10,All Pork Chops,lb. (453.6 gm),Pork and deli,3.632,APU0000FD3101
2016-11-01,2016,11,All Pork Chops,lb. (453.6 gm),Pork and deli,3.512,APU0000FD3101
2016-12-01,2016,12,All Pork Chops,lb. (453.6 gm),Pork and deli,3.462,APU0000FD3101
2017-01-01,2017,1,All Pork Chops,lb. (453.6 gm),Pork and deli,3.354,APU0000FD3101
2017-02-01,2017,2,All Pork Chops,lb. (453.6 gm),Pork and deli,3.45,APU0000FD3101
2017-03-01,2017,3,All Pork Chops,lb. (453.6 gm),Pork and deli,3.443,APU0000FD3101
2017-04-01,2017,4,All Pork Chops,lb. (453.6 gm),Pork and deli,3.441,APU0000FD3101
2017-05-01,2017,5,All Pork Chops,lb. (453.6 gm),Pork and deli,3.425,APU0000FD3101
2017-06-01,2017,6,All Pork Chops,lb. (453.6 gm),Pork and deli,3.42,APU0000FD3101
2017-07-01,2017,7,All Pork Chops,lb. (453.6 gm),Pork and deli,3.417,APU0000FD3101
2017-08-01,2017,8,All Pork Chops,lb. (453.6 gm),Pork and deli,3.482,APU0000FD3101
2017-09-01,2017,9,All Pork Chops,lb. (453.6 gm),Pork and deli,3.481,APU0000FD3101
2017-10-01,2017,10,All Pork Chops,lb. (453.6 gm),Pork and deli,3.378,APU0000FD3101
2017-11-01,2017,11,All Pork Chops,lb. (453.6 gm),Pork and deli,3.366,APU0000FD3101
2017-12-01,2017,12,All Pork Chops,lb. (453.6 gm),Pork and deli,3.302,APU0000FD3101
2018-01-01,2018,1,All Pork Chops,lb. (453.6 gm),Pork and deli,3.224,APU0000FD3101
2018-02-01,2018,2,All Pork Chops,lb. (453.6 gm),Pork and deli,3.186,APU0000FD3101
2018-03-01,2018,3,All Pork Chops,lb. (453.6 gm),Pork and deli,3.207,APU0000FD3101
2018-04-01,2018,4,All Pork Chops,lb. (453.6 gm),Pork and deli,3.293,APU0000FD3101
2018-05-01,2018,5,All Pork Chops,lb. (453.6 gm),Pork and deli,3.284,APU0000FD3101
2018-06-01,2018,6,All Pork Chops,lb. (453.6 gm),Pork and deli,3.272,APU0000FD3101
2018-07-01,2018,7,All Pork Chops,lb. (453.6 gm),Pork and deli,3.262,APU0000FD3101
2018-08-01,2018,8,All Pork Chops,lb. (453.6 gm),Pork and deli,3.338,APU0000FD3101
2018-09-01,2018,9,All Pork Chops,lb. (453.6 gm),Pork and deli,3.289,APU0000FD3101
2018-10-01,2018,10,All Pork Chops,lb. (453.6 gm),Pork and deli,3.367,APU0000FD3101
2018-11-01,2018,11,All Pork Chops,lb. (453.6 gm),Pork and deli,3.306,APU0000FD3101
2018-12-01,2018,12,All Pork Chops,lb. (453.6 gm),Pork and deli,3.361,APU0000FD3101
2019-01-01,2019,1,All Pork Chops,lb. (453.6 gm),Pork and deli,3.199,APU0000FD3101
2019-02-01,2019,2,All Pork Chops,lb. (453.6 gm),Pork and deli,3.298,APU0000FD3101
2019-03-01,2019,3,All Pork Chops,lb. (453.6 gm),Pork and deli,3.311,APU0000FD3101
2019-04-01,2019,4,All Pork Chops,lb. (453.6 gm),Pork and deli,3.354,APU0000FD3101
2019-05-01,2019,5,All Pork Chops,lb. (453.6 gm),Pork and deli,3.441,APU0000FD3101
2019-06-01,2019,6,All Pork Chops,lb. (453.6 gm),Pork and deli,3.312,APU0000FD3101
2019-07-01,2019,7,All Pork Chops,lb. (453.6 gm),Pork and deli,3.411,APU0000FD3101
2019-08-01,2019,8,All Pork Chops,lb. (453.6 gm),Pork and deli,3.379,APU0000FD3101
2019-09-01,2019,9,All Pork Chops,lb. (453.6 gm),Pork and deli,3.335,APU0000FD3101
2019-10-01,2019,10,All Pork Chops,lb. (453.6 gm),Pork and deli,3.238,APU0000FD3101
2019-11-01,2019,11,All Pork Chops,lb. (453.6 gm),Pork and deli,3.399,APU0000FD3101
2019-12-01,2019,12,All Pork Chops,lb. (453.6 gm),Pork and deli,3.391,APU0000FD3101
2020-01-01,2020,1,All Pork Chops,lb. (453.6 gm),Pork and deli,3.368,APU0000FD3101
2020-02-01,2020,2,All Pork Chops,lb. (453.6 gm),Pork and deli,3.419,APU0000FD3101
2020-03-01,2020,3,All Pork Chops,lb. (453.6 gm),Pork and deli,3.415,APU0000FD3101
2020-04-01,2020,4,All Pork Chops,lb. (453.6 gm),Pork and deli,3.673,APU0000FD3101
2020-05-01,2020,5,All Pork Chops,lb. (453.6 gm),Pork and deli,3.972,APU0000FD3101
2020-06-01,2020,6,All Pork Chops,lb. (453.6 gm),Pork and deli,4.189,APU0000FD3101
2020-07-01,2020,7,All Pork Chops,lb. (453.6 gm),Pork and deli,3.91,APU0000FD3101
2020-08-01,2020,8,All Pork Chops,lb. (453.6 gm),Pork and deli,3.788,APU0000FD3101
2020-09-01,2020,9,All Pork Chops,lb. (453.6 gm),Pork and deli,3.799,APU0000FD3101
2020-10-01,2020,10,All Pork Chops,lb. (453.6 gm),Pork and deli,3.632,APU0000FD3101
2020-11-01,2020,11,All Pork Chops,lb. (453.6 gm),Pork and deli,3.737,APU0000FD3101
2020-12-01,2020,12,All Pork Chops,lb. (453.6 gm),Pork and deli,3.741,APU0000FD3101
2021-01-01,2021,1,All Pork Chops,lb. (453.6 gm),Pork and deli,3.694,APU0000FD3101
2021-02-01,2021,2,All Pork Chops,lb. (453.6 gm),Pork and deli,3.676,APU0000FD3101
2021-03-01,2021,3,All Pork Chops,lb. (453.6 gm),Pork and deli,3.765,APU0000FD3101
2021-04-01,2021,4,All Pork Chops,lb. (453.6 gm),Pork and deli,3.844,APU0000FD3101
2021-05-01,2021,5,All Pork Chops,lb. (453.6 gm),Pork and deli,3.875,APU0000FD3101
2021-06-01,2021,6,All Pork Chops,lb. (453.6 gm),Pork and deli,4.089,APU0000FD3101
2021-07-01,2021,7,All Pork Chops,lb. (453.6 gm),Pork and deli,4.081,APU0000FD3101
2021-08-01,2021,8,All Pork Chops,lb. (453.6 gm),Pork and deli,4.057,APU0000FD3101
2021-09-01,2021,9,All Pork Chops,lb. (453.6 gm),Pork and deli,4.051,APU0000FD3101
2021-10-01,2021,10,All Pork Chops,lb. (453.6 gm),Pork and deli,4.147,APU0000FD3101
2021-11-01,2021,11,All Pork Chops,lb. (453.6 gm),Pork and deli,4.072,APU0000FD3101
2021-12-01,2021,12,All Pork Chops,lb. (453.6 gm),Pork and deli,4.023,APU0000FD3101
2022-01-01,2022,1,All Pork Chops,lb. (453.6 gm),Pork and deli,4.019,APU0000FD3101
2022-02-01,2022,2,All Pork Chops,lb. (453.6 gm),Pork and deli,4.031,APU0000FD3101
2022-03-01,2022,3,All Pork Chops,lb. (453.6 gm),Pork and deli,4.126,APU0000FD3101
2022-04-01,2022,4,All Pork Chops,lb. (453.6 gm),Pork and deli,4.178,APU0000FD3101
2022-05-01,2022,5,All Pork Chops,lb. (453.6 gm),Pork and deli,4.13,APU0000FD3101
2022-06-01,2022,6,All Pork Chops,lb. (453.6 gm),Pork and deli,4.068,APU0000FD3101
2022-07-01,2022,7,All Pork Chops,lb. (453.6 gm),Pork and deli,4.174,APU0000FD3101
2022-08-01,2022,8,All Pork Chops,lb. (453.6 gm),Pork and deli,4.248,APU0000FD3101
2022-09-01,2022,9,All Pork Chops,lb. (453.6 gm),Pork and deli,4.187,APU0000FD3101
2022-10-01,2022,10,All Pork Chops,lb. (453.6 gm),Pork and deli,4.273,APU0000FD3101
2022-11-01,2022,11,All Pork Chops,lb. (453.6 gm),Pork and deli,4.163,APU0000FD3101
2022-12-01,2022,12,All Pork Chops,lb. (453.6 gm),Pork and deli,4.314,APU0000FD3101
2023-01-01,2023,1,All Pork Chops,lb. (453.6 gm),Pork and deli,4.14,APU0000FD3101
2023-02-01,2023,2,All Pork Chops,lb. (453.6 gm),Pork and deli,4.256,APU0000FD3101
2023-03-01,2023,3,All Pork Chops,lb. (453.6 gm),Pork and deli,4.165,APU0000FD3101
2023-04-01,2023,4,All Pork Chops,lb. (453.6 gm),Pork and deli,4.099,APU0000FD3101
2023-05-01,2023,5,All Pork Chops,lb. (453.6 gm),Pork and deli,4.189,APU0000FD3101
2023-06-01,2023,6,All Pork Chops,lb. (453.6 gm),Pork and deli,4.241,APU0000FD3101
2023-07-01,2023,7,All Pork Chops,lb. (453.6 gm),Pork and deli,4.238,APU0000FD3101
2023-08-01,2023,8,All Pork Chops,lb. (453.6 gm),Pork and deli,4.359,APU0000FD3101
2023-09-01,2023,9,All Pork Chops,lb. (453.6 gm),Pork and deli,4.327,APU0000FD3101
2023-10-01,2023,10,All Pork Chops,lb. (453.6 gm),Pork and deli,4.452,APU0000FD3101
2023-11-01,2023,11,All Pork Chops,lb. (453.6 gm),Pork and deli,4.343,APU0000FD3101
2023-12-01,2023,12,All Pork Chops,lb. (453.6 gm),Pork and deli,4.256,APU0000FD3101
2024-01-01,2024,1,All Pork Chops,lb. (453.6 gm),Pork and deli,4.236,APU0000FD3101
2024-02-01,2024,2,All Pork Chops,lb. (453.6 gm),Pork and deli,4.157,APU0000FD3101
2024-03-01,2024,3,All Pork Chops,lb. (453.6 gm),Pork and deli,4.256,APU0000FD3101
2024-04-01,2024,4,All Pork Chops,lb. (453.6 gm),Pork and deli,4.235,APU0000FD3101
2024-05-01,2024,5,All Pork Chops,lb. (453.6 gm),Pork and deli,4.391,APU0000FD3101
2024-06-01,2024,6,All Pork Chops,lb. (453.6 gm),Pork and deli,4.397,APU0000FD3101
2024-07-01,2024,7,All Pork Chops,lb. (453.6 gm),Pork and deli,4.409,APU0000FD3101
2024-08-01,2024,8,All Pork Chops,lb. (453.6 gm),Pork and deli,4.403,APU0000FD3101
2024-09-01,2024,9,All Pork Chops,lb. (453.6 gm),Pork and deli,4.328,APU0000FD3101
2024-10-01,2024,10,All Pork Chops,lb. (453.6 gm),Pork and deli,4.273,APU0000FD3101
2024-11-01,2024,11,All Pork Chops,lb. (453.6 gm),Pork and deli,4.43,APU0000FD3101
2024-12-01,2024,12,All Pork Chops,lb. (453.6 gm),Pork and deli,4.308,APU0000FD3101
2025-01-01,2025,1,All Pork Chops,lb. (453.6 gm),Pork and deli,4.249,APU0000FD3101
2025-02-01,2025,2,All Pork Chops,lb. (453.6 gm),Pork and deli,4.226,APU0000FD3101
2025-03-01,2025,3,All Pork Chops,lb. (453.6 gm),Pork and deli,4.341,APU0000FD3101
2025-04-01,2025,4,All Pork Chops,lb. (453.6 gm),Pork and deli,4.244,APU0000FD3101
2025-05-01,2025,5,All Pork Chops,lb. (453.6 gm),Pork and deli,4.22,APU0000FD3101
2025-06-01,2025,6,All Pork Chops,lb. (453.6 gm),Pork and deli,4.264,APU0000FD3101
2025-07-01,2025,7,All Pork Chops,lb. (453.6 gm),Pork and deli,4.333,APU0000FD3101
2025-08-01,2025,8,All Pork Chops,lb. (453.6 gm),Pork and deli,4.299,APU0000FD3101
2025-09-01,2025,9,All Pork Chops,lb. (453.6 gm),Pork and deli,4.349,APU0000FD3101
2025-11-01,2025,11,All Pork Chops,lb. (453.6 gm),Pork and deli,4.097,APU0000FD3101
2025-12-01,2025,12,All Pork Chops,lb. (453.6 gm),Pork and deli,4.298,APU0000FD3101
2026-01-01,2026,1,All Pork Chops,lb. (453.6 gm),Pork and deli,4.15,APU0000FD3101
2026-02-01,2026,2,All Pork Chops,lb. (453.6 gm),Pork and deli,4.191,APU0000FD3101
2026-03-01,2026,3,All Pork Chops,lb. (453.6 gm),Pork and deli,4.181,APU0000FD3101
2026-04-01,2026,4,All Pork Chops,lb. (453.6 gm),Pork and deli,4.331,APU0000FD3101
2026-05-01,2026,5,All Pork Chops,lb. (453.6 gm),Pork and deli,4.389,APU0000FD3101
2026-06-01,2026,6,All Pork Chops,lb. (453.6 gm),Pork and deli,4.336,APU0000FD3101
2026-07-01,2026,7,All Pork Chops,lb. (453.6 gm),Pork and deli,4.244,APU0000FD3101
2015-01-01,2015,1,All Uncooked Beef Roasts,lb. (453.6 gm),"Meat, broad category",5.838,APU0000FC2101
2015-02-01,2015,2,All Uncooked Beef Roasts,lb. (453.6 gm),"Meat, broad category",5.844,APU0000FC2101
2015-03-01,2015,3,All Uncooked Beef Roasts,lb. (453.6 gm),"Meat, broad category",5.872,APU0000FC2101
2015-04-01,2015,4,All Uncooked Beef Roasts,lb. (453.6 gm),"Meat, broad category",5.864,APU0000FC2101
2015-05-01,2015,5,All Uncooked Beef Roasts,lb. (453.6 gm),"Meat, broad category",5.915,APU0000FC2101
2015-06-01,2015,6,All Uncooked Beef Roasts,lb. (453.6 gm),"Meat, broad category",5.927,APU0000FC2101
2015-07-01,2015,7,All Uncooked Beef Roasts,lb. (453.6 gm),"Meat, broad category",5.905,APU0000FC2101
2015-08-01,2015,8,All Uncooked Beef Roasts,lb. (453.6 gm),"Meat, broad category",5.871,APU0000FC2101
2015-09-01,2015,9,All Uncooked Beef Roasts,lb. (453.6 gm),"Meat, broad category",5.785,APU0000FC2101
2015-10-01,2015,10,All Uncooked Beef Roasts,lb. (453.6 gm),"Meat, broad category",5.762,APU0000FC2101
2015-11-01,2015,11,All Uncooked Beef Roasts,lb. (453.6 gm),"Meat, broad category",5.718,APU0000FC2101
2015-12-01,2015,12,All Uncooked Beef Roasts,lb. (453.6 gm),"Meat, broad category",5.482,APU0000FC2101
2016-01-01,2016,1,All Uncooked Beef Roasts,lb. (453.6 gm),"Meat, broad category",5.421,APU0000FC2101
2016-02-01,2016,2,All Uncooked Beef Roasts,lb. (453.6 gm),"Meat, broad category",5.526,APU0000FC2101
2016-03-01,2016,3,All Uncooked Beef Roasts,lb. (453.6 gm),"Meat, broad category",5.662,APU0000FC2101
2016-04-01,2016,4,All Uncooked Beef Roasts,lb. (453.6 gm),"Meat, broad category",5.576,APU0000FC2101
2016-05-01,2016,5,All Uncooked Beef Roasts,lb. (453.6 gm),"Meat, broad category",5.687,APU0000FC2101
2016-06-01,2016,6,All Uncooked Beef Roasts,lb. (453.6 gm),"Meat, broad category",5.601,APU0000FC2101
2016-07-01,2016,7,All Uncooked Beef Roasts,lb. (453.6 gm),"Meat, broad category",5.504,APU0000FC2101
2016-08-01,2016,8,All Uncooked Beef Roasts,lb. (453.6 gm),"Meat, broad category",5.451,APU0000FC2101
2016-09-01,2016,9,All Uncooked Beef Roasts,lb. (453.6 gm),"Meat, broad category",5.315,APU0000FC2101
2016-10-01,2016,10,All Uncooked Beef Roasts,lb. (453.6 gm),"Meat, broad category",5.277,APU0000FC2101
2016-11-01,2016,11,All Uncooked Beef Roasts,lb. (453.6 gm),"Meat, broad category",5.301,APU0000FC2101
2016-12-01,2016,12,All Uncooked Beef Roasts,lb. (453.6 gm),"Meat, broad category",5.159,APU0000FC2101
2017-01-01,2017,1,All Uncooked Beef Roasts,lb. (453.6 gm),"Meat, broad category",5.138,APU0000FC2101
2017-02-01,2017,2,All Uncooked Beef Roasts,lb. (453.6 gm),"Meat, broad category",5.208,APU0000FC2101
2017-03-01,2017,3,All Uncooked Beef Roasts,lb. (453.6 gm),"Meat, broad category",5.264,APU0000FC2101
2017-04-01,2017,4,All Uncooked Beef Roasts,lb. (453.6 gm),"Meat, broad category",5.315,APU0000FC2101
2017-05-01,2017,5,All Uncooked Beef Roasts,lb. (453.6 gm),"Meat, broad category",5.354,APU0000FC2101
2017-06-01,2017,6,All Uncooked Beef Roasts,lb. (453.6 gm),"Meat, broad category",5.498,APU0000FC2101
2017-07-01,2017,7,All Uncooked Beef Roasts,lb. (453.6 gm),"Meat, broad category",5.453,APU0000FC2101
2017-08-01,2017,8,All Uncooked Beef Roasts,lb. (453.6 gm),"Meat, broad category",5.349,APU0000FC2101
2017-09-01,2017,9,All Uncooked Beef Roasts,lb. (453.6 gm),"Meat, broad category",5.329,APU0000FC2101
2017-10-01,2017,10,All Uncooked Beef Roasts,lb. (453.6 gm),"Meat, broad category",5.156,APU0000FC2101
2017-11-01,2017,11,All Uncooked Beef Roasts,lb. (453.6 gm),"Meat, broad category",5.163,APU0000FC2101
2017-12-01,2017,12,All Uncooked Beef Roasts,lb. (453.6 gm),"Meat, broad category",5.207,APU0000FC2101
2018-01-01,2018,1,All Uncooked Beef Roasts,lb. (453.6 gm),"Meat, broad category",5.109,APU0000FC2101
2018-02-01,2018,2,All Uncooked Beef Roasts,lb. (453.6 gm),"Meat, broad category",5.184,APU0000FC2101
2018-03-01,2018,3,All Uncooked Beef Roasts,lb. (453.6 gm),"Meat, broad category",5.259,APU0000FC2101
2018-04-01,2018,4,All Uncooked Beef Roasts,lb. (453.6 gm),"Meat, broad category",5.378,APU0000FC2101
2018-05-01,2018,5,All Uncooked Beef Roasts,lb. (453.6 gm),"Meat, broad category",5.369,APU0000FC2101
2018-06-01,2018,6,All Uncooked Beef Roasts,lb. (453.6 gm),"Meat, broad category",5.481,APU0000FC2101
2018-07-01,2018,7,All Uncooked Beef Roasts,lb. (453.6 gm),"Meat, broad category",5.508,APU0000FC2101
2018-08-01,2018,8,All Uncooked Beef Roasts,lb. (453.6 gm),"Meat, broad category",5.506,APU0000FC2101
2018-09-01,2018,9,All Uncooked Beef Roasts,lb. (453.6 gm),"Meat, broad category",5.386,APU0000FC2101
2018-10-01,2018,10,All Uncooked Beef Roasts,lb. (453.6 gm),"Meat, broad category",5.203,APU0000FC2101
2018-11-01,2018,11,All Uncooked Beef Roasts,lb. (453.6 gm),"Meat, broad category",5.17,APU0000FC2101
2018-12-01,2018,12,All Uncooked Beef Roasts,lb. (453.6 gm),"Meat, broad category",5.202,APU0000FC2101
2019-01-01,2019,1,All Uncooked Beef Roasts,lb. (453.6 gm),"Meat, broad category",5.283,APU0000FC2101
2019-02-01,2019,2,All Uncooked Beef Roasts,lb. (453.6 gm),"Meat, broad category",5.319,APU0000FC2101
2019-03-01,2019,3,All Uncooked Beef Roasts,lb. (453.6 gm),"Meat, broad category",5.439,APU0000FC2101
2019-04-01,2019,4,All Uncooked Beef Roasts,lb. (453.6 gm),"Meat, broad category",5.445,APU0000FC2101
2019-05-01,2019,5,All Uncooked Beef Roasts,lb. (453.6 gm),"Meat, broad category",5.521,APU0000FC2101
2019-06-01,2019,6,All Uncooked Beef Roasts,lb. (453.6 gm),"Meat, broad category",5.627,APU0000FC2101
2019-07-01,2019,7,All Uncooked Beef Roasts,lb. (453.6 gm),"Meat, broad category",5.609,APU0000FC2101
2019-08-01,2019,8,All Uncooked Beef Roasts,lb. (453.6 gm),"Meat, broad category",5.471,APU0000FC2101
2019-09-01,2019,9,All Uncooked Beef Roasts,lb. (453.6 gm),"Meat, broad category",5.43,APU0000FC2101
2019-10-01,2019,10,All Uncooked Beef Roasts,lb. (453.6 gm),"Meat, broad category",5.277,APU0000FC2101
2019-11-01,2019,11,All Uncooked Beef Roasts,lb. (453.6 gm),"Meat, broad category",5.376,APU0000FC2101
2019-12-01,2019,12,All Uncooked Beef Roasts,lb. (453.6 gm),"Meat, broad category",5.537,APU0000FC2101
2020-01-01,2020,1,All Uncooked Beef Roasts,lb. (453.6 gm),"Meat, broad category",5.515,APU0000FC2101
2020-02-01,2020,2,All Uncooked Beef Roasts,lb. (453.6 gm),"Meat, broad category",5.532,APU0000FC2101
2020-03-01,2020,3,All Uncooked Beef Roasts,lb. (453.6 gm),"Meat, broad category",5.535,APU0000FC2101
2020-04-01,2020,4,All Uncooked Beef Roasts,lb. (453.6 gm),"Meat, broad category",5.896,APU0000FC2101
2020-05-01,2020,5,All Uncooked Beef Roasts,lb. (453.6 gm),"Meat, broad category",7.068,APU0000FC2101
2020-06-01,2020,6,All Uncooked Beef Roasts,lb. (453.6 gm),"Meat, broad category",7.057,APU0000FC2101
2020-07-01,2020,7,All Uncooked Beef Roasts,lb. (453.6 gm),"Meat, broad category",6.461,APU0000FC2101
2020-08-01,2020,8,All Uncooked Beef Roasts,lb. (453.6 gm),"Meat, broad category",6.059,APU0000FC2101
2020-09-01,2020,9,All Uncooked Beef Roasts,lb. (453.6 gm),"Meat, broad category",6.035,APU0000FC2101
2020-10-01,2020,10,All Uncooked Beef Roasts,lb. (453.6 gm),"Meat, broad category",5.841,APU0000FC2101
2020-11-01,2020,11,All Uncooked Beef Roasts,lb. (453.6 gm),"Meat, broad category",5.883,APU0000FC2101
2020-12-01,2020,12,All Uncooked Beef Roasts,lb. (453.6 gm),"Meat, broad category",5.868,APU0000FC2101
2021-01-01,2021,1,All Uncooked Beef Roasts,lb. (453.6 gm),"Meat, broad category",5.861,APU0000FC2101
2021-02-01,2021,2,All Uncooked Beef Roasts,lb. (453.6 gm),"Meat, broad category",6.063,APU0000FC2101
2021-03-01,2021,3,All Uncooked Beef Roasts,lb. (453.6 gm),"Meat, broad category",6.229,APU0000FC2101
2021-04-01,2021,4,All Uncooked Beef Roasts,lb. (453.6 gm),"Meat, broad category",6.216,APU0000FC2101
2021-05-01,2021,5,All Uncooked Beef Roasts,lb. (453.6 gm),"Meat, broad category",6.512,APU0000FC2101
2021-06-01,2021,6,All Uncooked Beef Roasts,lb. (453.6 gm),"Meat, broad category",6.824,APU0000FC2101
2021-07-01,2021,7,All Uncooked Beef Roasts,lb. (453.6 gm),"Meat, broad category",6.749,APU0000FC2101
2021-08-01,2021,8,All Uncooked Beef Roasts,lb. (453.6 gm),"Meat, broad category",6.727,APU0000FC2101
2021-09-01,2021,9,All Uncooked Beef Roasts,lb. (453.6 gm),"Meat, broad category",7.133,APU0000FC2101
2021-10-01,2021,10,All Uncooked Beef Roasts,lb. (453.6 gm),"Meat, broad category",7.127,APU0000FC2101
2021-11-01,2021,11,All Uncooked Beef Roasts,lb. (453.6 gm),"Meat, broad category",7.161,APU0000FC2101
2021-12-01,2021,12,All Uncooked Beef Roasts,lb. (453.6 gm),"Meat, broad category",6.948,APU0000FC2101
2022-01-01,2022,1,All Uncooked Beef Roasts,lb. (453.6 gm),"Meat, broad category",6.845,APU0000FC2101
2022-02-01,2022,2,All Uncooked Beef Roasts,lb. (453.6 gm),"Meat, broad category",6.898,APU0000FC2101
2022-03-01,2022,3,All Uncooked Beef Roasts,lb. (453.6 gm),"Meat, broad category",6.971,APU0000FC2101
2022-04-01,2022,4,All Uncooked Beef Roasts,lb. (453.6 gm),"Meat, broad category",6.927,APU0000FC2101
2022-05-01,2022,5,All Uncooked Beef Roasts,lb. (453.6 gm),"Meat, broad category",6.934,APU0000FC2101
2022-06-01,2022,6,All Uncooked Beef Roasts,lb. (453.6 gm),"Meat, broad category",6.783,APU0000FC2101
2022-07-01,2022,7,All Uncooked Beef Roasts,lb. (453.6 gm),"Meat, broad category",6.742,APU0000FC2101
2022-08-01,2022,8,All Uncooked Beef Roasts,lb. (453.6 gm),"Meat, broad category",6.827,APU0000FC2101
2022-09-01,2022,9,All Uncooked Beef Roasts,lb. (453.6 gm),"Meat, broad category",6.832,APU0000FC2101
2022-10-01,2022,10,All Uncooked Beef Roasts,lb. (453.6 gm),"Meat, broad category",6.69,APU0000FC2101
2022-11-01,2022,11,All Uncooked Beef Roasts,lb. (453.6 gm),"Meat, broad category",6.667,APU0000FC2101
2022-12-01,2022,12,All Uncooked Beef Roasts,lb. (453.6 gm),"Meat, broad category",6.724,APU0000FC2101
2023-01-01,2023,1,All Uncooked Beef Roasts,lb. (453.6 gm),"Meat, broad category",6.765,APU0000FC2101
2023-02-01,2023,2,All Uncooked Beef Roasts,lb. (453.6 gm),"Meat, broad category",6.817,APU0000FC2101
2023-03-01,2023,3,All Uncooked Beef Roasts,lb. (453.6 gm),"Meat, broad category",6.765,APU0000FC2101
2023-04-01,2023,4,All Uncooked Beef Roasts,lb. (453.6 gm),"Meat, broad category",6.803,APU0000FC2101
2023-05-01,2023,5,All Uncooked Beef Roasts,lb. (453.6 gm),"Meat, broad category",7.064,APU0000FC2101
2023-06-01,2023,6,All Uncooked Beef Roasts,lb. (453.6 gm),"Meat, broad category",7.02,APU0000FC2101
2023-07-01,2023,7,All Uncooked Beef Roasts,lb. (453.6 gm),"Meat, broad category",7.203,APU0000FC2101
2023-08-01,2023,8,All Uncooked Beef Roasts,lb. (453.6 gm),"Meat, broad category",7.285,APU0000FC2101
2023-09-01,2023,9,All Uncooked Beef Roasts,lb. (453.6 gm),"Meat, broad category",7.251,APU0000FC2101
2023-10-01,2023,10,All Uncooked Beef Roasts,lb. (453.6 gm),"Meat, broad category",7.321,APU0000FC2101
2023-11-01,2023,11,All Uncooked Beef Roasts,lb. (453.6 gm),"Meat, broad category",7.482,APU0000FC2101
2023-12-01,2023,12,All Uncooked Beef Roasts,lb. (453.6 gm),"Meat, broad category",7.348,APU0000FC2101
2024-01-01,2024,1,All Uncooked Beef Roasts,lb. (453.6 gm),"Meat, broad category",7.268,APU0000FC2101
2024-02-01,2024,2,All Uncooked Beef Roasts,lb. (453.6 gm),"Meat, broad category",7.351,APU0000FC2101
2024-03-01,2024,3,All Uncooked Beef Roasts,lb. (453.6 gm),"Meat, broad category",7.395,APU0000FC2101
2024-04-01,2024,4,All Uncooked Beef Roasts,lb. (453.6 gm),"Meat, broad category",7.47,APU0000FC2101
2024-05-01,2024,5,All Uncooked Beef Roasts,lb. (453.6 gm),"Meat, broad category",7.47,APU0000FC2101
2024-06-01,2024,6,All Uncooked Beef Roasts,lb. (453.6 gm),"Meat, broad category",7.472,APU0000FC2101
2024-07-01,2024,7,All Uncooked Beef Roasts,lb. (453.6 gm),"Meat, broad category",7.638,APU0000FC2101
2024-08-01,2024,8,All Uncooked Beef Roasts,lb. (453.6 gm),"Meat, broad category",7.63,APU0000FC2101
2024-09-01,2024,9,All Uncooked Beef Roasts,lb. (453.6 gm),"Meat, broad category",7.582,APU0000FC2101
2024-10-01,2024,10,All Uncooked Beef Roasts,lb. (453.6 gm),"Meat, broad category",7.368,APU0000FC2101
2024-11-01,2024,11,All Uncooked Beef Roasts,lb. (453.6 gm),"Meat, broad category",7.598,APU0000FC2101
2024-12-01,2024,12,All Uncooked Beef Roasts,lb. (453.6 gm),"Meat, broad category",7.719,APU0000FC2101
2025-01-01,2025,1,All Uncooked Beef Roasts,lb. (453.6 gm),"Meat, broad category",7.718,APU0000FC2101
2025-02-01,2025,2,All Uncooked Beef Roasts,lb. (453.6 gm),"Meat, broad category",7.995,APU0000FC2101
2025-03-01,2025,3,All Uncooked Beef Roasts,lb. (453.6 gm),"Meat, broad category",7.992,APU0000FC2101
2025-04-01,2025,4,All Uncooked Beef Roasts,lb. (453.6 gm),"Meat, broad category",7.995,APU0000FC2101
2025-05-01,2025,5,All Uncooked Beef Roasts,lb. (453.6 gm),"Meat, broad category",7.939,APU0000FC2101
2025-06-01,2025,6,All Uncooked Beef Roasts,lb. (453.6 gm),"Meat, broad category",8.203,APU0000FC2101
2025-07-01,2025,7,All Uncooked Beef Roasts,lb. (453.6 gm),"Meat, broad category",8.397,APU0000FC2101
2025-08-01,2025,8,All Uncooked Beef Roasts,lb. (453.6 gm),"Meat, broad category",8.723,APU0000FC2101
2025-09-01,2025,9,All Uncooked Beef Roasts,lb. (453.6 gm),"Meat, broad category",9.04,APU0000FC2101
2025-11-01,2025,11,All Uncooked Beef Roasts,lb. (453.6 gm),"Meat, broad category",9.29,APU0000FC2101
2025-12-01,2025,12,All Uncooked Beef Roasts,lb. (453.6 gm),"Meat, broad category",9.033,APU0000FC2101
2026-01-01,2026,1,All Uncooked Beef Roasts,lb. (453.6 gm),"Meat, broad category",8.824,APU0000FC2101
2026-02-01,2026,2,All Uncooked Beef Roasts,lb. (453.6 gm),"Meat, broad category",8.926,APU0000FC2101
2026-03-01,2026,3,All Uncooked Beef Roasts,lb. (453.6 gm),"Meat, broad category",8.857,APU0000FC2101
2026-04-01,2026,4,All Uncooked Beef Roasts,lb. (453.6 gm),"Meat, broad category",9.408,APU0000FC2101
2026-05-01,2026,5,All Uncooked Beef Roasts,lb. (453.6 gm),"Meat, broad category",9.286,APU0000FC2101
2026-06-01,2026,6,All Uncooked Beef Roasts,lb. (453.6 gm),"Meat, broad category",9.434,APU0000FC2101
2026-07-01,2026,7,All Uncooked Beef Roasts,lb. (453.6 gm),"Meat, broad category",9.571,APU0000FC2101
2015-01-01,2015,1,All Uncooked Beef Steaks,lb. (453.6 gm),Beef,7.53,APU0000FC3101
2015-02-01,2015,2,All Uncooked Beef Steaks,lb. (453.6 gm),Beef,7.569,APU0000FC3101
2015-03-01,2015,3,All Uncooked Beef Steaks,lb. (453.6 gm),Beef,7.661,APU0000FC3101
2015-04-01,2015,4,All Uncooked Beef Steaks,lb. (453.6 gm),Beef,7.684,APU0000FC3101
2015-05-01,2015,5,All Uncooked Beef Steaks,lb. (453.6 gm),Beef,7.773,APU0000FC3101
2015-06-01,2015,6,All Uncooked Beef Steaks,lb. (453.6 gm),Beef,7.917,APU0000FC3101
2015-07-01,2015,7,All Uncooked Beef Steaks,lb. (453.6 gm),Beef,7.962,APU0000FC3101
2015-08-01,2015,8,All Uncooked Beef Steaks,lb. (453.6 gm),Beef,7.91,APU0000FC3101
2015-09-01,2015,9,All Uncooked Beef Steaks,lb. (453.6 gm),Beef,7.89,APU0000FC3101
2015-10-01,2015,10,All Uncooked Beef Steaks,lb. (453.6 gm),Beef,7.836,APU0000FC3101
2015-11-01,2015,11,All Uncooked Beef Steaks,lb. (453.6 gm),Beef,7.788,APU0000FC3101
2015-12-01,2015,12,All Uncooked Beef Steaks,lb. (453.6 gm),Beef,7.509,APU0000FC3101
2016-01-01,2016,1,All Uncooked Beef Steaks,lb. (453.6 gm),Beef,7.468,APU0000FC3101
2016-02-01,2016,2,All Uncooked Beef Steaks,lb. (453.6 gm),Beef,7.502,APU0000FC3101
2016-03-01,2016,3,All Uncooked Beef Steaks,lb. (453.6 gm),Beef,7.686,APU0000FC3101
2016-04-01,2016,4,All Uncooked Beef Steaks,lb. (453.6 gm),Beef,7.756,APU0000FC3101
2016-05-01,2016,5,All Uncooked Beef Steaks,lb. (453.6 gm),Beef,7.759,APU0000FC3101
2016-06-01,2016,6,All Uncooked Beef Steaks,lb. (453.6 gm),Beef,7.681,APU0000FC3101
2016-07-01,2016,7,All Uncooked Beef Steaks,lb. (453.6 gm),Beef,7.546,APU0000FC3101
2016-08-01,2016,8,All Uncooked Beef Steaks,lb. (453.6 gm),Beef,7.569,APU0000FC3101
2016-09-01,2016,9,All Uncooked Beef Steaks,lb. (453.6 gm),Beef,7.51,APU0000FC3101
2016-10-01,2016,10,All Uncooked Beef Steaks,lb. (453.6 gm),Beef,7.413,APU0000FC3101
2016-11-01,2016,11,All Uncooked Beef Steaks,lb. (453.6 gm),Beef,7.217,APU0000FC3101
2016-12-01,2016,12,All Uncooked Beef Steaks,lb. (453.6 gm),Beef,7.121,APU0000FC3101
2017-01-01,2017,1,All Uncooked Beef Steaks,lb. (453.6 gm),Beef,7.094,APU0000FC3101
2017-02-01,2017,2,All Uncooked Beef Steaks,lb. (453.6 gm),Beef,7.154,APU0000FC3101
2017-03-01,2017,3,All Uncooked Beef Steaks,lb. (453.6 gm),Beef,7.176,APU0000FC3101
2017-04-01,2017,4,All Uncooked Beef Steaks,lb. (453.6 gm),Beef,7.277,APU0000FC3101
2017-05-01,2017,5,All Uncooked Beef Steaks,lb. (453.6 gm),Beef,7.315,APU0000FC3101
2017-06-01,2017,6,All Uncooked Beef Steaks,lb. (453.6 gm),Beef,7.525,APU0000FC3101
2017-07-01,2017,7,All Uncooked Beef Steaks,lb. (453.6 gm),Beef,7.606,APU0000FC3101
2017-08-01,2017,8,All Uncooked Beef Steaks,lb. (453.6 gm),Beef,7.479,APU0000FC3101
2017-09-01,2017,9,All Uncooked Beef Steaks,lb. (453.6 gm),Beef,7.363,APU0000FC3101
2017-10-01,2017,10,All Uncooked Beef Steaks,lb. (453.6 gm),Beef,7.388,APU0000FC3101
2017-11-01,2017,11,All Uncooked Beef Steaks,lb. (453.6 gm),Beef,7.352,APU0000FC3101
2017-12-01,2017,12,All Uncooked Beef Steaks,lb. (453.6 gm),Beef,7.364,APU0000FC3101
2018-01-01,2018,1,All Uncooked Beef Steaks,lb. (453.6 gm),Beef,7.415,APU0000FC3101
2018-02-01,2018,2,All Uncooked Beef Steaks,lb. (453.6 gm),Beef,7.392,APU0000FC3101
2018-03-01,2018,3,All Uncooked Beef Steaks,lb. (453.6 gm),Beef,7.507,APU0000FC3101
2018-04-01,2018,4,All Uncooked Beef Steaks,lb. (453.6 gm),Beef,7.703,APU0000FC3101
2018-05-01,2018,5,All Uncooked Beef Steaks,lb. (453.6 gm),Beef,7.64,APU0000FC3101
2018-06-01,2018,6,All Uncooked Beef Steaks,lb. (453.6 gm),Beef,7.673,APU0000FC3101
2018-07-01,2018,7,All Uncooked Beef Steaks,lb. (453.6 gm),Beef,7.725,APU0000FC3101
2018-08-01,2018,8,All Uncooked Beef Steaks,lb. (453.6 gm),Beef,7.724,APU0000FC3101
2018-09-01,2018,9,All Uncooked Beef Steaks,lb. (453.6 gm),Beef,7.678,APU0000FC3101
2018-10-01,2018,10,All Uncooked Beef Steaks,lb. (453.6 gm),Beef,7.595,APU0000FC3101
2018-11-01,2018,11,All Uncooked Beef Steaks,lb. (453.6 gm),Beef,7.572,APU0000FC3101
2018-12-01,2018,12,All Uncooked Beef Steaks,lb. (453.6 gm),Beef,7.579,APU0000FC3101
2019-01-01,2019,1,All Uncooked Beef Steaks,lb. (453.6 gm),Beef,7.598,APU0000FC3101
2019-02-01,2019,2,All Uncooked Beef Steaks,lb. (453.6 gm),Beef,7.597,APU0000FC3101
2019-03-01,2019,3,All Uncooked Beef Steaks,lb. (453.6 gm),Beef,7.74,APU0000FC3101
2019-04-01,2019,4,All Uncooked Beef Steaks,lb. (453.6 gm),Beef,7.755,APU0000FC3101
2019-05-01,2019,5,All Uncooked Beef Steaks,lb. (453.6 gm),Beef,7.798,APU0000FC3101
2019-06-01,2019,6,All Uncooked Beef Steaks,lb. (453.6 gm),Beef,7.679,APU0000FC3101
2019-07-01,2019,7,All Uncooked Beef Steaks,lb. (453.6 gm),Beef,7.716,APU0000FC3101
2019-08-01,2019,8,All Uncooked Beef Steaks,lb. (453.6 gm),Beef,7.652,APU0000FC3101
2019-09-01,2019,9,All Uncooked Beef Steaks,lb. (453.6 gm),Beef,7.658,APU0000FC3101
2019-10-01,2019,10,All Uncooked Beef Steaks,lb. (453.6 gm),Beef,7.667,APU0000FC3101
2019-11-01,2019,11,All Uncooked Beef Steaks,lb. (453.6 gm),Beef,7.535,APU0000FC3101
2019-12-01,2019,12,All Uncooked Beef Steaks,lb. (453.6 gm),Beef,7.709,APU0000FC3101
2020-01-01,2020,1,All Uncooked Beef Steaks,lb. (453.6 gm),Beef,7.653,APU0000FC3101
2020-02-01,2020,2,All Uncooked Beef Steaks,lb. (453.6 gm),Beef,7.642,APU0000FC3101
2020-03-01,2020,3,All Uncooked Beef Steaks,lb. (453.6 gm),Beef,7.676,APU0000FC3101
2020-04-01,2020,4,All Uncooked Beef Steaks,lb. (453.6 gm),Beef,7.951,APU0000FC3101
2020-05-01,2020,5,All Uncooked Beef Steaks,lb. (453.6 gm),Beef,8.957,APU0000FC3101
2020-06-01,2020,6,All Uncooked Beef Steaks,lb. (453.6 gm),Beef,9.518,APU0000FC3101
2020-07-01,2020,7,All Uncooked Beef Steaks,lb. (453.6 gm),Beef,8.698,APU0000FC3101
2020-08-01,2020,8,All Uncooked Beef Steaks,lb. (453.6 gm),Beef,8.213,APU0000FC3101
2020-09-01,2020,9,All Uncooked Beef Steaks,lb. (453.6 gm),Beef,8.133,APU0000FC3101
2020-10-01,2020,10,All Uncooked Beef Steaks,lb. (453.6 gm),Beef,8.154,APU0000FC3101
2020-11-01,2020,11,All Uncooked Beef Steaks,lb. (453.6 gm),Beef,8.081,APU0000FC3101
2020-12-01,2020,12,All Uncooked Beef Steaks,lb. (453.6 gm),Beef,8.085,APU0000FC3101
2021-01-01,2021,1,All Uncooked Beef Steaks,lb. (453.6 gm),Beef,8.25,APU0000FC3101
2021-02-01,2021,2,All Uncooked Beef Steaks,lb. (453.6 gm),Beef,8.281,APU0000FC3101
2021-03-01,2021,3,All Uncooked Beef Steaks,lb. (453.6 gm),Beef,8.383,APU0000FC3101
2021-04-01,2021,4,All Uncooked Beef Steaks,lb. (453.6 gm),Beef,8.656,APU0000FC3101
2021-05-01,2021,5,All Uncooked Beef Steaks,lb. (453.6 gm),Beef,9.12,APU0000FC3101
2021-06-01,2021,6,All Uncooked Beef Steaks,lb. (453.6 gm),Beef,9.747,APU0000FC3101
2021-07-01,2021,7,All Uncooked Beef Steaks,lb. (453.6 gm),Beef,9.67,APU0000FC3101
2021-08-01,2021,8,All Uncooked Beef Steaks,lb. (453.6 gm),Beef,9.652,APU0000FC3101
2021-09-01,2021,9,All Uncooked Beef Steaks,lb. (453.6 gm),Beef,9.912,APU0000FC3101
2021-10-01,2021,10,All Uncooked Beef Steaks,lb. (453.6 gm),Beef,10.209,APU0000FC3101
2021-11-01,2021,11,All Uncooked Beef Steaks,lb. (453.6 gm),Beef,10.228,APU0000FC3101
2021-12-01,2021,12,All Uncooked Beef Steaks,lb. (453.6 gm),Beef,9.933,APU0000FC3101
2022-01-01,2022,1,All Uncooked Beef Steaks,lb. (453.6 gm),Beef,9.825,APU0000FC3101
2022-02-01,2022,2,All Uncooked Beef Steaks,lb. (453.6 gm),Beef,9.753,APU0000FC3101
2022-03-01,2022,3,All Uncooked Beef Steaks,lb. (453.6 gm),Beef,9.786,APU0000FC3101
2022-04-01,2022,4,All Uncooked Beef Steaks,lb. (453.6 gm),Beef,9.701,APU0000FC3101
2022-05-01,2022,5,All Uncooked Beef Steaks,lb. (453.6 gm),Beef,9.69,APU0000FC3101
2022-06-01,2022,6,All Uncooked Beef Steaks,lb. (453.6 gm),Beef,9.83,APU0000FC3101
2022-07-01,2022,7,All Uncooked Beef Steaks,lb. (453.6 gm),Beef,9.709,APU0000FC3101
2022-08-01,2022,8,All Uncooked Beef Steaks,lb. (453.6 gm),Beef,9.535,APU0000FC3101
2022-09-01,2022,9,All Uncooked Beef Steaks,lb. (453.6 gm),Beef,9.592,APU0000FC3101
2022-10-01,2022,10,All Uncooked Beef Steaks,lb. (453.6 gm),Beef,9.712,APU0000FC3101
2022-11-01,2022,11,All Uncooked Beef Steaks,lb. (453.6 gm),Beef,9.541,APU0000FC3101
2022-12-01,2022,12,All Uncooked Beef Steaks,lb. (453.6 gm),Beef,9.46,APU0000FC3101
2023-01-01,2023,1,All Uncooked Beef Steaks,lb. (453.6 gm),Beef,9.582,APU0000FC3101
2023-02-01,2023,2,All Uncooked Beef Steaks,lb. (453.6 gm),Beef,9.68,APU0000FC3101
2023-03-01,2023,3,All Uncooked Beef Steaks,lb. (453.6 gm),Beef,9.81,APU0000FC3101
2023-04-01,2023,4,All Uncooked Beef Steaks,lb. (453.6 gm),Beef,9.957,APU0000FC3101
2023-05-01,2023,5,All Uncooked Beef Steaks,lb. (453.6 gm),Beef,10.223,APU0000FC3101
2023-06-01,2023,6,All Uncooked Beef Steaks,lb. (453.6 gm),Beef,10.359,APU0000FC3101
2023-07-01,2023,7,All Uncooked Beef Steaks,lb. (453.6 gm),Beef,10.633,APU0000FC3101
2023-08-01,2023,8,All Uncooked Beef Steaks,lb. (453.6 gm),Beef,10.75,APU0000FC3101
2023-09-01,2023,9,All Uncooked Beef Steaks,lb. (453.6 gm),Beef,10.771,APU0000FC3101
2023-10-01,2023,10,All Uncooked Beef Steaks,lb. (453.6 gm),Beef,10.834,APU0000FC3101
2023-11-01,2023,11,All Uncooked Beef Steaks,lb. (453.6 gm),Beef,10.482,APU0000FC3101
2023-12-01,2023,12,All Uncooked Beef Steaks,lb. (453.6 gm),Beef,10.646,APU0000FC3101
2024-01-01,2024,1,All Uncooked Beef Steaks,lb. (453.6 gm),Beef,10.686,APU0000FC3101
2024-02-01,2024,2,All Uncooked Beef Steaks,lb. (453.6 gm),Beef,10.53,APU0000FC3101
2024-03-01,2024,3,All Uncooked Beef Steaks,lb. (453.6 gm),Beef,10.594,APU0000FC3101
2024-04-01,2024,4,All Uncooked Beef Steaks,lb. (453.6 gm),Beef,10.745,APU0000FC3101
2024-05-01,2024,5,All Uncooked Beef Steaks,lb. (453.6 gm),Beef,10.734,APU0000FC3101
2024-06-01,2024,6,All Uncooked Beef Steaks,lb. (453.6 gm),Beef,10.635,APU0000FC3101
2024-07-01,2024,7,All Uncooked Beef Steaks,lb. (453.6 gm),Beef,10.856,APU0000FC3101
2024-08-01,2024,8,All Uncooked Beef Steaks,lb. (453.6 gm),Beef,10.875,APU0000FC3101
2024-09-01,2024,9,All Uncooked Beef Steaks,lb. (453.6 gm),Beef,10.882,APU0000FC3101
2024-10-01,2024,10,All Uncooked Beef Steaks,lb. (453.6 gm),Beef,10.565,APU0000FC3101
2024-11-01,2024,11,All Uncooked Beef Steaks,lb. (453.6 gm),Beef,10.673,APU0000FC3101
2024-12-01,2024,12,All Uncooked Beef Steaks,lb. (453.6 gm),Beef,10.626,APU0000FC3101
2025-01-01,2025,1,All Uncooked Beef Steaks,lb. (453.6 gm),Beef,10.905,APU0000FC3101
2025-02-01,2025,2,All Uncooked Beef Steaks,lb. (453.6 gm),Beef,10.868,APU0000FC3101
2025-03-01,2025,3,All Uncooked Beef Steaks,lb. (453.6 gm),Beef,10.98,APU0000FC3101
2025-04-01,2025,4,All Uncooked Beef Steaks,lb. (453.6 gm),Beef,11.12,APU0000FC3101
2025-05-01,2025,5,All Uncooked Beef Steaks,lb. (453.6 gm),Beef,11.032,APU0000FC3101
2025-06-01,2025,6,All Uncooked Beef Steaks,lb. (453.6 gm),Beef,11.491,APU0000FC3101
2025-07-01,2025,7,All Uncooked Beef Steaks,lb. (453.6 gm),Beef,11.875,APU0000FC3101
2025-08-01,2025,8,All Uncooked Beef Steaks,lb. (453.6 gm),Beef,12.222,APU0000FC3101
2025-09-01,2025,9,All Uncooked Beef Steaks,lb. (453.6 gm),Beef,12.262,APU0000FC3101
2025-11-01,2025,11,All Uncooked Beef Steaks,lb. (453.6 gm),Beef,12.285,APU0000FC3101
2025-12-01,2025,12,All Uncooked Beef Steaks,lb. (453.6 gm),Beef,12.512,APU0000FC3101
2026-01-01,2026,1,All Uncooked Beef Steaks,lb. (453.6 gm),Beef,12.302,APU0000FC3101
2026-02-01,2026,2,All Uncooked Beef Steaks,lb. (453.6 gm),Beef,12.739,APU0000FC3101
2026-03-01,2026,3,All Uncooked Beef Steaks,lb. (453.6 gm),Beef,12.732,APU0000FC3101
2026-04-01,2026,4,All Uncooked Beef Steaks,lb. (453.6 gm),Beef,13.024,APU0000FC3101
2026-05-01,2026,5,All Uncooked Beef Steaks,lb. (453.6 gm),Beef,12.802,APU0000FC3101
2026-06-01,2026,6,All Uncooked Beef Steaks,lb. (453.6 gm),Beef,12.879,APU0000FC3101
2026-07-01,2026,7,All Uncooked Beef Steaks,lb. (453.6 gm),Beef,13.064,APU0000FC3101
2015-01-01,2015,1,All Uncooked Other Beef (Excluding Veal),lb. (453.6 gm),"Meat, broad category",4.734,APU0000FC4101
2015-02-01,2015,2,All Uncooked Other Beef (Excluding Veal),lb. (453.6 gm),"Meat, broad category",4.684,APU0000FC4101
2015-03-01,2015,3,All Uncooked Other Beef (Excluding Veal),lb. (453.6 gm),"Meat, broad category",4.709,APU0000FC4101
2015-04-01,2015,4,All Uncooked Other Beef (Excluding Veal),lb. (453.6 gm),"Meat, broad category",4.702,APU0000FC4101
2015-05-01,2015,5,All Uncooked Other Beef (Excluding Veal),lb. (453.6 gm),"Meat, broad category",4.59,APU0000FC4101
2015-06-01,2015,6,All Uncooked Other Beef (Excluding Veal),lb. (453.6 gm),"Meat, broad category",4.696,APU0000FC4101
2015-07-01,2015,7,All Uncooked Other Beef (Excluding Veal),lb. (453.6 gm),"Meat, broad category",4.738,APU0000FC4101
2015-08-01,2015,8,All Uncooked Other Beef (Excluding Veal),lb. (453.6 gm),"Meat, broad category",4.7,APU0000FC4101
2015-09-01,2015,9,All Uncooked Other Beef (Excluding Veal),lb. (453.6 gm),"Meat, broad category",4.684,APU0000FC4101
2015-10-01,2015,10,All Uncooked Other Beef (Excluding Veal),lb. (453.6 gm),"Meat, broad category",4.648,APU0000FC4101
2015-11-01,2015,11,All Uncooked Other Beef (Excluding Veal),lb. (453.6 gm),"Meat, broad category",4.541,APU0000FC4101
2015-12-01,2015,12,All Uncooked Other Beef (Excluding Veal),lb. (453.6 gm),"Meat, broad category",4.505,APU0000FC4101
2016-01-01,2016,1,All Uncooked Other Beef (Excluding Veal),lb. (453.6 gm),"Meat, broad category",4.437,APU0000FC4101
2016-02-01,2016,2,All Uncooked Other Beef (Excluding Veal),lb. (453.6 gm),"Meat, broad category",4.539,APU0000FC4101
2016-03-01,2016,3,All Uncooked Other Beef (Excluding Veal),lb. (453.6 gm),"Meat, broad category",4.503,APU0000FC4101
2016-04-01,2016,4,All Uncooked Other Beef (Excluding Veal),lb. (453.6 gm),"Meat, broad category",4.53,APU0000FC4101
2016-05-01,2016,5,All Uncooked Other Beef (Excluding Veal),lb. (453.6 gm),"Meat, broad category",4.451,APU0000FC4101
2016-06-01,2016,6,All Uncooked Other Beef (Excluding Veal),lb. (453.6 gm),"Meat, broad category",4.517,APU0000FC4101
2016-07-01,2016,7,All Uncooked Other Beef (Excluding Veal),lb. (453.6 gm),"Meat, broad category",4.521,APU0000FC4101
2016-08-01,2016,8,All Uncooked Other Beef (Excluding Veal),lb. (453.6 gm),"Meat, broad category",4.508,APU0000FC4101
2016-09-01,2016,9,All Uncooked Other Beef (Excluding Veal),lb. (453.6 gm),"Meat, broad category",4.503,APU0000FC4101
2016-10-01,2016,10,All Uncooked Other Beef (Excluding Veal),lb. (453.6 gm),"Meat, broad category",4.497,APU0000FC4101
2016-11-01,2016,11,All Uncooked Other Beef (Excluding Veal),lb. (453.6 gm),"Meat, broad category",4.451,APU0000FC4101
2016-12-01,2016,12,All Uncooked Other Beef (Excluding Veal),lb. (453.6 gm),"Meat, broad category",4.517,APU0000FC4101
2017-01-01,2017,1,All Uncooked Other Beef (Excluding Veal),lb. (453.6 gm),"Meat, broad category",4.447,APU0000FC4101
2017-02-01,2017,2,All Uncooked Other Beef (Excluding Veal),lb. (453.6 gm),"Meat, broad category",4.472,APU0000FC4101
2017-03-01,2017,3,All Uncooked Other Beef (Excluding Veal),lb. (453.6 gm),"Meat, broad category",4.406,APU0000FC4101
2017-04-01,2017,4,All Uncooked Other Beef (Excluding Veal),lb. (453.6 gm),"Meat, broad category",4.497,APU0000FC4101
2017-05-01,2017,5,All Uncooked Other Beef (Excluding Veal),lb. (453.6 gm),"Meat, broad category",4.567,APU0000FC4101
2017-06-01,2017,6,All Uncooked Other Beef (Excluding Veal),lb. (453.6 gm),"Meat, broad category",4.716,APU0000FC4101
2017-07-01,2017,7,All Uncooked Other Beef (Excluding Veal),lb. (453.6 gm),"Meat, broad category",4.733,APU0000FC4101
2017-08-01,2017,8,All Uncooked Other Beef (Excluding Veal),lb. (453.6 gm),"Meat, broad category",4.782,APU0000FC4101
2017-09-01,2017,9,All Uncooked Other Beef (Excluding Veal),lb. (453.6 gm),"Meat, broad category",4.672,APU0000FC4101
2017-10-01,2017,10,All Uncooked Other Beef (Excluding Veal),lb. (453.6 gm),"Meat, broad category",4.549,APU0000FC4101
2017-11-01,2017,11,All Uncooked Other Beef (Excluding Veal),lb. (453.6 gm),"Meat, broad category",4.622,APU0000FC4101
2017-12-01,2017,12,All Uncooked Other Beef (Excluding Veal),lb. (453.6 gm),"Meat, broad category",4.653,APU0000FC4101
2018-01-01,2018,1,All Uncooked Other Beef (Excluding Veal),lb. (453.6 gm),"Meat, broad category",4.431,APU0000FC4101
2018-02-01,2018,2,All Uncooked Other Beef (Excluding Veal),lb. (453.6 gm),"Meat, broad category",4.483,APU0000FC4101
2018-03-01,2018,3,All Uncooked Other Beef (Excluding Veal),lb. (453.6 gm),"Meat, broad category",4.524,APU0000FC4101
2018-04-01,2018,4,All Uncooked Other Beef (Excluding Veal),lb. (453.6 gm),"Meat, broad category",4.451,APU0000FC4101
2018-05-01,2018,5,All Uncooked Other Beef (Excluding Veal),lb. (453.6 gm),"Meat, broad category",4.579,APU0000FC4101
2018-06-01,2018,6,All Uncooked Other Beef (Excluding Veal),lb. (453.6 gm),"Meat, broad category",4.8,APU0000FC4101
2018-07-01,2018,7,All Uncooked Other Beef (Excluding Veal),lb. (453.6 gm),"Meat, broad category",4.764,APU0000FC4101
2018-08-01,2018,8,All Uncooked Other Beef (Excluding Veal),lb. (453.6 gm),"Meat, broad category",4.789,APU0000FC4101
2018-09-01,2018,9,All Uncooked Other Beef (Excluding Veal),lb. (453.6 gm),"Meat, broad category",4.745,APU0000FC4101
2018-10-01,2018,10,All Uncooked Other Beef (Excluding Veal),lb. (453.6 gm),"Meat, broad category",4.78,APU0000FC4101
2018-11-01,2018,11,All Uncooked Other Beef (Excluding Veal),lb. (453.6 gm),"Meat, broad category",4.835,APU0000FC4101
2018-12-01,2018,12,All Uncooked Other Beef (Excluding Veal),lb. (453.6 gm),"Meat, broad category",4.73,APU0000FC4101
2019-01-01,2019,1,All Uncooked Other Beef (Excluding Veal),lb. (453.6 gm),"Meat, broad category",4.778,APU0000FC4101
2019-02-01,2019,2,All Uncooked Other Beef (Excluding Veal),lb. (453.6 gm),"Meat, broad category",4.797,APU0000FC4101
2019-03-01,2019,3,All Uncooked Other Beef (Excluding Veal),lb. (453.6 gm),"Meat, broad category",4.875,APU0000FC4101
2019-04-01,2019,4,All Uncooked Other Beef (Excluding Veal),lb. (453.6 gm),"Meat, broad category",4.931,APU0000FC4101
2019-05-01,2019,5,All Uncooked Other Beef (Excluding Veal),lb. (453.6 gm),"Meat, broad category",4.905,APU0000FC4101
2019-06-01,2019,6,All Uncooked Other Beef (Excluding Veal),lb. (453.6 gm),"Meat, broad category",4.976,APU0000FC4101
2019-07-01,2019,7,All Uncooked Other Beef (Excluding Veal),lb. (453.6 gm),"Meat, broad category",4.998,APU0000FC4101
2019-08-01,2019,8,All Uncooked Other Beef (Excluding Veal),lb. (453.6 gm),"Meat, broad category",5.0,APU0000FC4101
2019-09-01,2019,9,All Uncooked Other Beef (Excluding Veal),lb. (453.6 gm),"Meat, broad category",5.018,APU0000FC4101
2019-10-01,2019,10,All Uncooked Other Beef (Excluding Veal),lb. (453.6 gm),"Meat, broad category",4.941,APU0000FC4101
2019-11-01,2019,11,All Uncooked Other Beef (Excluding Veal),lb. (453.6 gm),"Meat, broad category",5.032,APU0000FC4101
2019-12-01,2019,12,All Uncooked Other Beef (Excluding Veal),lb. (453.6 gm),"Meat, broad category",5.053,APU0000FC4101
2020-01-01,2020,1,All Uncooked Other Beef (Excluding Veal),lb. (453.6 gm),"Meat, broad category",5.046,APU0000FC4101
2020-02-01,2020,2,All Uncooked Other Beef (Excluding Veal),lb. (453.6 gm),"Meat, broad category",5.148,APU0000FC4101
2020-03-01,2020,3,All Uncooked Other Beef (Excluding Veal),lb. (453.6 gm),"Meat, broad category",5.079,APU0000FC4101
2020-05-01,2020,5,All Uncooked Other Beef (Excluding Veal),lb. (453.6 gm),"Meat, broad category",5.691,APU0000FC4101
2020-06-01,2020,6,All Uncooked Other Beef (Excluding Veal),lb. (453.6 gm),"Meat, broad category",6.071,APU0000FC4101
2020-07-01,2020,7,All Uncooked Other Beef (Excluding Veal),lb. (453.6 gm),"Meat, broad category",5.672,APU0000FC4101
2020-08-01,2020,8,All Uncooked Other Beef (Excluding Veal),lb. (453.6 gm),"Meat, broad category",5.448,APU0000FC4101
2020-09-01,2020,9,All Uncooked Other Beef (Excluding Veal),lb. (453.6 gm),"Meat, broad category",5.442,APU0000FC4101
2020-10-01,2020,10,All Uncooked Other Beef (Excluding Veal),lb. (453.6 gm),"Meat, broad category",5.375,APU0000FC4101
2020-11-01,2020,11,All Uncooked Other Beef (Excluding Veal),lb. (453.6 gm),"Meat, broad category",5.482,APU0000FC4101
2020-12-01,2020,12,All Uncooked Other Beef (Excluding Veal),lb. (453.6 gm),"Meat, broad category",5.552,APU0000FC4101
2021-01-01,2021,1,All Uncooked Other Beef (Excluding Veal),lb. (453.6 gm),"Meat, broad category",5.632,APU0000FC4101
2021-02-01,2021,2,All Uncooked Other Beef (Excluding Veal),lb. (453.6 gm),"Meat, broad category",5.664,APU0000FC4101
2021-03-01,2021,3,All Uncooked Other Beef (Excluding Veal),lb. (453.6 gm),"Meat, broad category",5.57,APU0000FC4101
2021-04-01,2021,4,All Uncooked Other Beef (Excluding Veal),lb. (453.6 gm),"Meat, broad category",5.703,APU0000FC4101
2021-05-01,2021,5,All Uncooked Other Beef (Excluding Veal),lb. (453.6 gm),"Meat, broad category",5.954,APU0000FC4101
2021-06-01,2021,6,All Uncooked Other Beef (Excluding Veal),lb. (453.6 gm),"Meat, broad category",6.317,APU0000FC4101
2021-07-01,2021,7,All Uncooked Other Beef (Excluding Veal),lb. (453.6 gm),"Meat, broad category",6.37,APU0000FC4101
2021-08-01,2021,8,All Uncooked Other Beef (Excluding Veal),lb. (453.6 gm),"Meat, broad category",6.38,APU0000FC4101
2021-09-01,2021,9,All Uncooked Other Beef (Excluding Veal),lb. (453.6 gm),"Meat, broad category",6.64,APU0000FC4101
2021-10-01,2021,10,All Uncooked Other Beef (Excluding Veal),lb. (453.6 gm),"Meat, broad category",6.751,APU0000FC4101
2021-11-01,2021,11,All Uncooked Other Beef (Excluding Veal),lb. (453.6 gm),"Meat, broad category",7.011,APU0000FC4101
2021-12-01,2021,12,All Uncooked Other Beef (Excluding Veal),lb. (453.6 gm),"Meat, broad category",7.011,APU0000FC4101
2022-01-01,2022,1,All Uncooked Other Beef (Excluding Veal),lb. (453.6 gm),"Meat, broad category",6.771,APU0000FC4101
2022-02-01,2022,2,All Uncooked Other Beef (Excluding Veal),lb. (453.6 gm),"Meat, broad category",6.949,APU0000FC4101
2022-03-01,2022,3,All Uncooked Other Beef (Excluding Veal),lb. (453.6 gm),"Meat, broad category",6.987,APU0000FC4101
2022-04-01,2022,4,All Uncooked Other Beef (Excluding Veal),lb. (453.6 gm),"Meat, broad category",6.876,APU0000FC4101
2022-05-01,2022,5,All Uncooked Other Beef (Excluding Veal),lb. (453.6 gm),"Meat, broad category",6.605,APU0000FC4101
2022-06-01,2022,6,All Uncooked Other Beef (Excluding Veal),lb. (453.6 gm),"Meat, broad category",6.658,APU0000FC4101
2022-07-01,2022,7,All Uncooked Other Beef (Excluding Veal),lb. (453.6 gm),"Meat, broad category",6.805,APU0000FC4101
2022-08-01,2022,8,All Uncooked Other Beef (Excluding Veal),lb. (453.6 gm),"Meat, broad category",6.781,APU0000FC4101
2022-09-01,2022,9,All Uncooked Other Beef (Excluding Veal),lb. (453.6 gm),"Meat, broad category",6.773,APU0000FC4101
2022-10-01,2022,10,All Uncooked Other Beef (Excluding Veal),lb. (453.6 gm),"Meat, broad category",6.609,APU0000FC4101
2022-11-01,2022,11,All Uncooked Other Beef (Excluding Veal),lb. (453.6 gm),"Meat, broad category",6.505,APU0000FC4101
2022-12-01,2022,12,All Uncooked Other Beef (Excluding Veal),lb. (453.6 gm),"Meat, broad category",6.587,APU0000FC4101
2023-01-01,2023,1,All Uncooked Other Beef (Excluding Veal),lb. (453.6 gm),"Meat, broad category",6.596,APU0000FC4101
2023-02-01,2023,2,All Uncooked Other Beef (Excluding Veal),lb. (453.6 gm),"Meat, broad category",6.519,APU0000FC4101
2023-03-01,2023,3,All Uncooked Other Beef (Excluding Veal),lb. (453.6 gm),"Meat, broad category",6.477,APU0000FC4101
2023-04-01,2023,4,All Uncooked Other Beef (Excluding Veal),lb. (453.6 gm),"Meat, broad category",6.564,APU0000FC4101
2023-05-01,2023,5,All Uncooked Other Beef (Excluding Veal),lb. (453.6 gm),"Meat, broad category",6.473,APU0000FC4101
2023-06-01,2023,6,All Uncooked Other Beef (Excluding Veal),lb. (453.6 gm),"Meat, broad category",6.507,APU0000FC4101
2023-07-01,2023,7,All Uncooked Other Beef (Excluding Veal),lb. (453.6 gm),"Meat, broad category",6.769,APU0000FC4101
2023-08-01,2023,8,All Uncooked Other Beef (Excluding Veal),lb. (453.6 gm),"Meat, broad category",6.818,APU0000FC4101
2023-09-01,2023,9,All Uncooked Other Beef (Excluding Veal),lb. (453.6 gm),"Meat, broad category",6.831,APU0000FC4101
2023-10-01,2023,10,All Uncooked Other Beef (Excluding Veal),lb. (453.6 gm),"Meat, broad category",6.787,APU0000FC4101
2023-11-01,2023,11,All Uncooked Other Beef (Excluding Veal),lb. (453.6 gm),"Meat, broad category",6.999,APU0000FC4101
2023-12-01,2023,12,All Uncooked Other Beef (Excluding Veal),lb. (453.6 gm),"Meat, broad category",6.905,APU0000FC4101
2024-01-01,2024,1,All Uncooked Other Beef (Excluding Veal),lb. (453.6 gm),"Meat, broad category",6.918,APU0000FC4101
2024-02-01,2024,2,All Uncooked Other Beef (Excluding Veal),lb. (453.6 gm),"Meat, broad category",6.969,APU0000FC4101
2024-03-01,2024,3,All Uncooked Other Beef (Excluding Veal),lb. (453.6 gm),"Meat, broad category",7.041,APU0000FC4101
2024-04-01,2024,4,All Uncooked Other Beef (Excluding Veal),lb. (453.6 gm),"Meat, broad category",7.244,APU0000FC4101
2024-05-01,2024,5,All Uncooked Other Beef (Excluding Veal),lb. (453.6 gm),"Meat, broad category",7.026,APU0000FC4101
2024-06-01,2024,6,All Uncooked Other Beef (Excluding Veal),lb. (453.6 gm),"Meat, broad category",7.281,APU0000FC4101
2024-07-01,2024,7,All Uncooked Other Beef (Excluding Veal),lb. (453.6 gm),"Meat, broad category",7.216,APU0000FC4101
2024-08-01,2024,8,All Uncooked Other Beef (Excluding Veal),lb. (453.6 gm),"Meat, broad category",7.355,APU0000FC4101
2024-09-01,2024,9,All Uncooked Other Beef (Excluding Veal),lb. (453.6 gm),"Meat, broad category",7.359,APU0000FC4101
2024-10-01,2024,10,All Uncooked Other Beef (Excluding Veal),lb. (453.6 gm),"Meat, broad category",7.109,APU0000FC4101
2024-11-01,2024,11,All Uncooked Other Beef (Excluding Veal),lb. (453.6 gm),"Meat, broad category",7.088,APU0000FC4101
2024-12-01,2024,12,All Uncooked Other Beef (Excluding Veal),lb. (453.6 gm),"Meat, broad category",6.945,APU0000FC4101
2025-01-01,2025,1,All Uncooked Other Beef (Excluding Veal),lb. (453.6 gm),"Meat, broad category",6.926,APU0000FC4101
2025-02-01,2025,2,All Uncooked Other Beef (Excluding Veal),lb. (453.6 gm),"Meat, broad category",7.165,APU0000FC4101
2025-03-01,2025,3,All Uncooked Other Beef (Excluding Veal),lb. (453.6 gm),"Meat, broad category",7.204,APU0000FC4101
2025-04-01,2025,4,All Uncooked Other Beef (Excluding Veal),lb. (453.6 gm),"Meat, broad category",7.323,APU0000FC4101
2025-05-01,2025,5,All Uncooked Other Beef (Excluding Veal),lb. (453.6 gm),"Meat, broad category",7.35,APU0000FC4101
2025-06-01,2025,6,All Uncooked Other Beef (Excluding Veal),lb. (453.6 gm),"Meat, broad category",7.469,APU0000FC4101
2025-07-01,2025,7,All Uncooked Other Beef (Excluding Veal),lb. (453.6 gm),"Meat, broad category",7.621,APU0000FC4101
2025-08-01,2025,8,All Uncooked Other Beef (Excluding Veal),lb. (453.6 gm),"Meat, broad category",7.875,APU0000FC4101
2025-09-01,2025,9,All Uncooked Other Beef (Excluding Veal),lb. (453.6 gm),"Meat, broad category",7.883,APU0000FC4101
2025-11-01,2025,11,All Uncooked Other Beef (Excluding Veal),lb. (453.6 gm),"Meat, broad category",8.204,APU0000FC4101
2025-12-01,2025,12,All Uncooked Other Beef (Excluding Veal),lb. (453.6 gm),"Meat, broad category",8.11,APU0000FC4101
2026-01-01,2026,1,All Uncooked Other Beef (Excluding Veal),lb. (453.6 gm),"Meat, broad category",7.849,APU0000FC4101
2026-02-01,2026,2,All Uncooked Other Beef (Excluding Veal),lb. (453.6 gm),"Meat, broad category",7.713,APU0000FC4101
2026-03-01,2026,3,All Uncooked Other Beef (Excluding Veal),lb. (453.6 gm),"Meat, broad category",7.675,APU0000FC4101
2026-04-01,2026,4,All Uncooked Other Beef (Excluding Veal),lb. (453.6 gm),"Meat, broad category",7.916,APU0000FC4101
2026-05-01,2026,5,All Uncooked Other Beef (Excluding Veal),lb. (453.6 gm),"Meat, broad category",8.013,APU0000FC4101
2026-06-01,2026,6,All Uncooked Other Beef (Excluding Veal),lb. (453.6 gm),"Meat, broad category",8.222,APU0000FC4101
2026-07-01,2026,7,All Uncooked Other Beef (Excluding Veal),lb. (453.6 gm),"Meat, broad category",8.009,APU0000FC4101
2018-04-01,2018,4,All soft drinks,2 liters (67.6 oz),Drinks,1.443,APU0000FN1101
2018-05-01,2018,5,All soft drinks,2 liters (67.6 oz),Drinks,1.473,APU0000FN1101
2018-06-01,2018,6,All soft drinks,2 liters (67.6 oz),Drinks,1.477,APU0000FN1101
2018-07-01,2018,7,All soft drinks,2 liters (67.6 oz),Drinks,1.466,APU0000FN1101
2018-08-01,2018,8,All soft drinks,2 liters (67.6 oz),Drinks,1.492,APU0000FN1101
2018-09-01,2018,9,All soft drinks,2 liters (67.6 oz),Drinks,1.452,APU0000FN1101
2018-10-01,2018,10,All soft drinks,2 liters (67.6 oz),Drinks,1.439,APU0000FN1101
2018-11-01,2018,11,All soft drinks,2 liters (67.6 oz),Drinks,1.428,APU0000FN1101
2018-12-01,2018,12,All soft drinks,2 liters (67.6 oz),Drinks,1.466,APU0000FN1101
2019-01-01,2019,1,All soft drinks,2 liters (67.6 oz),Drinks,1.548,APU0000FN1101
2019-02-01,2019,2,All soft drinks,2 liters (67.6 oz),Drinks,1.582,APU0000FN1101
2019-03-01,2019,3,All soft drinks,2 liters (67.6 oz),Drinks,1.568,APU0000FN1101
2019-04-01,2019,4,All soft drinks,2 liters (67.6 oz),Drinks,1.535,APU0000FN1101
2019-05-01,2019,5,All soft drinks,2 liters (67.6 oz),Drinks,1.538,APU0000FN1101
2019-06-01,2019,6,All soft drinks,2 liters (67.6 oz),Drinks,1.579,APU0000FN1101
2019-07-01,2019,7,All soft drinks,2 liters (67.6 oz),Drinks,1.566,APU0000FN1101
2019-08-01,2019,8,All soft drinks,2 liters (67.6 oz),Drinks,1.585,APU0000FN1101
2019-09-01,2019,9,All soft drinks,2 liters (67.6 oz),Drinks,1.603,APU0000FN1101
2019-10-01,2019,10,All soft drinks,2 liters (67.6 oz),Drinks,1.567,APU0000FN1101
2019-11-01,2019,11,All soft drinks,2 liters (67.6 oz),Drinks,1.546,APU0000FN1101
2019-12-01,2019,12,All soft drinks,2 liters (67.6 oz),Drinks,1.483,APU0000FN1101
2020-01-01,2020,1,All soft drinks,2 liters (67.6 oz),Drinks,1.585,APU0000FN1101
2020-02-01,2020,2,All soft drinks,2 liters (67.6 oz),Drinks,1.611,APU0000FN1101
2020-03-01,2020,3,All soft drinks,2 liters (67.6 oz),Drinks,1.649,APU0000FN1101
2020-04-01,2020,4,All soft drinks,2 liters (67.6 oz),Drinks,1.717,APU0000FN1101
2020-05-01,2020,5,All soft drinks,2 liters (67.6 oz),Drinks,1.703,APU0000FN1101
2020-06-01,2020,6,All soft drinks,2 liters (67.6 oz),Drinks,1.685,APU0000FN1101
2020-07-01,2020,7,All soft drinks,2 liters (67.6 oz),Drinks,1.721,APU0000FN1101
2020-08-01,2020,8,All soft drinks,2 liters (67.6 oz),Drinks,1.692,APU0000FN1101
2020-09-01,2020,9,All soft drinks,2 liters (67.6 oz),Drinks,1.621,APU0000FN1101
2020-10-01,2020,10,All soft drinks,2 liters (67.6 oz),Drinks,1.716,APU0000FN1101
2020-11-01,2020,11,All soft drinks,2 liters (67.6 oz),Drinks,1.469,APU0000FN1101
2020-12-01,2020,12,All soft drinks,2 liters (67.6 oz),Drinks,1.611,APU0000FN1101
2021-01-01,2021,1,All soft drinks,2 liters (67.6 oz),Drinks,1.677,APU0000FN1101
2021-02-01,2021,2,All soft drinks,2 liters (67.6 oz),Drinks,1.668,APU0000FN1101
2021-03-01,2021,3,All soft drinks,2 liters (67.6 oz),Drinks,1.714,APU0000FN1101
2021-04-01,2021,4,All soft drinks,2 liters (67.6 oz),Drinks,1.685,APU0000FN1101
2021-05-01,2021,5,All soft drinks,2 liters (67.6 oz),Drinks,1.626,APU0000FN1101
2021-06-01,2021,6,All soft drinks,2 liters (67.6 oz),Drinks,1.646,APU0000FN1101
2021-07-01,2021,7,All soft drinks,2 liters (67.6 oz),Drinks,1.674,APU0000FN1101
2021-08-01,2021,8,All soft drinks,2 liters (67.6 oz),Drinks,1.676,APU0000FN1101
2021-09-01,2021,9,All soft drinks,2 liters (67.6 oz),Drinks,1.78,APU0000FN1101
2021-10-01,2021,10,All soft drinks,2 liters (67.6 oz),Drinks,1.763,APU0000FN1101
2021-11-01,2021,11,All soft drinks,2 liters (67.6 oz),Drinks,1.717,APU0000FN1101
2021-12-01,2021,12,All soft drinks,2 liters (67.6 oz),Drinks,1.706,APU0000FN1101
2022-01-01,2022,1,All soft drinks,2 liters (67.6 oz),Drinks,1.762,APU0000FN1101
2022-02-01,2022,2,All soft drinks,2 liters (67.6 oz),Drinks,1.801,APU0000FN1101
2022-03-01,2022,3,All soft drinks,2 liters (67.6 oz),Drinks,1.82,APU0000FN1101
2022-04-01,2022,4,All soft drinks,2 liters (67.6 oz),Drinks,1.82,APU0000FN1101
2022-05-01,2022,5,All soft drinks,2 liters (67.6 oz),Drinks,1.902,APU0000FN1101
2022-06-01,2022,6,All soft drinks,2 liters (67.6 oz),Drinks,1.949,APU0000FN1101
2022-07-01,2022,7,All soft drinks,2 liters (67.6 oz),Drinks,1.964,APU0000FN1101
2022-08-01,2022,8,All soft drinks,2 liters (67.6 oz),Drinks,2.028,APU0000FN1101
2022-09-01,2022,9,All soft drinks,2 liters (67.6 oz),Drinks,2.171,APU0000FN1101
2022-10-01,2022,10,All soft drinks,2 liters (67.6 oz),Drinks,2.247,APU0000FN1101
2022-11-01,2022,11,All soft drinks,2 liters (67.6 oz),Drinks,2.151,APU0000FN1101
2022-12-01,2022,12,All soft drinks,2 liters (67.6 oz),Drinks,2.129,APU0000FN1101
2023-01-01,2023,1,All soft drinks,2 liters (67.6 oz),Drinks,2.244,APU0000FN1101
2023-02-01,2023,2,All soft drinks,2 liters (67.6 oz),Drinks,2.305,APU0000FN1101
2023-03-01,2023,3,All soft drinks,2 liters (67.6 oz),Drinks,2.345,APU0000FN1101
2023-04-01,2023,4,All soft drinks,2 liters (67.6 oz),Drinks,2.398,APU0000FN1101
2023-05-01,2023,5,All soft drinks,2 liters (67.6 oz),Drinks,2.391,APU0000FN1101
2023-06-01,2023,6,All soft drinks,2 liters (67.6 oz),Drinks,2.334,APU0000FN1101
2023-07-01,2023,7,All soft drinks,2 liters (67.6 oz),Drinks,2.313,APU0000FN1101
2023-08-01,2023,8,All soft drinks,2 liters (67.6 oz),Drinks,2.305,APU0000FN1101
2023-09-01,2023,9,All soft drinks,2 liters (67.6 oz),Drinks,2.364,APU0000FN1101
2023-10-01,2023,10,All soft drinks,2 liters (67.6 oz),Drinks,2.357,APU0000FN1101
2023-11-01,2023,11,All soft drinks,2 liters (67.6 oz),Drinks,2.126,APU0000FN1101
2023-12-01,2023,12,All soft drinks,2 liters (67.6 oz),Drinks,2.111,APU0000FN1101
2024-01-01,2024,1,All soft drinks,2 liters (67.6 oz),Drinks,2.214,APU0000FN1101
2024-02-01,2024,2,All soft drinks,2 liters (67.6 oz),Drinks,2.245,APU0000FN1101
2024-03-01,2024,3,All soft drinks,2 liters (67.6 oz),Drinks,2.282,APU0000FN1101
2024-04-01,2024,4,All soft drinks,2 liters (67.6 oz),Drinks,2.277,APU0000FN1101
2024-05-01,2024,5,All soft drinks,2 liters (67.6 oz),Drinks,2.236,APU0000FN1101
2024-06-01,2024,6,All soft drinks,2 liters (67.6 oz),Drinks,2.021,APU0000FN1101
2024-07-01,2024,7,All soft drinks,2 liters (67.6 oz),Drinks,2.087,APU0000FN1101
2024-08-01,2024,8,All soft drinks,2 liters (67.6 oz),Drinks,2.056,APU0000FN1101
2024-09-01,2024,9,All soft drinks,2 liters (67.6 oz),Drinks,1.998,APU0000FN1101
2024-10-01,2024,10,All soft drinks,2 liters (67.6 oz),Drinks,2.032,APU0000FN1101
2024-11-01,2024,11,All soft drinks,2 liters (67.6 oz),Drinks,1.982,APU0000FN1101
2024-12-01,2024,12,All soft drinks,2 liters (67.6 oz),Drinks,1.845,APU0000FN1101
2025-01-01,2025,1,All soft drinks,2 liters (67.6 oz),Drinks,2.093,APU0000FN1101
2025-02-01,2025,2,All soft drinks,2 liters (67.6 oz),Drinks,2.101,APU0000FN1101
2025-03-01,2025,3,All soft drinks,2 liters (67.6 oz),Drinks,2.103,APU0000FN1101
2025-04-01,2025,4,All soft drinks,2 liters (67.6 oz),Drinks,2.104,APU0000FN1101
2025-05-01,2025,5,All soft drinks,2 liters (67.6 oz),Drinks,2.129,APU0000FN1101
2025-06-01,2025,6,All soft drinks,2 liters (67.6 oz),Drinks,2.183,APU0000FN1101
2025-07-01,2025,7,All soft drinks,2 liters (67.6 oz),Drinks,2.199,APU0000FN1101
2025-08-01,2025,8,All soft drinks,2 liters (67.6 oz),Drinks,2.208,APU0000FN1101
2025-09-01,2025,9,All soft drinks,2 liters (67.6 oz),Drinks,2.234,APU0000FN1101
2025-11-01,2025,11,All soft drinks,2 liters (67.6 oz),Drinks,2.093,APU0000FN1101
2025-12-01,2025,12,All soft drinks,2 liters (67.6 oz),Drinks,1.975,APU0000FN1101
2026-01-01,2026,1,All soft drinks,2 liters (67.6 oz),Drinks,2.115,APU0000FN1101
2026-02-01,2026,2,All soft drinks,2 liters (67.6 oz),Drinks,2.215,APU0000FN1101
2026-03-01,2026,3,All soft drinks,2 liters (67.6 oz),Drinks,2.204,APU0000FN1101
2026-04-01,2026,4,All soft drinks,2 liters (67.6 oz),Drinks,2.246,APU0000FN1101
2026-05-01,2026,5,All soft drinks,2 liters (67.6 oz),Drinks,2.195,APU0000FN1101
2026-06-01,2026,6,All soft drinks,2 liters (67.6 oz),Drinks,2.196,APU0000FN1101
2026-07-01,2026,7,All soft drinks,2 liters (67.6 oz),Drinks,2.265,APU0000FN1101
2018-04-01,2018,4,"All soft drinks, 12 pk, 12 oz., cans",12 oz. (354.9 ml),Drinks,0.336,APU0000FN1102
2018-05-01,2018,5,"All soft drinks, 12 pk, 12 oz., cans",12 oz. (354.9 ml),Drinks,0.326,APU0000FN1102
2018-06-01,2018,6,"All soft drinks, 12 pk, 12 oz., cans",12 oz. (354.9 ml),Drinks,0.327,APU0000FN1102
2018-07-01,2018,7,"All soft drinks, 12 pk, 12 oz., cans",12 oz. (354.9 ml),Drinks,0.334,APU0000FN1102
2018-08-01,2018,8,"All soft drinks, 12 pk, 12 oz., cans",12 oz. (354.9 ml),Drinks,0.343,APU0000FN1102
2018-09-01,2018,9,"All soft drinks, 12 pk, 12 oz., cans",12 oz. (354.9 ml),Drinks,0.352,APU0000FN1102
2018-10-01,2018,10,"All soft drinks, 12 pk, 12 oz., cans",12 oz. (354.9 ml),Drinks,0.366,APU0000FN1102
2018-11-01,2018,11,"All soft drinks, 12 pk, 12 oz., cans",12 oz. (354.9 ml),Drinks,0.349,APU0000FN1102
2018-12-01,2018,12,"All soft drinks, 12 pk, 12 oz., cans",12 oz. (354.9 ml),Drinks,0.333,APU0000FN1102
2019-01-01,2019,1,"All soft drinks, 12 pk, 12 oz., cans",12 oz. (354.9 ml),Drinks,0.347,APU0000FN1102
2019-02-01,2019,2,"All soft drinks, 12 pk, 12 oz., cans",12 oz. (354.9 ml),Drinks,0.354,APU0000FN1102
2019-03-01,2019,3,"All soft drinks, 12 pk, 12 oz., cans",12 oz. (354.9 ml),Drinks,0.363,APU0000FN1102
2019-04-01,2019,4,"All soft drinks, 12 pk, 12 oz., cans",12 oz. (354.9 ml),Drinks,0.349,APU0000FN1102
2019-05-01,2019,5,"All soft drinks, 12 pk, 12 oz., cans",12 oz. (354.9 ml),Drinks,0.351,APU0000FN1102
2019-06-01,2019,6,"All soft drinks, 12 pk, 12 oz., cans",12 oz. (354.9 ml),Drinks,0.341,APU0000FN1102
2019-07-01,2019,7,"All soft drinks, 12 pk, 12 oz., cans",12 oz. (354.9 ml),Drinks,0.336,APU0000FN1102
2019-08-01,2019,8,"All soft drinks, 12 pk, 12 oz., cans",12 oz. (354.9 ml),Drinks,0.338,APU0000FN1102
2019-09-01,2019,9,"All soft drinks, 12 pk, 12 oz., cans",12 oz. (354.9 ml),Drinks,0.345,APU0000FN1102
2019-10-01,2019,10,"All soft drinks, 12 pk, 12 oz., cans",12 oz. (354.9 ml),Drinks,0.347,APU0000FN1102
2019-11-01,2019,11,"All soft drinks, 12 pk, 12 oz., cans",12 oz. (354.9 ml),Drinks,0.344,APU0000FN1102
2019-12-01,2019,12,"All soft drinks, 12 pk, 12 oz., cans",12 oz. (354.9 ml),Drinks,0.345,APU0000FN1102
2020-01-01,2020,1,"All soft drinks, 12 pk, 12 oz., cans",12 oz. (354.9 ml),Drinks,0.361,APU0000FN1102
2020-02-01,2020,2,"All soft drinks, 12 pk, 12 oz., cans",12 oz. (354.9 ml),Drinks,0.361,APU0000FN1102
2020-03-01,2020,3,"All soft drinks, 12 pk, 12 oz., cans",12 oz. (354.9 ml),Drinks,0.373,APU0000FN1102
2020-04-01,2020,4,"All soft drinks, 12 pk, 12 oz., cans",12 oz. (354.9 ml),Drinks,0.381,APU0000FN1102
2020-05-01,2020,5,"All soft drinks, 12 pk, 12 oz., cans",12 oz. (354.9 ml),Drinks,0.373,APU0000FN1102
2020-06-01,2020,6,"All soft drinks, 12 pk, 12 oz., cans",12 oz. (354.9 ml),Drinks,0.398,APU0000FN1102
2020-07-01,2020,7,"All soft drinks, 12 pk, 12 oz., cans",12 oz. (354.9 ml),Drinks,0.385,APU0000FN1102
2020-08-01,2020,8,"All soft drinks, 12 pk, 12 oz., cans",12 oz. (354.9 ml),Drinks,0.392,APU0000FN1102
2020-09-01,2020,9,"All soft drinks, 12 pk, 12 oz., cans",12 oz. (354.9 ml),Drinks,0.397,APU0000FN1102
2020-10-01,2020,10,"All soft drinks, 12 pk, 12 oz., cans",12 oz. (354.9 ml),Drinks,0.4,APU0000FN1102
2020-11-01,2020,11,"All soft drinks, 12 pk, 12 oz., cans",12 oz. (354.9 ml),Drinks,0.394,APU0000FN1102
2020-12-01,2020,12,"All soft drinks, 12 pk, 12 oz., cans",12 oz. (354.9 ml),Drinks,0.394,APU0000FN1102
2021-01-01,2021,1,"All soft drinks, 12 pk, 12 oz., cans",12 oz. (354.9 ml),Drinks,0.411,APU0000FN1102
2021-02-01,2021,2,"All soft drinks, 12 pk, 12 oz., cans",12 oz. (354.9 ml),Drinks,0.402,APU0000FN1102
2021-03-01,2021,3,"All soft drinks, 12 pk, 12 oz., cans",12 oz. (354.9 ml),Drinks,0.407,APU0000FN1102
2021-04-01,2021,4,"All soft drinks, 12 pk, 12 oz., cans",12 oz. (354.9 ml),Drinks,0.397,APU0000FN1102
2021-05-01,2021,5,"All soft drinks, 12 pk, 12 oz., cans",12 oz. (354.9 ml),Drinks,0.387,APU0000FN1102
2021-06-01,2021,6,"All soft drinks, 12 pk, 12 oz., cans",12 oz. (354.9 ml),Drinks,0.396,APU0000FN1102
2021-07-01,2021,7,"All soft drinks, 12 pk, 12 oz., cans",12 oz. (354.9 ml),Drinks,0.399,APU0000FN1102
2021-08-01,2021,8,"All soft drinks, 12 pk, 12 oz., cans",12 oz. (354.9 ml),Drinks,0.404,APU0000FN1102
2021-09-01,2021,9,"All soft drinks, 12 pk, 12 oz., cans",12 oz. (354.9 ml),Drinks,0.419,APU0000FN1102
2021-10-01,2021,10,"All soft drinks, 12 pk, 12 oz., cans",12 oz. (354.9 ml),Drinks,0.436,APU0000FN1102
2021-11-01,2021,11,"All soft drinks, 12 pk, 12 oz., cans",12 oz. (354.9 ml),Drinks,0.431,APU0000FN1102
2021-12-01,2021,12,"All soft drinks, 12 pk, 12 oz., cans",12 oz. (354.9 ml),Drinks,0.44,APU0000FN1102
2022-01-01,2022,1,"All soft drinks, 12 pk, 12 oz., cans",12 oz. (354.9 ml),Drinks,0.449,APU0000FN1102
2022-02-01,2022,2,"All soft drinks, 12 pk, 12 oz., cans",12 oz. (354.9 ml),Drinks,0.456,APU0000FN1102
2022-03-01,2022,3,"All soft drinks, 12 pk, 12 oz., cans",12 oz. (354.9 ml),Drinks,0.478,APU0000FN1102
2022-04-01,2022,4,"All soft drinks, 12 pk, 12 oz., cans",12 oz. (354.9 ml),Drinks,0.477,APU0000FN1102
2022-05-01,2022,5,"All soft drinks, 12 pk, 12 oz., cans",12 oz. (354.9 ml),Drinks,0.473,APU0000FN1102
2022-06-01,2022,6,"All soft drinks, 12 pk, 12 oz., cans",12 oz. (354.9 ml),Drinks,0.489,APU0000FN1102
2022-07-01,2022,7,"All soft drinks, 12 pk, 12 oz., cans",12 oz. (354.9 ml),Drinks,0.506,APU0000FN1102
2022-08-01,2022,8,"All soft drinks, 12 pk, 12 oz., cans",12 oz. (354.9 ml),Drinks,0.531,APU0000FN1102
2022-09-01,2022,9,"All soft drinks, 12 pk, 12 oz., cans",12 oz. (354.9 ml),Drinks,0.514,APU0000FN1102
2022-10-01,2022,10,"All soft drinks, 12 pk, 12 oz., cans",12 oz. (354.9 ml),Drinks,0.529,APU0000FN1102
2022-11-01,2022,11,"All soft drinks, 12 pk, 12 oz., cans",12 oz. (354.9 ml),Drinks,0.526,APU0000FN1102
2022-12-01,2022,12,"All soft drinks, 12 pk, 12 oz., cans",12 oz. (354.9 ml),Drinks,0.541,APU0000FN1102
2023-01-01,2023,1,"All soft drinks, 12 pk, 12 oz., cans",12 oz. (354.9 ml),Drinks,0.544,APU0000FN1102
2023-02-01,2023,2,"All soft drinks, 12 pk, 12 oz., cans",12 oz. (354.9 ml),Drinks,0.537,APU0000FN1102
2023-03-01,2023,3,"All soft drinks, 12 pk, 12 oz., cans",12 oz. (354.9 ml),Drinks,0.559,APU0000FN1102
2023-04-01,2023,4,"All soft drinks, 12 pk, 12 oz., cans",12 oz. (354.9 ml),Drinks,0.551,APU0000FN1102
2023-05-01,2023,5,"All soft drinks, 12 pk, 12 oz., cans",12 oz. (354.9 ml),Drinks,0.537,APU0000FN1102
2023-06-01,2023,6,"All soft drinks, 12 pk, 12 oz., cans",12 oz. (354.9 ml),Drinks,0.55,APU0000FN1102
2023-07-01,2023,7,"All soft drinks, 12 pk, 12 oz., cans",12 oz. (354.9 ml),Drinks,0.551,APU0000FN1102
2023-08-01,2023,8,"All soft drinks, 12 pk, 12 oz., cans",12 oz. (354.9 ml),Drinks,0.573,APU0000FN1102
2023-09-01,2023,9,"All soft drinks, 12 pk, 12 oz., cans",12 oz. (354.9 ml),Drinks,0.554,APU0000FN1102
2023-10-01,2023,10,"All soft drinks, 12 pk, 12 oz., cans",12 oz. (354.9 ml),Drinks,0.564,APU0000FN1102
2023-11-01,2023,11,"All soft drinks, 12 pk, 12 oz., cans",12 oz. (354.9 ml),Drinks,0.551,APU0000FN1102
2023-12-01,2023,12,"All soft drinks, 12 pk, 12 oz., cans",12 oz. (354.9 ml),Drinks,0.567,APU0000FN1102
2024-01-01,2024,1,"All soft drinks, 12 pk, 12 oz., cans",12 oz. (354.9 ml),Drinks,0.613,APU0000FN1102
2024-02-01,2024,2,"All soft drinks, 12 pk, 12 oz., cans",12 oz. (354.9 ml),Drinks,0.581,APU0000FN1102
2024-03-01,2024,3,"All soft drinks, 12 pk, 12 oz., cans",12 oz. (354.9 ml),Drinks,0.573,APU0000FN1102
2024-04-01,2024,4,"All soft drinks, 12 pk, 12 oz., cans",12 oz. (354.9 ml),Drinks,0.593,APU0000FN1102
2024-05-01,2024,5,"All soft drinks, 12 pk, 12 oz., cans",12 oz. (354.9 ml),Drinks,0.563,APU0000FN1102
2024-06-01,2024,6,"All soft drinks, 12 pk, 12 oz., cans",12 oz. (354.9 ml),Drinks,0.564,APU0000FN1102
2024-07-01,2024,7,"All soft drinks, 12 pk, 12 oz., cans",12 oz. (354.9 ml),Drinks,0.577,APU0000FN1102
2024-08-01,2024,8,"All soft drinks, 12 pk, 12 oz., cans",12 oz. (354.9 ml),Drinks,0.583,APU0000FN1102
2024-09-01,2024,9,"All soft drinks, 12 pk, 12 oz., cans",12 oz. (354.9 ml),Drinks,0.576,APU0000FN1102
2024-10-01,2024,10,"All soft drinks, 12 pk, 12 oz., cans",12 oz. (354.9 ml),Drinks,0.567,APU0000FN1102
2024-11-01,2024,11,"All soft drinks, 12 pk, 12 oz., cans",12 oz. (354.9 ml),Drinks,0.551,APU0000FN1102
2024-12-01,2024,12,"All soft drinks, 12 pk, 12 oz., cans",12 oz. (354.9 ml),Drinks,0.541,APU0000FN1102
2025-01-01,2025,1,"All soft drinks, 12 pk, 12 oz., cans",12 oz. (354.9 ml),Drinks,0.582,APU0000FN1102
2025-02-01,2025,2,"All soft drinks, 12 pk, 12 oz., cans",12 oz. (354.9 ml),Drinks,0.572,APU0000FN1102
2025-03-01,2025,3,"All soft drinks, 12 pk, 12 oz., cans",12 oz. (354.9 ml),Drinks,0.583,APU0000FN1102
2025-04-01,2025,4,"All soft drinks, 12 pk, 12 oz., cans",12 oz. (354.9 ml),Drinks,0.581,APU0000FN1102
2025-05-01,2025,5,"All soft drinks, 12 pk, 12 oz., cans",12 oz. (354.9 ml),Drinks,0.558,APU0000FN1102
2025-06-01,2025,6,"All soft drinks, 12 pk, 12 oz., cans",12 oz. (354.9 ml),Drinks,0.579,APU0000FN1102
2025-07-01,2025,7,"All soft drinks, 12 pk, 12 oz., cans",12 oz. (354.9 ml),Drinks,0.565,APU0000FN1102
2025-08-01,2025,8,"All soft drinks, 12 pk, 12 oz., cans",12 oz. (354.9 ml),Drinks,0.567,APU0000FN1102
2025-09-01,2025,9,"All soft drinks, 12 pk, 12 oz., cans",12 oz. (354.9 ml),Drinks,0.569,APU0000FN1102
2025-11-01,2025,11,"All soft drinks, 12 pk, 12 oz., cans",12 oz. (354.9 ml),Drinks,0.549,APU0000FN1102
2025-12-01,2025,12,"All soft drinks, 12 pk, 12 oz., cans",12 oz. (354.9 ml),Drinks,0.548,APU0000FN1102
2026-01-01,2026,1,"All soft drinks, 12 pk, 12 oz., cans",12 oz. (354.9 ml),Drinks,0.611,APU0000FN1102
2026-02-01,2026,2,"All soft drinks, 12 pk, 12 oz., cans",12 oz. (354.9 ml),Drinks,0.593,APU0000FN1102
2026-03-01,2026,3,"All soft drinks, 12 pk, 12 oz., cans",12 oz. (354.9 ml),Drinks,0.603,APU0000FN1102
2026-04-01,2026,4,"All soft drinks, 12 pk, 12 oz., cans",12 oz. (354.9 ml),Drinks,0.59,APU0000FN1102
2026-05-01,2026,5,"All soft drinks, 12 pk, 12 oz., cans",12 oz. (354.9 ml),Drinks,0.574,APU0000FN1102
2026-06-01,2026,6,"All soft drinks, 12 pk, 12 oz., cans",12 oz. (354.9 ml),Drinks,0.612,APU0000FN1102
2026-07-01,2026,7,"All soft drinks, 12 pk, 12 oz., cans",12 oz. (354.9 ml),Drinks,0.606,APU0000FN1102
2015-01-01,2015,1,All uncooked ground beef,lb. (453.6 gm),Beef,4.675,APU0000FC1101
2015-02-01,2015,2,All uncooked ground beef,lb. (453.6 gm),Beef,4.708,APU0000FC1101
2015-03-01,2015,3,All uncooked ground beef,lb. (453.6 gm),Beef,4.677,APU0000FC1101
2015-04-01,2015,4,All uncooked ground beef,lb. (453.6 gm),Beef,4.681,APU0000FC1101
2015-05-01,2015,5,All uncooked ground beef,lb. (453.6 gm),Beef,4.653,APU0000FC1101
2015-06-01,2015,6,All uncooked ground beef,lb. (453.6 gm),Beef,4.676,APU0000FC1101
2015-07-01,2015,7,All uncooked ground beef,lb. (453.6 gm),Beef,4.637,APU0000FC1101
2015-08-01,2015,8,All uncooked ground beef,lb. (453.6 gm),Beef,4.618,APU0000FC1101
2015-09-01,2015,9,All uncooked ground beef,lb. (453.6 gm),Beef,4.604,APU0000FC1101
2015-10-01,2015,10,All uncooked ground beef,lb. (453.6 gm),Beef,4.572,APU0000FC1101
2015-11-01,2015,11,All uncooked ground beef,lb. (453.6 gm),Beef,4.551,APU0000FC1101
2015-12-01,2015,12,All uncooked ground beef,lb. (453.6 gm),Beef,4.485,APU0000FC1101
2016-01-01,2016,1,All uncooked ground beef,lb. (453.6 gm),Beef,4.396,APU0000FC1101
2016-02-01,2016,2,All uncooked ground beef,lb. (453.6 gm),Beef,4.379,APU0000FC1101
2016-03-01,2016,3,All uncooked ground beef,lb. (453.6 gm),Beef,4.371,APU0000FC1101
2016-04-01,2016,4,All uncooked ground beef,lb. (453.6 gm),Beef,4.327,APU0000FC1101
2016-05-01,2016,5,All uncooked ground beef,lb. (453.6 gm),Beef,4.298,APU0000FC1101
2016-06-01,2016,6,All uncooked ground beef,lb. (453.6 gm),Beef,4.263,APU0000FC1101
2016-07-01,2016,7,All uncooked ground beef,lb. (453.6 gm),Beef,4.234,APU0000FC1101
2016-08-01,2016,8,All uncooked ground beef,lb. (453.6 gm),Beef,4.25,APU0000FC1101
2016-09-01,2016,9,All uncooked ground beef,lb. (453.6 gm),Beef,4.22,APU0000FC1101
2016-10-01,2016,10,All uncooked ground beef,lb. (453.6 gm),Beef,4.158,APU0000FC1101
2016-11-01,2016,11,All uncooked ground beef,lb. (453.6 gm),Beef,4.091,APU0000FC1101
2016-12-01,2016,12,All uncooked ground beef,lb. (453.6 gm),Beef,4.043,APU0000FC1101
2017-01-01,2017,1,All uncooked ground beef,lb. (453.6 gm),Beef,4.057,APU0000FC1101
2017-02-01,2017,2,All uncooked ground beef,lb. (453.6 gm),Beef,4.029,APU0000FC1101
2017-03-01,2017,3,All uncooked ground beef,lb. (453.6 gm),Beef,4.067,APU0000FC1101
2017-04-01,2017,4,All uncooked ground beef,lb. (453.6 gm),Beef,4.078,APU0000FC1101
2017-05-01,2017,5,All uncooked ground beef,lb. (453.6 gm),Beef,4.078,APU0000FC1101
2017-06-01,2017,6,All uncooked ground beef,lb. (453.6 gm),Beef,4.16,APU0000FC1101
2017-07-01,2017,7,All uncooked ground beef,lb. (453.6 gm),Beef,4.212,APU0000FC1101
2017-08-01,2017,8,All uncooked ground beef,lb. (453.6 gm),Beef,4.207,APU0000FC1101
2017-09-01,2017,9,All uncooked ground beef,lb. (453.6 gm),Beef,4.207,APU0000FC1101
2017-10-01,2017,10,All uncooked ground beef,lb. (453.6 gm),Beef,4.1,APU0000FC1101
2017-11-01,2017,11,All uncooked ground beef,lb. (453.6 gm),Beef,4.102,APU0000FC1101
2017-12-01,2017,12,All uncooked ground beef,lb. (453.6 gm),Beef,4.128,APU0000FC1101
2018-01-01,2018,1,All uncooked ground beef,lb. (453.6 gm),Beef,4.068,APU0000FC1101
2018-02-01,2018,2,All uncooked ground beef,lb. (453.6 gm),Beef,4.07,APU0000FC1101
2018-03-01,2018,3,All uncooked ground beef,lb. (453.6 gm),Beef,4.099,APU0000FC1101
2018-04-01,2018,4,All uncooked ground beef,lb. (453.6 gm),Beef,4.155,APU0000FC1101
2018-05-01,2018,5,All uncooked ground beef,lb. (453.6 gm),Beef,4.079,APU0000FC1101
2018-06-01,2018,6,All uncooked ground beef,lb. (453.6 gm),Beef,4.115,APU0000FC1101
2018-07-01,2018,7,All uncooked ground beef,lb. (453.6 gm),Beef,4.149,APU0000FC1101
2018-08-01,2018,8,All uncooked ground beef,lb. (453.6 gm),Beef,4.155,APU0000FC1101
2018-09-01,2018,9,All uncooked ground beef,lb. (453.6 gm),Beef,4.12,APU0000FC1101
2018-10-01,2018,10,All uncooked ground beef,lb. (453.6 gm),Beef,4.091,APU0000FC1101
2018-11-01,2018,11,All uncooked ground beef,lb. (453.6 gm),Beef,4.166,APU0000FC1101
2018-12-01,2018,12,All uncooked ground beef,lb. (453.6 gm),Beef,4.139,APU0000FC1101
2019-01-01,2019,1,All uncooked ground beef,lb. (453.6 gm),Beef,4.173,APU0000FC1101
2019-02-01,2019,2,All uncooked ground beef,lb. (453.6 gm),Beef,4.169,APU0000FC1101
2019-03-01,2019,3,All uncooked ground beef,lb. (453.6 gm),Beef,4.138,APU0000FC1101
2019-04-01,2019,4,All uncooked ground beef,lb. (453.6 gm),Beef,4.198,APU0000FC1101
2019-05-01,2019,5,All uncooked ground beef,lb. (453.6 gm),Beef,4.277,APU0000FC1101
2019-06-01,2019,6,All uncooked ground beef,lb. (453.6 gm),Beef,4.231,APU0000FC1101
2019-07-01,2019,7,All uncooked ground beef,lb. (453.6 gm),Beef,4.258,APU0000FC1101
2019-08-01,2019,8,All uncooked ground beef,lb. (453.6 gm),Beef,4.249,APU0000FC1101
2019-09-01,2019,9,All uncooked ground beef,lb. (453.6 gm),Beef,4.209,APU0000FC1101
2019-10-01,2019,10,All uncooked ground beef,lb. (453.6 gm),Beef,4.262,APU0000FC1101
2019-11-01,2019,11,All uncooked ground beef,lb. (453.6 gm),Beef,4.241,APU0000FC1101
2019-12-01,2019,12,All uncooked ground beef,lb. (453.6 gm),Beef,4.3,APU0000FC1101
2020-01-01,2020,1,All uncooked ground beef,lb. (453.6 gm),Beef,4.343,APU0000FC1101
2020-02-01,2020,2,All uncooked ground beef,lb. (453.6 gm),Beef,4.298,APU0000FC1101
2020-03-01,2020,3,All uncooked ground beef,lb. (453.6 gm),Beef,4.355,APU0000FC1101
2020-04-01,2020,4,All uncooked ground beef,lb. (453.6 gm),Beef,4.556,APU0000FC1101
2020-05-01,2020,5,All uncooked ground beef,lb. (453.6 gm),Beef,4.931,APU0000FC1101
2020-06-01,2020,6,All uncooked ground beef,lb. (453.6 gm),Beef,5.291,APU0000FC1101
2020-07-01,2020,7,All uncooked ground beef,lb. (453.6 gm),Beef,4.84,APU0000FC1101
2020-08-01,2020,8,All uncooked ground beef,lb. (453.6 gm),Beef,4.64,APU0000FC1101
2020-09-01,2020,9,All uncooked ground beef,lb. (453.6 gm),Beef,4.547,APU0000FC1101
2020-10-01,2020,10,All uncooked ground beef,lb. (453.6 gm),Beef,4.552,APU0000FC1101
2020-11-01,2020,11,All uncooked ground beef,lb. (453.6 gm),Beef,4.596,APU0000FC1101
2020-12-01,2020,12,All uncooked ground beef,lb. (453.6 gm),Beef,4.555,APU0000FC1101
2021-01-01,2021,1,All uncooked ground beef,lb. (453.6 gm),Beef,4.543,APU0000FC1101
2021-02-01,2021,2,All uncooked ground beef,lb. (453.6 gm),Beef,4.556,APU0000FC1101
2021-03-01,2021,3,All uncooked ground beef,lb. (453.6 gm),Beef,4.648,APU0000FC1101
2021-04-01,2021,4,All uncooked ground beef,lb. (453.6 gm),Beef,4.656,APU0000FC1101
2021-05-01,2021,5,All uncooked ground beef,lb. (453.6 gm),Beef,4.703,APU0000FC1101
2021-06-01,2021,6,All uncooked ground beef,lb. (453.6 gm),Beef,4.869,APU0000FC1101
2021-07-01,2021,7,All uncooked ground beef,lb. (453.6 gm),Beef,4.846,APU0000FC1101
2021-08-01,2021,8,All uncooked ground beef,lb. (453.6 gm),Beef,4.964,APU0000FC1101
2021-09-01,2021,9,All uncooked ground beef,lb. (453.6 gm),Beef,5.051,APU0000FC1101
2021-10-01,2021,10,All uncooked ground beef,lb. (453.6 gm),Beef,5.237,APU0000FC1101
2021-11-01,2021,11,All uncooked ground beef,lb. (453.6 gm),Beef,5.261,APU0000FC1101
2021-12-01,2021,12,All uncooked ground beef,lb. (453.6 gm),Beef,5.174,APU0000FC1101
2022-01-01,2022,1,All uncooked ground beef,lb. (453.6 gm),Beef,5.17,APU0000FC1101
2022-02-01,2022,2,All uncooked ground beef,lb. (453.6 gm),Beef,5.199,APU0000FC1101
2022-03-01,2022,3,All uncooked ground beef,lb. (453.6 gm),Beef,5.342,APU0000FC1101
2022-04-01,2022,4,All uncooked ground beef,lb. (453.6 gm),Beef,5.414,APU0000FC1101
2022-05-01,2022,5,All uncooked ground beef,lb. (453.6 gm),Beef,5.332,APU0000FC1101
2022-06-01,2022,6,All uncooked ground beef,lb. (453.6 gm),Beef,5.402,APU0000FC1101
2022-07-01,2022,7,All uncooked ground beef,lb. (453.6 gm),Beef,5.426,APU0000FC1101
2022-08-01,2022,8,All uncooked ground beef,lb. (453.6 gm),Beef,5.456,APU0000FC1101
2022-09-01,2022,9,All uncooked ground beef,lb. (453.6 gm),Beef,5.332,APU0000FC1101
2022-10-01,2022,10,All uncooked ground beef,lb. (453.6 gm),Beef,5.298,APU0000FC1101
2022-11-01,2022,11,All uncooked ground beef,lb. (453.6 gm),Beef,5.206,APU0000FC1101
2022-12-01,2022,12,All uncooked ground beef,lb. (453.6 gm),Beef,5.186,APU0000FC1101
2023-01-01,2023,1,All uncooked ground beef,lb. (453.6 gm),Beef,5.171,APU0000FC1101
2023-02-01,2023,2,All uncooked ground beef,lb. (453.6 gm),Beef,5.207,APU0000FC1101
2023-03-01,2023,3,All uncooked ground beef,lb. (453.6 gm),Beef,5.194,APU0000FC1101
2023-04-01,2023,4,All uncooked ground beef,lb. (453.6 gm),Beef,5.247,APU0000FC1101
2023-05-01,2023,5,All uncooked ground beef,lb. (453.6 gm),Beef,5.355,APU0000FC1101
2023-06-01,2023,6,All uncooked ground beef,lb. (453.6 gm),Beef,5.435,APU0000FC1101
2023-07-01,2023,7,All uncooked ground beef,lb. (453.6 gm),Beef,5.537,APU0000FC1101
2023-08-01,2023,8,All uncooked ground beef,lb. (453.6 gm),Beef,5.554,APU0000FC1101
2023-09-01,2023,9,All uncooked ground beef,lb. (453.6 gm),Beef,5.57,APU0000FC1101
2023-10-01,2023,10,All uncooked ground beef,lb. (453.6 gm),Beef,5.666,APU0000FC1101
2023-11-01,2023,11,All uncooked ground beef,lb. (453.6 gm),Beef,5.643,APU0000FC1101
2023-12-01,2023,12,All uncooked ground beef,lb. (453.6 gm),Beef,5.566,APU0000FC1101
2024-01-01,2024,1,All uncooked ground beef,lb. (453.6 gm),Beef,5.475,APU0000FC1101
2024-02-01,2024,2,All uncooked ground beef,lb. (453.6 gm),Beef,5.479,APU0000FC1101
2024-03-01,2024,3,All uncooked ground beef,lb. (453.6 gm),Beef,5.522,APU0000FC1101
2024-04-01,2024,4,All uncooked ground beef,lb. (453.6 gm),Beef,5.561,APU0000FC1101
2024-05-01,2024,5,All uncooked ground beef,lb. (453.6 gm),Beef,5.603,APU0000FC1101
2024-06-01,2024,6,All uncooked ground beef,lb. (453.6 gm),Beef,5.712,APU0000FC1101
2024-07-01,2024,7,All uncooked ground beef,lb. (453.6 gm),Beef,5.799,APU0000FC1101
2024-08-01,2024,8,All uncooked ground beef,lb. (453.6 gm),Beef,5.867,APU0000FC1101
2024-09-01,2024,9,All uncooked ground beef,lb. (453.6 gm),Beef,5.917,APU0000FC1101
2024-10-01,2024,10,All uncooked ground beef,lb. (453.6 gm),Beef,5.887,APU0000FC1101
2024-11-01,2024,11,All uncooked ground beef,lb. (453.6 gm),Beef,5.874,APU0000FC1101
2024-12-01,2024,12,All uncooked ground beef,lb. (453.6 gm),Beef,5.863,APU0000FC1101
2025-01-01,2025,1,All uncooked ground beef,lb. (453.6 gm),Beef,5.82,APU0000FC1101
2025-02-01,2025,2,All uncooked ground beef,lb. (453.6 gm),Beef,5.961,APU0000FC1101
2025-03-01,2025,3,All uncooked ground beef,lb. (453.6 gm),Beef,6.137,APU0000FC1101
2025-04-01,2025,4,All uncooked ground beef,lb. (453.6 gm),Beef,6.142,APU0000FC1101
2025-05-01,2025,5,All uncooked ground beef,lb. (453.6 gm),Beef,6.245,APU0000FC1101
2025-06-01,2025,6,All uncooked ground beef,lb. (453.6 gm),Beef,6.342,APU0000FC1101
2025-07-01,2025,7,All uncooked ground beef,lb. (453.6 gm),Beef,6.504,APU0000FC1101
2025-08-01,2025,8,All uncooked ground beef,lb. (453.6 gm),Beef,6.631,APU0000FC1101
2025-09-01,2025,9,All uncooked ground beef,lb. (453.6 gm),Beef,6.643,APU0000FC1101
2025-11-01,2025,11,All uncooked ground beef,lb. (453.6 gm),Beef,6.781,APU0000FC1101
2025-12-01,2025,12,All uncooked ground beef,lb. (453.6 gm),Beef,6.821,APU0000FC1101
2026-01-01,2026,1,All uncooked ground beef,lb. (453.6 gm),Beef,6.868,APU0000FC1101
2026-02-01,2026,2,All uncooked ground beef,lb. (453.6 gm),Beef,6.895,APU0000FC1101
2026-03-01,2026,3,All uncooked ground beef,lb. (453.6 gm),Beef,6.863,APU0000FC1101
2026-04-01,2026,4,All uncooked ground beef,lb. (453.6 gm),Beef,7.056,APU0000FC1101
2026-05-01,2026,5,All uncooked ground beef,lb. (453.6 gm),Beef,7.064,APU0000FC1101
2026-06-01,2026,6,All uncooked ground beef,lb. (453.6 gm),Beef,7.141,APU0000FC1101
2026-07-01,2026,7,All uncooked ground beef,lb. (453.6 gm),Beef,7.116,APU0000FC1101
2015-01-01,2015,1,American processed cheese,lb. (453.6 gm),Dairy and fats,4.944,APU0000710211
2015-02-01,2015,2,American processed cheese,lb. (453.6 gm),Dairy and fats,4.598,APU0000710211
2015-03-01,2015,3,American processed cheese,lb. (453.6 gm),Dairy and fats,4.558,APU0000710211
2015-04-01,2015,4,American processed cheese,lb. (453.6 gm),Dairy and fats,4.543,APU0000710211
2015-05-01,2015,5,American processed cheese,lb. (453.6 gm),Dairy and fats,4.417,APU0000710211
2015-06-01,2015,6,American processed cheese,lb. (453.6 gm),Dairy and fats,4.265,APU0000710211
2015-07-01,2015,7,American processed cheese,lb. (453.6 gm),Dairy and fats,4.352,APU0000710211
2015-08-01,2015,8,American processed cheese,lb. (453.6 gm),Dairy and fats,4.346,APU0000710211
2015-09-01,2015,9,American processed cheese,lb. (453.6 gm),Dairy and fats,4.439,APU0000710211
2015-10-01,2015,10,American processed cheese,lb. (453.6 gm),Dairy and fats,4.331,APU0000710211
2015-11-01,2015,11,American processed cheese,lb. (453.6 gm),Dairy and fats,4.333,APU0000710211
2015-12-01,2015,12,American processed cheese,lb. (453.6 gm),Dairy and fats,4.345,APU0000710211
2016-01-01,2016,1,American processed cheese,lb. (453.6 gm),Dairy and fats,4.374,APU0000710211
2016-02-01,2016,2,American processed cheese,lb. (453.6 gm),Dairy and fats,4.436,APU0000710211
2016-03-01,2016,3,American processed cheese,lb. (453.6 gm),Dairy and fats,4.462,APU0000710211
2016-04-01,2016,4,American processed cheese,lb. (453.6 gm),Dairy and fats,4.434,APU0000710211
2016-05-01,2016,5,American processed cheese,lb. (453.6 gm),Dairy and fats,4.325,APU0000710211
2016-06-01,2016,6,American processed cheese,lb. (453.6 gm),Dairy and fats,4.31,APU0000710211
2016-07-01,2016,7,American processed cheese,lb. (453.6 gm),Dairy and fats,4.373,APU0000710211
2016-08-01,2016,8,American processed cheese,lb. (453.6 gm),Dairy and fats,4.273,APU0000710211
2016-09-01,2016,9,American processed cheese,lb. (453.6 gm),Dairy and fats,4.396,APU0000710211
2016-10-01,2016,10,American processed cheese,lb. (453.6 gm),Dairy and fats,4.484,APU0000710211
2016-11-01,2016,11,American processed cheese,lb. (453.6 gm),Dairy and fats,4.322,APU0000710211
2016-12-01,2016,12,American processed cheese,lb. (453.6 gm),Dairy and fats,4.214,APU0000710211
2017-01-01,2017,1,American processed cheese,lb. (453.6 gm),Dairy and fats,4.322,APU0000710211
2017-02-01,2017,2,American processed cheese,lb. (453.6 gm),Dairy and fats,4.293,APU0000710211
2017-03-01,2017,3,American processed cheese,lb. (453.6 gm),Dairy and fats,4.271,APU0000710211
2017-04-01,2017,4,American processed cheese,lb. (453.6 gm),Dairy and fats,4.352,APU0000710211
2017-05-01,2017,5,American processed cheese,lb. (453.6 gm),Dairy and fats,4.393,APU0000710211
2017-06-01,2017,6,American processed cheese,lb. (453.6 gm),Dairy and fats,4.306,APU0000710211
2017-07-01,2017,7,American processed cheese,lb. (453.6 gm),Dairy and fats,4.282,APU0000710211
2017-08-01,2017,8,American processed cheese,lb. (453.6 gm),Dairy and fats,4.241,APU0000710211
2017-09-01,2017,9,American processed cheese,lb. (453.6 gm),Dairy and fats,4.203,APU0000710211
2017-10-01,2017,10,American processed cheese,lb. (453.6 gm),Dairy and fats,4.089,APU0000710211
2017-11-01,2017,11,American processed cheese,lb. (453.6 gm),Dairy and fats,4.091,APU0000710211
2017-12-01,2017,12,American processed cheese,lb. (453.6 gm),Dairy and fats,4.13,APU0000710211
2018-01-01,2018,1,American processed cheese,lb. (453.6 gm),Dairy and fats,4.015,APU0000710211
2018-02-01,2018,2,American processed cheese,lb. (453.6 gm),Dairy and fats,4.064,APU0000710211
2018-03-01,2018,3,American processed cheese,lb. (453.6 gm),Dairy and fats,4.105,APU0000710211
2018-04-01,2018,4,American processed cheese,lb. (453.6 gm),Dairy and fats,4.034,APU0000710211
2018-05-01,2018,5,American processed cheese,lb. (453.6 gm),Dairy and fats,4.025,APU0000710211
2018-06-01,2018,6,American processed cheese,lb. (453.6 gm),Dairy and fats,3.956,APU0000710211
2018-07-01,2018,7,American processed cheese,lb. (453.6 gm),Dairy and fats,3.958,APU0000710211
2018-08-01,2018,8,American processed cheese,lb. (453.6 gm),Dairy and fats,3.946,APU0000710211
2018-09-01,2018,9,American processed cheese,lb. (453.6 gm),Dairy and fats,4.04,APU0000710211
2018-10-01,2018,10,American processed cheese,lb. (453.6 gm),Dairy and fats,3.994,APU0000710211
2018-12-01,2018,12,American processed cheese,lb. (453.6 gm),Dairy and fats,3.944,APU0000710211
2019-01-01,2019,1,American processed cheese,lb. (453.6 gm),Dairy and fats,3.922,APU0000710211
2019-02-01,2019,2,American processed cheese,lb. (453.6 gm),Dairy and fats,3.863,APU0000710211
2019-03-01,2019,3,American processed cheese,lb. (453.6 gm),Dairy and fats,3.924,APU0000710211
2019-04-01,2019,4,American processed cheese,lb. (453.6 gm),Dairy and fats,3.928,APU0000710211
2019-05-01,2019,5,American processed cheese,lb. (453.6 gm),Dairy and fats,3.869,APU0000710211
2019-06-01,2019,6,American processed cheese,lb. (453.6 gm),Dairy and fats,3.844,APU0000710211
2019-07-01,2019,7,American processed cheese,lb. (453.6 gm),Dairy and fats,3.772,APU0000710211
2019-08-01,2019,8,American processed cheese,lb. (453.6 gm),Dairy and fats,3.873,APU0000710211
2019-09-01,2019,9,American processed cheese,lb. (453.6 gm),Dairy and fats,3.875,APU0000710211
2019-10-01,2019,10,American processed cheese,lb. (453.6 gm),Dairy and fats,3.821,APU0000710211
2019-11-01,2019,11,American processed cheese,lb. (453.6 gm),Dairy and fats,3.917,APU0000710211
2019-12-01,2019,12,American processed cheese,lb. (453.6 gm),Dairy and fats,3.909,APU0000710211
2020-01-01,2020,1,American processed cheese,lb. (453.6 gm),Dairy and fats,3.847,APU0000710211
2020-02-01,2020,2,American processed cheese,lb. (453.6 gm),Dairy and fats,3.912,APU0000710211
2020-03-01,2020,3,American processed cheese,lb. (453.6 gm),Dairy and fats,3.907,APU0000710211
2020-04-01,2020,4,American processed cheese,lb. (453.6 gm),Dairy and fats,3.981,APU0000710211
2020-05-01,2020,5,American processed cheese,lb. (453.6 gm),Dairy and fats,4.097,APU0000710211
2020-06-01,2020,6,American processed cheese,lb. (453.6 gm),Dairy and fats,4.222,APU0000710211
2020-07-01,2020,7,American processed cheese,lb. (453.6 gm),Dairy and fats,4.189,APU0000710211
2020-08-01,2020,8,American processed cheese,lb. (453.6 gm),Dairy and fats,4.285,APU0000710211
2020-09-01,2020,9,American processed cheese,lb. (453.6 gm),Dairy and fats,4.246,APU0000710211
2020-10-01,2020,10,American processed cheese,lb. (453.6 gm),Dairy and fats,4.233,APU0000710211
2020-11-01,2020,11,American processed cheese,lb. (453.6 gm),Dairy and fats,4.132,APU0000710211
2020-12-01,2020,12,American processed cheese,lb. (453.6 gm),Dairy and fats,4.2,APU0000710211
2021-01-01,2021,1,American processed cheese,lb. (453.6 gm),Dairy and fats,4.193,APU0000710211
2021-02-01,2021,2,American processed cheese,lb. (453.6 gm),Dairy and fats,4.162,APU0000710211
2021-03-01,2021,3,American processed cheese,lb. (453.6 gm),Dairy and fats,4.145,APU0000710211
2021-04-01,2021,4,American processed cheese,lb. (453.6 gm),Dairy and fats,4.1,APU0000710211
2021-05-01,2021,5,American processed cheese,lb. (453.6 gm),Dairy and fats,4.048,APU0000710211
2021-06-01,2021,6,American processed cheese,lb. (453.6 gm),Dairy and fats,3.989,APU0000710211
2021-07-01,2021,7,American processed cheese,lb. (453.6 gm),Dairy and fats,3.972,APU0000710211
2021-08-01,2021,8,American processed cheese,lb. (453.6 gm),Dairy and fats,3.977,APU0000710211
2021-09-01,2021,9,American processed cheese,lb. (453.6 gm),Dairy and fats,4.019,APU0000710211
2021-10-01,2021,10,American processed cheese,lb. (453.6 gm),Dairy and fats,3.987,APU0000710211
2021-11-01,2021,11,American processed cheese,lb. (453.6 gm),Dairy and fats,3.948,APU0000710211
2021-12-01,2021,12,American processed cheese,lb. (453.6 gm),Dairy and fats,3.894,APU0000710211
2022-01-01,2022,1,American processed cheese,lb. (453.6 gm),Dairy and fats,3.948,APU0000710211
2022-02-01,2022,2,American processed cheese,lb. (453.6 gm),Dairy and fats,3.98,APU0000710211
2022-03-01,2022,3,American processed cheese,lb. (453.6 gm),Dairy and fats,3.983,APU0000710211
2022-04-01,2022,4,American processed cheese,lb. (453.6 gm),Dairy and fats,4.152,APU0000710211
2022-05-01,2022,5,American processed cheese,lb. (453.6 gm),Dairy and fats,4.34,APU0000710211
2022-06-01,2022,6,American processed cheese,lb. (453.6 gm),Dairy and fats,4.509,APU0000710211
2022-07-01,2022,7,American processed cheese,lb. (453.6 gm),Dairy and fats,4.54,APU0000710211
2022-08-01,2022,8,American processed cheese,lb. (453.6 gm),Dairy and fats,4.601,APU0000710211
2022-09-01,2022,9,American processed cheese,lb. (453.6 gm),Dairy and fats,4.679,APU0000710211
2022-10-01,2022,10,American processed cheese,lb. (453.6 gm),Dairy and fats,4.578,APU0000710211
2022-11-01,2022,11,American processed cheese,lb. (453.6 gm),Dairy and fats,4.84,APU0000710211
2022-12-01,2022,12,American processed cheese,lb. (453.6 gm),Dairy and fats,4.663,APU0000710211
2023-01-01,2023,1,American processed cheese,lb. (453.6 gm),Dairy and fats,4.724,APU0000710211
2023-02-01,2023,2,American processed cheese,lb. (453.6 gm),Dairy and fats,4.628,APU0000710211
2023-03-01,2023,3,American processed cheese,lb. (453.6 gm),Dairy and fats,4.773,APU0000710211
2023-04-01,2023,4,American processed cheese,lb. (453.6 gm),Dairy and fats,4.759,APU0000710211
2023-05-01,2023,5,American processed cheese,lb. (453.6 gm),Dairy and fats,4.765,APU0000710211
2023-06-01,2023,6,American processed cheese,lb. (453.6 gm),Dairy and fats,4.698,APU0000710211
2023-07-01,2023,7,American processed cheese,lb. (453.6 gm),Dairy and fats,4.782,APU0000710211
2023-08-01,2023,8,American processed cheese,lb. (453.6 gm),Dairy and fats,4.73,APU0000710211
2023-09-01,2023,9,American processed cheese,lb. (453.6 gm),Dairy and fats,4.767,APU0000710211
2023-10-01,2023,10,American processed cheese,lb. (453.6 gm),Dairy and fats,4.738,APU0000710211
2023-11-01,2023,11,American processed cheese,lb. (453.6 gm),Dairy and fats,4.748,APU0000710211
2023-12-01,2023,12,American processed cheese,lb. (453.6 gm),Dairy and fats,4.956,APU0000710211
2024-01-01,2024,1,American processed cheese,lb. (453.6 gm),Dairy and fats,4.904,APU0000710211
2024-02-01,2024,2,American processed cheese,lb. (453.6 gm),Dairy and fats,4.769,APU0000710211
2024-03-01,2024,3,American processed cheese,lb. (453.6 gm),Dairy and fats,4.854,APU0000710211
2024-04-01,2024,4,American processed cheese,lb. (453.6 gm),Dairy and fats,4.776,APU0000710211
2024-05-01,2024,5,American processed cheese,lb. (453.6 gm),Dairy and fats,4.819,APU0000710211
2024-06-01,2024,6,American processed cheese,lb. (453.6 gm),Dairy and fats,4.943,APU0000710211
2024-07-01,2024,7,American processed cheese,lb. (453.6 gm),Dairy and fats,4.874,APU0000710211
2024-08-01,2024,8,American processed cheese,lb. (453.6 gm),Dairy and fats,4.841,APU0000710211
2024-09-01,2024,9,American processed cheese,lb. (453.6 gm),Dairy and fats,4.951,APU0000710211
2024-10-01,2024,10,American processed cheese,lb. (453.6 gm),Dairy and fats,5.059,APU0000710211
2024-11-01,2024,11,American processed cheese,lb. (453.6 gm),Dairy and fats,4.941,APU0000710211
2024-12-01,2024,12,American processed cheese,lb. (453.6 gm),Dairy and fats,4.983,APU0000710211
2025-01-01,2025,1,American processed cheese,lb. (453.6 gm),Dairy and fats,5.058,APU0000710211
2025-02-01,2025,2,American processed cheese,lb. (453.6 gm),Dairy and fats,5.026,APU0000710211
2025-03-01,2025,3,American processed cheese,lb. (453.6 gm),Dairy and fats,4.946,APU0000710211
2025-04-01,2025,4,American processed cheese,lb. (453.6 gm),Dairy and fats,4.987,APU0000710211
2025-05-01,2025,5,American processed cheese,lb. (453.6 gm),Dairy and fats,5.063,APU0000710211
2025-06-01,2025,6,American processed cheese,lb. (453.6 gm),Dairy and fats,5.038,APU0000710211
2025-07-01,2025,7,American processed cheese,lb. (453.6 gm),Dairy and fats,4.906,APU0000710211
2025-08-01,2025,8,American processed cheese,lb. (453.6 gm),Dairy and fats,5.008,APU0000710211
2025-09-01,2025,9,American processed cheese,lb. (453.6 gm),Dairy and fats,4.925,APU0000710211
2025-11-01,2025,11,American processed cheese,lb. (453.6 gm),Dairy and fats,4.725,APU0000710211
2025-12-01,2025,12,American processed cheese,lb. (453.6 gm),Dairy and fats,4.734,APU0000710211
2026-01-01,2026,1,American processed cheese,lb. (453.6 gm),Dairy and fats,4.845,APU0000710211
2026-02-01,2026,2,American processed cheese,lb. (453.6 gm),Dairy and fats,4.68,APU0000710211
2026-03-01,2026,3,American processed cheese,lb. (453.6 gm),Dairy and fats,4.783,APU0000710211
2026-04-01,2026,4,American processed cheese,lb. (453.6 gm),Dairy and fats,4.69,APU0000710211
2026-05-01,2026,5,American processed cheese,lb. (453.6 gm),Dairy and fats,4.572,APU0000710211
2026-06-01,2026,6,American processed cheese,lb. (453.6 gm),Dairy and fats,4.626,APU0000710211
2026-07-01,2026,7,American processed cheese,lb. (453.6 gm),Dairy and fats,4.746,APU0000710211
2015-01-01,2015,1,Automotive diesel fuel,gallon/3.785 liters,Energy,2.964,APU000074717
2015-02-01,2015,2,Automotive diesel fuel,gallon/3.785 liters,Energy,2.875,APU000074717
2015-03-01,2015,3,Automotive diesel fuel,gallon/3.785 liters,Energy,2.933,APU000074717
2015-04-01,2015,4,Automotive diesel fuel,gallon/3.785 liters,Energy,2.84,APU000074717
2015-05-01,2015,5,Automotive diesel fuel,gallon/3.785 liters,Energy,2.906,APU000074717
2015-06-01,2015,6,Automotive diesel fuel,gallon/3.785 liters,Energy,2.91,APU000074717
2015-07-01,2015,7,Automotive diesel fuel,gallon/3.785 liters,Energy,2.85,APU000074717
2015-08-01,2015,8,Automotive diesel fuel,gallon/3.785 liters,Energy,2.692,APU000074717
2015-09-01,2015,9,Automotive diesel fuel,gallon/3.785 liters,Energy,2.566,APU000074717
2015-10-01,2015,10,Automotive diesel fuel,gallon/3.785 liters,Energy,2.532,APU000074717
2015-11-01,2015,11,Automotive diesel fuel,gallon/3.785 liters,Energy,2.493,APU000074717
2015-12-01,2015,12,Automotive diesel fuel,gallon/3.785 liters,Energy,2.378,APU000074717
2016-01-01,2016,1,Automotive diesel fuel,gallon/3.785 liters,Energy,2.193,APU000074717
2016-02-01,2016,2,Automotive diesel fuel,gallon/3.785 liters,Energy,2.04,APU000074717
2016-03-01,2016,3,Automotive diesel fuel,gallon/3.785 liters,Energy,2.088,APU000074717
2016-04-01,2016,4,Automotive diesel fuel,gallon/3.785 liters,Energy,2.158,APU000074717
2016-05-01,2016,5,Automotive diesel fuel,gallon/3.785 liters,Energy,2.274,APU000074717
2016-06-01,2016,6,Automotive diesel fuel,gallon/3.785 liters,Energy,2.384,APU000074717
2016-07-01,2016,7,Automotive diesel fuel,gallon/3.785 liters,Energy,2.361,APU000074717
2016-08-01,2016,8,Automotive diesel fuel,gallon/3.785 liters,Energy,2.333,APU000074717
2016-09-01,2016,9,Automotive diesel fuel,gallon/3.785 liters,Energy,2.37,APU000074717
2016-10-01,2016,10,Automotive diesel fuel,gallon/3.785 liters,Energy,2.421,APU000074717
2016-11-01,2016,11,Automotive diesel fuel,gallon/3.785 liters,Energy,2.421,APU000074717
2016-12-01,2016,12,Automotive diesel fuel,gallon/3.785 liters,Energy,2.456,APU000074717
2017-01-01,2017,1,Automotive diesel fuel,gallon/3.785 liters,Energy,2.547,APU000074717
2017-02-01,2017,2,Automotive diesel fuel,gallon/3.785 liters,Energy,2.537,APU000074717
2017-03-01,2017,3,Automotive diesel fuel,gallon/3.785 liters,Energy,2.541,APU000074717
2017-04-01,2017,4,Automotive diesel fuel,gallon/3.785 liters,Energy,2.548,APU000074717
2017-05-01,2017,5,Automotive diesel fuel,gallon/3.785 liters,Energy,2.537,APU000074717
2017-06-01,2017,6,Automotive diesel fuel,gallon/3.785 liters,Energy,2.516,APU000074717
2017-07-01,2017,7,Automotive diesel fuel,gallon/3.785 liters,Energy,2.477,APU000074717
2017-08-01,2017,8,Automotive diesel fuel,gallon/3.785 liters,Energy,2.544,APU000074717
2017-09-01,2017,9,Automotive diesel fuel,gallon/3.785 liters,Energy,2.742,APU000074717
2017-10-01,2017,10,Automotive diesel fuel,gallon/3.785 liters,Energy,2.761,APU000074717
2017-11-01,2017,11,Automotive diesel fuel,gallon/3.785 liters,Energy,2.873,APU000074717
2017-12-01,2017,12,Automotive diesel fuel,gallon/3.785 liters,Energy,2.886,APU000074717
2018-01-01,2018,1,Automotive diesel fuel,gallon/3.785 liters,Energy,2.965,APU000074717
2018-02-01,2018,2,Automotive diesel fuel,gallon/3.785 liters,Energy,3.007,APU000074717
2018-03-01,2018,3,Automotive diesel fuel,gallon/3.785 liters,Energy,2.973,APU000074717
2018-04-01,2018,4,Automotive diesel fuel,gallon/3.785 liters,Energy,3.051,APU000074717
2018-05-01,2018,5,Automotive diesel fuel,gallon/3.785 liters,Energy,3.197,APU000074717
2018-06-01,2018,6,Automotive diesel fuel,gallon/3.785 liters,Energy,3.245,APU000074717
2018-07-01,2018,7,Automotive diesel fuel,gallon/3.785 liters,Energy,3.226,APU000074717
2018-08-01,2018,8,Automotive diesel fuel,gallon/3.785 liters,Energy,3.211,APU000074717
2018-09-01,2018,9,Automotive diesel fuel,gallon/3.785 liters,Energy,3.243,APU000074717
2018-10-01,2018,10,Automotive diesel fuel,gallon/3.785 liters,Energy,3.335,APU000074717
2018-11-01,2018,11,Automotive diesel fuel,gallon/3.785 liters,Energy,3.292,APU000074717
2018-12-01,2018,12,Automotive diesel fuel,gallon/3.785 liters,Energy,3.155,APU000074717
2019-01-01,2019,1,Automotive diesel fuel,gallon/3.785 liters,Energy,3.015,APU000074717
2019-02-01,2019,2,Automotive diesel fuel,gallon/3.785 liters,Energy,2.985,APU000074717
2019-03-01,2019,3,Automotive diesel fuel,gallon/3.785 liters,Energy,3.063,APU000074717
2019-04-01,2019,4,Automotive diesel fuel,gallon/3.785 liters,Energy,3.129,APU000074717
2019-05-01,2019,5,Automotive diesel fuel,gallon/3.785 liters,Energy,3.189,APU000074717
2019-06-01,2019,6,Automotive diesel fuel,gallon/3.785 liters,Energy,3.104,APU000074717
2019-07-01,2019,7,Automotive diesel fuel,gallon/3.785 liters,Energy,3.078,APU000074717
2019-08-01,2019,8,Automotive diesel fuel,gallon/3.785 liters,Energy,3.03,APU000074717
2019-09-01,2019,9,Automotive diesel fuel,gallon/3.785 liters,Energy,3.033,APU000074717
2019-10-01,2019,10,Automotive diesel fuel,gallon/3.785 liters,Energy,3.086,APU000074717
2019-11-01,2019,11,Automotive diesel fuel,gallon/3.785 liters,Energy,3.09,APU000074717
2019-12-01,2019,12,Automotive diesel fuel,gallon/3.785 liters,Energy,3.089,APU000074717
2020-01-01,2020,1,Automotive diesel fuel,gallon/3.785 liters,Energy,3.078,APU000074717
2020-02-01,2020,2,Automotive diesel fuel,gallon/3.785 liters,Energy,2.98,APU000074717
2020-03-01,2020,3,Automotive diesel fuel,gallon/3.785 liters,Energy,2.818,APU000074717
2020-04-01,2020,4,Automotive diesel fuel,gallon/3.785 liters,Energy,2.605,APU000074717
2020-05-01,2020,5,Automotive diesel fuel,gallon/3.785 liters,Energy,2.515,APU000074717
2020-06-01,2020,6,Automotive diesel fuel,gallon/3.785 liters,Energy,2.508,APU000074717
2020-07-01,2020,7,Automotive diesel fuel,gallon/3.785 liters,Energy,2.514,APU000074717
2020-08-01,2020,8,Automotive diesel fuel,gallon/3.785 liters,Energy,2.503,APU000074717
2020-09-01,2020,9,Automotive diesel fuel,gallon/3.785 liters,Energy,2.496,APU000074717
2020-10-01,2020,10,Automotive diesel fuel,gallon/3.785 liters,Energy,2.46,APU000074717
2020-11-01,2020,11,Automotive diesel fuel,gallon/3.785 liters,Energy,2.441,APU000074717
2020-12-01,2020,12,Automotive diesel fuel,gallon/3.785 liters,Energy,2.543,APU000074717
2021-01-01,2021,1,Automotive diesel fuel,gallon/3.785 liters,Energy,2.661,APU000074717
2021-02-01,2021,2,Automotive diesel fuel,gallon/3.785 liters,Energy,2.802,APU000074717
2021-03-01,2021,3,Automotive diesel fuel,gallon/3.785 liters,Energy,3.076,APU000074717
2021-04-01,2021,4,Automotive diesel fuel,gallon/3.785 liters,Energy,3.126,APU000074717
2021-05-01,2021,5,Automotive diesel fuel,gallon/3.785 liters,Energy,3.2,APU000074717
2021-06-01,2021,6,Automotive diesel fuel,gallon/3.785 liters,Energy,3.272,APU000074717
2021-07-01,2021,7,Automotive diesel fuel,gallon/3.785 liters,Energy,3.324,APU000074717
2021-08-01,2021,8,Automotive diesel fuel,gallon/3.785 liters,Energy,3.353,APU000074717
2021-09-01,2021,9,Automotive diesel fuel,gallon/3.785 liters,Energy,3.366,APU000074717
2021-10-01,2021,10,Automotive diesel fuel,gallon/3.785 liters,Energy,3.55,APU000074717
2021-11-01,2021,11,Automotive diesel fuel,gallon/3.785 liters,Energy,3.695,APU000074717
2021-12-01,2021,12,Automotive diesel fuel,gallon/3.785 liters,Energy,3.661,APU000074717
2022-01-01,2022,1,Automotive diesel fuel,gallon/3.785 liters,Energy,3.675,APU000074717
2022-02-01,2022,2,Automotive diesel fuel,gallon/3.785 liters,Energy,3.899,APU000074717
2022-03-01,2022,3,Automotive diesel fuel,gallon/3.785 liters,Energy,4.818,APU000074717
2022-04-01,2022,4,Automotive diesel fuel,gallon/3.785 liters,Energy,5.119,APU000074717
2022-05-01,2022,5,Automotive diesel fuel,gallon/3.785 liters,Energy,5.517,APU000074717
2022-06-01,2022,6,Automotive diesel fuel,gallon/3.785 liters,Energy,5.758,APU000074717
2022-07-01,2022,7,Automotive diesel fuel,gallon/3.785 liters,Energy,5.637,APU000074717
2022-08-01,2022,8,Automotive diesel fuel,gallon/3.785 liters,Energy,5.165,APU000074717
2022-09-01,2022,9,Automotive diesel fuel,gallon/3.785 liters,Energy,5.046,APU000074717
2022-10-01,2022,10,Automotive diesel fuel,gallon/3.785 liters,Energy,5.232,APU000074717
2022-11-01,2022,11,Automotive diesel fuel,gallon/3.785 liters,Energy,5.349,APU000074717
2022-12-01,2022,12,Automotive diesel fuel,gallon/3.785 liters,Energy,4.913,APU000074717
2023-01-01,2023,1,Automotive diesel fuel,gallon/3.785 liters,Energy,4.684,APU000074717
2023-02-01,2023,2,Automotive diesel fuel,gallon/3.785 liters,Energy,4.587,APU000074717
2023-03-01,2023,3,Automotive diesel fuel,gallon/3.785 liters,Energy,4.359,APU000074717
2023-04-01,2023,4,Automotive diesel fuel,gallon/3.785 liters,Energy,4.215,APU000074717
2023-05-01,2023,5,Automotive diesel fuel,gallon/3.785 liters,Energy,4.074,APU000074717
2023-06-01,2023,6,Automotive diesel fuel,gallon/3.785 liters,Energy,3.941,APU000074717
2023-07-01,2023,7,Automotive diesel fuel,gallon/3.785 liters,Energy,3.91,APU000074717
2023-08-01,2023,8,Automotive diesel fuel,gallon/3.785 liters,Energy,4.357,APU000074717
2023-09-01,2023,9,Automotive diesel fuel,gallon/3.785 liters,Energy,4.617,APU000074717
2023-10-01,2023,10,Automotive diesel fuel,gallon/3.785 liters,Energy,4.566,APU000074717
2023-11-01,2023,11,Automotive diesel fuel,gallon/3.785 liters,Energy,4.397,APU000074717
2023-12-01,2023,12,Automotive diesel fuel,gallon/3.785 liters,Energy,4.133,APU000074717
2024-01-01,2024,1,Automotive diesel fuel,gallon/3.785 liters,Energy,3.975,APU000074717
2024-02-01,2024,2,Automotive diesel fuel,gallon/3.785 liters,Energy,4.077,APU000074717
2024-03-01,2024,3,Automotive diesel fuel,gallon/3.785 liters,Energy,4.085,APU000074717
2024-04-01,2024,4,Automotive diesel fuel,gallon/3.785 liters,Energy,4.074,APU000074717
2024-05-01,2024,5,Automotive diesel fuel,gallon/3.785 liters,Energy,3.943,APU000074717
2024-06-01,2024,6,Automotive diesel fuel,gallon/3.785 liters,Energy,3.831,APU000074717
2024-07-01,2024,7,Automotive diesel fuel,gallon/3.785 liters,Energy,3.86,APU000074717
2024-08-01,2024,8,Automotive diesel fuel,gallon/3.785 liters,Energy,3.773,APU000074717
2024-09-01,2024,9,Automotive diesel fuel,gallon/3.785 liters,Energy,3.64,APU000074717
2024-10-01,2024,10,Automotive diesel fuel,gallon/3.785 liters,Energy,3.62,APU000074717
2024-11-01,2024,11,Automotive diesel fuel,gallon/3.785 liters,Energy,3.549,APU000074717
2024-12-01,2024,12,Automotive diesel fuel,gallon/3.785 liters,Energy,3.522,APU000074717
2025-01-01,2025,1,Automotive diesel fuel,gallon/3.785 liters,Energy,3.605,APU000074717
2025-02-01,2025,2,Automotive diesel fuel,gallon/3.785 liters,Energy,3.665,APU000074717
2025-03-01,2025,3,Automotive diesel fuel,gallon/3.785 liters,Energy,3.616,APU000074717
2025-04-01,2025,4,Automotive diesel fuel,gallon/3.785 liters,Energy,3.59,APU000074717
2025-05-01,2025,5,Automotive diesel fuel,gallon/3.785 liters,Energy,3.538,APU000074717
2025-06-01,2025,6,Automotive diesel fuel,gallon/3.785 liters,Energy,3.578,APU000074717
2025-07-01,2025,7,Automotive diesel fuel,gallon/3.785 liters,Energy,3.746,APU000074717
2025-08-01,2025,8,Automotive diesel fuel,gallon/3.785 liters,Energy,3.726,APU000074717
2025-09-01,2025,9,Automotive diesel fuel,gallon/3.785 liters,Energy,3.73,APU000074717
2025-11-01,2025,11,Automotive diesel fuel,gallon/3.785 liters,Energy,3.911,APU000074717
2025-12-01,2025,12,Automotive diesel fuel,gallon/3.785 liters,Energy,3.771,APU000074717
2026-01-01,2026,1,Automotive diesel fuel,gallon/3.785 liters,Energy,3.61,APU000074717
2026-02-01,2026,2,Automotive diesel fuel,gallon/3.785 liters,Energy,3.746,APU000074717
2026-03-01,2026,3,Automotive diesel fuel,gallon/3.785 liters,Energy,4.919,APU000074717
2026-04-01,2026,4,Automotive diesel fuel,gallon/3.785 liters,Energy,5.707,APU000074717
2026-05-01,2026,5,Automotive diesel fuel,gallon/3.785 liters,Energy,5.78,APU000074717
2026-06-01,2026,6,Automotive diesel fuel,gallon/3.785 liters,Energy,5.322,APU000074717
2026-07-01,2026,7,Automotive diesel fuel,gallon/3.785 liters,Energy,5.077,APU000074717
2015-01-01,2015,1,"Bacon, sliced",lb. (453.6 gm),Pork and deli,5.589,APU0000704111
2015-02-01,2015,2,"Bacon, sliced",lb. (453.6 gm),Pork and deli,5.472,APU0000704111
2015-03-01,2015,3,"Bacon, sliced",lb. (453.6 gm),Pork and deli,5.367,APU0000704111
2015-04-01,2015,4,"Bacon, sliced",lb. (453.6 gm),Pork and deli,5.211,APU0000704111
2015-05-01,2015,5,"Bacon, sliced",lb. (453.6 gm),Pork and deli,4.94,APU0000704111
2015-06-01,2015,6,"Bacon, sliced",lb. (453.6 gm),Pork and deli,5.059,APU0000704111
2015-07-01,2015,7,"Bacon, sliced",lb. (453.6 gm),Pork and deli,5.184,APU0000704111
2015-08-01,2015,8,"Bacon, sliced",lb. (453.6 gm),Pork and deli,5.41,APU0000704111
2015-09-01,2015,9,"Bacon, sliced",lb. (453.6 gm),Pork and deli,5.734,APU0000704111
2015-10-01,2015,10,"Bacon, sliced",lb. (453.6 gm),Pork and deli,5.899,APU0000704111
2015-11-01,2015,11,"Bacon, sliced",lb. (453.6 gm),Pork and deli,5.847,APU0000704111
2015-12-01,2015,12,"Bacon, sliced",lb. (453.6 gm),Pork and deli,5.734,APU0000704111
2016-01-01,2016,1,"Bacon, sliced",lb. (453.6 gm),Pork and deli,5.656,APU0000704111
2016-02-01,2016,2,"Bacon, sliced",lb. (453.6 gm),Pork and deli,5.394,APU0000704111
2016-03-01,2016,3,"Bacon, sliced",lb. (453.6 gm),Pork and deli,5.494,APU0000704111
2016-04-01,2016,4,"Bacon, sliced",lb. (453.6 gm),Pork and deli,5.613,APU0000704111
2016-05-01,2016,5,"Bacon, sliced",lb. (453.6 gm),Pork and deli,5.552,APU0000704111
2016-06-01,2016,6,"Bacon, sliced",lb. (453.6 gm),Pork and deli,5.374,APU0000704111
2016-07-01,2016,7,"Bacon, sliced",lb. (453.6 gm),Pork and deli,5.454,APU0000704111
2016-08-01,2016,8,"Bacon, sliced",lb. (453.6 gm),Pork and deli,5.448,APU0000704111
2016-09-01,2016,9,"Bacon, sliced",lb. (453.6 gm),Pork and deli,5.481,APU0000704111
2016-10-01,2016,10,"Bacon, sliced",lb. (453.6 gm),Pork and deli,5.375,APU0000704111
2016-11-01,2016,11,"Bacon, sliced",lb. (453.6 gm),Pork and deli,5.106,APU0000704111
2016-12-01,2016,12,"Bacon, sliced",lb. (453.6 gm),Pork and deli,5.102,APU0000704111
2017-01-01,2017,1,"Bacon, sliced",lb. (453.6 gm),Pork and deli,5.18,APU0000704111
2017-02-01,2017,2,"Bacon, sliced",lb. (453.6 gm),Pork and deli,5.334,APU0000704111
2017-03-01,2017,3,"Bacon, sliced",lb. (453.6 gm),Pork and deli,5.745,APU0000704111
2017-04-01,2017,4,"Bacon, sliced",lb. (453.6 gm),Pork and deli,5.775,APU0000704111
2017-05-01,2017,5,"Bacon, sliced",lb. (453.6 gm),Pork and deli,5.699,APU0000704111
2017-06-01,2017,6,"Bacon, sliced",lb. (453.6 gm),Pork and deli,5.665,APU0000704111
2017-07-01,2017,7,"Bacon, sliced",lb. (453.6 gm),Pork and deli,5.819,APU0000704111
2017-08-01,2017,8,"Bacon, sliced",lb. (453.6 gm),Pork and deli,6.241,APU0000704111
2017-09-01,2017,9,"Bacon, sliced",lb. (453.6 gm),Pork and deli,6.366,APU0000704111
2017-10-01,2017,10,"Bacon, sliced",lb. (453.6 gm),Pork and deli,6.066,APU0000704111
2017-11-01,2017,11,"Bacon, sliced",lb. (453.6 gm),Pork and deli,5.708,APU0000704111
2017-12-01,2017,12,"Bacon, sliced",lb. (453.6 gm),Pork and deli,5.629,APU0000704111
2018-01-01,2018,1,"Bacon, sliced",lb. (453.6 gm),Pork and deli,5.654,APU0000704111
2018-02-01,2018,2,"Bacon, sliced",lb. (453.6 gm),Pork and deli,5.533,APU0000704111
2018-03-01,2018,3,"Bacon, sliced",lb. (453.6 gm),Pork and deli,5.527,APU0000704111
2018-04-01,2018,4,"Bacon, sliced",lb. (453.6 gm),Pork and deli,5.421,APU0000704111
2018-05-01,2018,5,"Bacon, sliced",lb. (453.6 gm),Pork and deli,5.452,APU0000704111
2018-06-01,2018,6,"Bacon, sliced",lb. (453.6 gm),Pork and deli,5.247,APU0000704111
2018-07-01,2018,7,"Bacon, sliced",lb. (453.6 gm),Pork and deli,5.418,APU0000704111
2018-08-01,2018,8,"Bacon, sliced",lb. (453.6 gm),Pork and deli,5.577,APU0000704111
2018-09-01,2018,9,"Bacon, sliced",lb. (453.6 gm),Pork and deli,5.501,APU0000704111
2018-10-01,2018,10,"Bacon, sliced",lb. (453.6 gm),Pork and deli,5.37,APU0000704111
2018-11-01,2018,11,"Bacon, sliced",lb. (453.6 gm),Pork and deli,5.392,APU0000704111
2018-12-01,2018,12,"Bacon, sliced",lb. (453.6 gm),Pork and deli,5.502,APU0000704111
2019-01-01,2019,1,"Bacon, sliced",lb. (453.6 gm),Pork and deli,5.518,APU0000704111
2019-02-01,2019,2,"Bacon, sliced",lb. (453.6 gm),Pork and deli,5.502,APU0000704111
2019-03-01,2019,3,"Bacon, sliced",lb. (453.6 gm),Pork and deli,5.608,APU0000704111
2019-04-01,2019,4,"Bacon, sliced",lb. (453.6 gm),Pork and deli,5.552,APU0000704111
2019-05-01,2019,5,"Bacon, sliced",lb. (453.6 gm),Pork and deli,5.812,APU0000704111
2019-06-01,2019,6,"Bacon, sliced",lb. (453.6 gm),Pork and deli,5.878,APU0000704111
2019-07-01,2019,7,"Bacon, sliced",lb. (453.6 gm),Pork and deli,5.701,APU0000704111
2019-08-01,2019,8,"Bacon, sliced",lb. (453.6 gm),Pork and deli,5.576,APU0000704111
2019-09-01,2019,9,"Bacon, sliced",lb. (453.6 gm),Pork and deli,5.571,APU0000704111
2019-10-01,2019,10,"Bacon, sliced",lb. (453.6 gm),Pork and deli,5.653,APU0000704111
2019-11-01,2019,11,"Bacon, sliced",lb. (453.6 gm),Pork and deli,5.505,APU0000704111
2019-12-01,2019,12,"Bacon, sliced",lb. (453.6 gm),Pork and deli,5.474,APU0000704111
2020-01-01,2020,1,"Bacon, sliced",lb. (453.6 gm),Pork and deli,5.505,APU0000704111
2020-02-01,2020,2,"Bacon, sliced",lb. (453.6 gm),Pork and deli,5.497,APU0000704111
2020-03-01,2020,3,"Bacon, sliced",lb. (453.6 gm),Pork and deli,5.257,APU0000704111
2020-04-01,2020,4,"Bacon, sliced",lb. (453.6 gm),Pork and deli,5.346,APU0000704111
2020-05-01,2020,5,"Bacon, sliced",lb. (453.6 gm),Pork and deli,5.348,APU0000704111
2020-06-01,2020,6,"Bacon, sliced",lb. (453.6 gm),Pork and deli,5.772,APU0000704111
2020-07-01,2020,7,"Bacon, sliced",lb. (453.6 gm),Pork and deli,5.776,APU0000704111
2020-08-01,2020,8,"Bacon, sliced",lb. (453.6 gm),Pork and deli,5.559,APU0000704111
2020-09-01,2020,9,"Bacon, sliced",lb. (453.6 gm),Pork and deli,5.619,APU0000704111
2020-10-01,2020,10,"Bacon, sliced",lb. (453.6 gm),Pork and deli,5.722,APU0000704111
2020-11-01,2020,11,"Bacon, sliced",lb. (453.6 gm),Pork and deli,5.754,APU0000704111
2020-12-01,2020,12,"Bacon, sliced",lb. (453.6 gm),Pork and deli,5.831,APU0000704111
2021-01-01,2021,1,"Bacon, sliced",lb. (453.6 gm),Pork and deli,5.831,APU0000704111
2021-02-01,2021,2,"Bacon, sliced",lb. (453.6 gm),Pork and deli,5.778,APU0000704111
2021-03-01,2021,3,"Bacon, sliced",lb. (453.6 gm),Pork and deli,5.852,APU0000704111
2021-04-01,2021,4,"Bacon, sliced",lb. (453.6 gm),Pork and deli,6.215,APU0000704111
2021-05-01,2021,5,"Bacon, sliced",lb. (453.6 gm),Pork and deli,6.346,APU0000704111
2021-06-01,2021,6,"Bacon, sliced",lb. (453.6 gm),Pork and deli,6.67,APU0000704111
2021-07-01,2021,7,"Bacon, sliced",lb. (453.6 gm),Pork and deli,6.857,APU0000704111
2021-08-01,2021,8,"Bacon, sliced",lb. (453.6 gm),Pork and deli,7.096,APU0000704111
2021-09-01,2021,9,"Bacon, sliced",lb. (453.6 gm),Pork and deli,7.22,APU0000704111
2021-10-01,2021,10,"Bacon, sliced",lb. (453.6 gm),Pork and deli,7.317,APU0000704111
2021-11-01,2021,11,"Bacon, sliced",lb. (453.6 gm),Pork and deli,7.265,APU0000704111
2021-12-01,2021,12,"Bacon, sliced",lb. (453.6 gm),Pork and deli,7.211,APU0000704111
2022-01-01,2022,1,"Bacon, sliced",lb. (453.6 gm),Pork and deli,7.222,APU0000704111
2022-02-01,2022,2,"Bacon, sliced",lb. (453.6 gm),Pork and deli,7.097,APU0000704111
2022-03-01,2022,3,"Bacon, sliced",lb. (453.6 gm),Pork and deli,7.203,APU0000704111
2022-04-01,2022,4,"Bacon, sliced",lb. (453.6 gm),Pork and deli,7.422,APU0000704111
2022-05-01,2022,5,"Bacon, sliced",lb. (453.6 gm),Pork and deli,7.364,APU0000704111
2022-06-01,2022,6,"Bacon, sliced",lb. (453.6 gm),Pork and deli,7.403,APU0000704111
2022-07-01,2022,7,"Bacon, sliced",lb. (453.6 gm),Pork and deli,7.415,APU0000704111
2022-08-01,2022,8,"Bacon, sliced",lb. (453.6 gm),Pork and deli,7.372,APU0000704111
2022-09-01,2022,9,"Bacon, sliced",lb. (453.6 gm),Pork and deli,7.383,APU0000704111
2022-10-01,2022,10,"Bacon, sliced",lb. (453.6 gm),Pork and deli,7.608,APU0000704111
2022-11-01,2022,11,"Bacon, sliced",lb. (453.6 gm),Pork and deli,7.243,APU0000704111
2022-12-01,2022,12,"Bacon, sliced",lb. (453.6 gm),Pork and deli,6.956,APU0000704111
2023-01-01,2023,1,"Bacon, sliced",lb. (453.6 gm),Pork and deli,6.808,APU0000704111
2023-02-01,2023,2,"Bacon, sliced",lb. (453.6 gm),Pork and deli,6.595,APU0000704111
2023-03-01,2023,3,"Bacon, sliced",lb. (453.6 gm),Pork and deli,6.613,APU0000704111
2023-04-01,2023,4,"Bacon, sliced",lb. (453.6 gm),Pork and deli,6.549,APU0000704111
2023-05-01,2023,5,"Bacon, sliced",lb. (453.6 gm),Pork and deli,6.339,APU0000704111
2023-06-01,2023,6,"Bacon, sliced",lb. (453.6 gm),Pork and deli,6.224,APU0000704111
2023-07-01,2023,7,"Bacon, sliced",lb. (453.6 gm),Pork and deli,6.236,APU0000704111
2023-08-01,2023,8,"Bacon, sliced",lb. (453.6 gm),Pork and deli,6.502,APU0000704111
2023-09-01,2023,9,"Bacon, sliced",lb. (453.6 gm),Pork and deli,7.083,APU0000704111
2023-10-01,2023,10,"Bacon, sliced",lb. (453.6 gm),Pork and deli,7.223,APU0000704111
2023-11-01,2023,11,"Bacon, sliced",lb. (453.6 gm),Pork and deli,6.899,APU0000704111
2023-12-01,2023,12,"Bacon, sliced",lb. (453.6 gm),Pork and deli,6.774,APU0000704111
2024-01-01,2024,1,"Bacon, sliced",lb. (453.6 gm),Pork and deli,6.614,APU0000704111
2024-02-01,2024,2,"Bacon, sliced",lb. (453.6 gm),Pork and deli,6.56,APU0000704111
2024-03-01,2024,3,"Bacon, sliced",lb. (453.6 gm),Pork and deli,6.609,APU0000704111
2024-04-01,2024,4,"Bacon, sliced",lb. (453.6 gm),Pork and deli,6.637,APU0000704111
2024-05-01,2024,5,"Bacon, sliced",lb. (453.6 gm),Pork and deli,6.818,APU0000704111
2024-06-01,2024,6,"Bacon, sliced",lb. (453.6 gm),Pork and deli,6.827,APU0000704111
2024-07-01,2024,7,"Bacon, sliced",lb. (453.6 gm),Pork and deli,6.883,APU0000704111
2024-08-01,2024,8,"Bacon, sliced",lb. (453.6 gm),Pork and deli,6.785,APU0000704111
2024-09-01,2024,9,"Bacon, sliced",lb. (453.6 gm),Pork and deli,6.955,APU0000704111
2024-10-01,2024,10,"Bacon, sliced",lb. (453.6 gm),Pork and deli,6.869,APU0000704111
2024-11-01,2024,11,"Bacon, sliced",lb. (453.6 gm),Pork and deli,6.843,APU0000704111
2024-12-01,2024,12,"Bacon, sliced",lb. (453.6 gm),Pork and deli,6.915,APU0000704111
2025-01-01,2025,1,"Bacon, sliced",lb. (453.6 gm),Pork and deli,7.044,APU0000704111
2025-02-01,2025,2,"Bacon, sliced",lb. (453.6 gm),Pork and deli,6.798,APU0000704111
2025-03-01,2025,3,"Bacon, sliced",lb. (453.6 gm),Pork and deli,6.978,APU0000704111
2025-04-01,2025,4,"Bacon, sliced",lb. (453.6 gm),Pork and deli,7.009,APU0000704111
2025-05-01,2025,5,"Bacon, sliced",lb. (453.6 gm),Pork and deli,6.985,APU0000704111
2025-06-01,2025,6,"Bacon, sliced",lb. (453.6 gm),Pork and deli,7.098,APU0000704111
2025-07-01,2025,7,"Bacon, sliced",lb. (453.6 gm),Pork and deli,7.118,APU0000704111
2025-08-01,2025,8,"Bacon, sliced",lb. (453.6 gm),Pork and deli,7.208,APU0000704111
2025-09-01,2025,9,"Bacon, sliced",lb. (453.6 gm),Pork and deli,7.29,APU0000704111
2025-11-01,2025,11,"Bacon, sliced",lb. (453.6 gm),Pork and deli,6.928,APU0000704111
2025-12-01,2025,12,"Bacon, sliced",lb. (453.6 gm),Pork and deli,6.76,APU0000704111
2026-01-01,2026,1,"Bacon, sliced",lb. (453.6 gm),Pork and deli,6.978,APU0000704111
2026-02-01,2026,2,"Bacon, sliced",lb. (453.6 gm),Pork and deli,6.904,APU0000704111
2026-03-01,2026,3,"Bacon, sliced",lb. (453.6 gm),Pork and deli,6.801,APU0000704111
2026-04-01,2026,4,"Bacon, sliced",lb. (453.6 gm),Pork and deli,6.826,APU0000704111
2026-05-01,2026,5,"Bacon, sliced",lb. (453.6 gm),Pork and deli,6.712,APU0000704111
2026-06-01,2026,6,"Bacon, sliced",lb. (453.6 gm),Pork and deli,6.561,APU0000704111
2026-07-01,2026,7,"Bacon, sliced",lb. (453.6 gm),Pork and deli,6.584,APU0000704111
2015-01-01,2015,1,Bananas,lb. (453.6 gm),Fruit,0.583,APU0000711211
2015-02-01,2015,2,Bananas,lb. (453.6 gm),Fruit,0.591,APU0000711211
2015-03-01,2015,3,Bananas,lb. (453.6 gm),Fruit,0.593,APU0000711211
2015-04-01,2015,4,Bananas,lb. (453.6 gm),Fruit,0.597,APU0000711211
2015-05-01,2015,5,Bananas,lb. (453.6 gm),Fruit,0.582,APU0000711211
2015-06-01,2015,6,Bananas,lb. (453.6 gm),Fruit,0.574,APU0000711211
2015-07-01,2015,7,Bananas,lb. (453.6 gm),Fruit,0.581,APU0000711211
2015-08-01,2015,8,Bananas,lb. (453.6 gm),Fruit,0.58,APU0000711211
2015-09-01,2015,9,Bananas,lb. (453.6 gm),Fruit,0.58,APU0000711211
2015-10-01,2015,10,Bananas,lb. (453.6 gm),Fruit,0.577,APU0000711211
2015-11-01,2015,11,Bananas,lb. (453.6 gm),Fruit,0.575,APU0000711211
2015-12-01,2015,12,Bananas,lb. (453.6 gm),Fruit,0.58,APU0000711211
2016-01-01,2016,1,Bananas,lb. (453.6 gm),Fruit,0.581,APU0000711211
2016-02-01,2016,2,Bananas,lb. (453.6 gm),Fruit,0.573,APU0000711211
2016-03-01,2016,3,Bananas,lb. (453.6 gm),Fruit,0.586,APU0000711211
2016-04-01,2016,4,Bananas,lb. (453.6 gm),Fruit,0.574,APU0000711211
2016-05-01,2016,5,Bananas,lb. (453.6 gm),Fruit,0.57,APU0000711211
2016-06-01,2016,6,Bananas,lb. (453.6 gm),Fruit,0.569,APU0000711211
2016-07-01,2016,7,Bananas,lb. (453.6 gm),Fruit,0.567,APU0000711211
2016-08-01,2016,8,Bananas,lb. (453.6 gm),Fruit,0.562,APU0000711211
2016-09-01,2016,9,Bananas,lb. (453.6 gm),Fruit,0.575,APU0000711211
2016-10-01,2016,10,Bananas,lb. (453.6 gm),Fruit,0.57,APU0000711211
2016-11-01,2016,11,Bananas,lb. (453.6 gm),Fruit,0.573,APU0000711211
2016-12-01,2016,12,Bananas,lb. (453.6 gm),Fruit,0.576,APU0000711211
2017-01-01,2017,1,Bananas,lb. (453.6 gm),Fruit,0.573,APU0000711211
2017-02-01,2017,2,Bananas,lb. (453.6 gm),Fruit,0.573,APU0000711211
2017-03-01,2017,3,Bananas,lb. (453.6 gm),Fruit,0.571,APU0000711211
2017-04-01,2017,4,Bananas,lb. (453.6 gm),Fruit,0.571,APU0000711211
2017-05-01,2017,5,Bananas,lb. (453.6 gm),Fruit,0.564,APU0000711211
2017-06-01,2017,6,Bananas,lb. (453.6 gm),Fruit,0.572,APU0000711211
2017-07-01,2017,7,Bananas,lb. (453.6 gm),Fruit,0.565,APU0000711211
2017-08-01,2017,8,Bananas,lb. (453.6 gm),Fruit,0.561,APU0000711211
2017-09-01,2017,9,Bananas,lb. (453.6 gm),Fruit,0.544,APU0000711211
2017-10-01,2017,10,Bananas,lb. (453.6 gm),Fruit,0.548,APU0000711211
2017-11-01,2017,11,Bananas,lb. (453.6 gm),Fruit,0.551,APU0000711211
2017-12-01,2017,12,Bananas,lb. (453.6 gm),Fruit,0.558,APU0000711211
2018-01-01,2018,1,Bananas,lb. (453.6 gm),Fruit,0.568,APU0000711211
2018-02-01,2018,2,Bananas,lb. (453.6 gm),Fruit,0.574,APU0000711211
2018-03-01,2018,3,Bananas,lb. (453.6 gm),Fruit,0.582,APU0000711211
2018-04-01,2018,4,Bananas,lb. (453.6 gm),Fruit,0.578,APU0000711211
2018-05-01,2018,5,Bananas,lb. (453.6 gm),Fruit,0.575,APU0000711211
2018-06-01,2018,6,Bananas,lb. (453.6 gm),Fruit,0.575,APU0000711211
2018-07-01,2018,7,Bananas,lb. (453.6 gm),Fruit,0.575,APU0000711211
2018-08-01,2018,8,Bananas,lb. (453.6 gm),Fruit,0.569,APU0000711211
2018-09-01,2018,9,Bananas,lb. (453.6 gm),Fruit,0.573,APU0000711211
2018-10-01,2018,10,Bananas,lb. (453.6 gm),Fruit,0.574,APU0000711211
2018-11-01,2018,11,Bananas,lb. (453.6 gm),Fruit,0.566,APU0000711211
2018-12-01,2018,12,Bananas,lb. (453.6 gm),Fruit,0.577,APU0000711211
2019-01-01,2019,1,Bananas,lb. (453.6 gm),Fruit,0.576,APU0000711211
2019-02-01,2019,2,Bananas,lb. (453.6 gm),Fruit,0.571,APU0000711211
2019-03-01,2019,3,Bananas,lb. (453.6 gm),Fruit,0.581,APU0000711211
2019-04-01,2019,4,Bananas,lb. (453.6 gm),Fruit,0.567,APU0000711211
2019-05-01,2019,5,Bananas,lb. (453.6 gm),Fruit,0.579,APU0000711211
2019-06-01,2019,6,Bananas,lb. (453.6 gm),Fruit,0.574,APU0000711211
2019-07-01,2019,7,Bananas,lb. (453.6 gm),Fruit,0.569,APU0000711211
2019-08-01,2019,8,Bananas,lb. (453.6 gm),Fruit,0.578,APU0000711211
2019-09-01,2019,9,Bananas,lb. (453.6 gm),Fruit,0.569,APU0000711211
2019-10-01,2019,10,Bananas,lb. (453.6 gm),Fruit,0.573,APU0000711211
2019-11-01,2019,11,Bananas,lb. (453.6 gm),Fruit,0.573,APU0000711211
2019-12-01,2019,12,Bananas,lb. (453.6 gm),Fruit,0.573,APU0000711211
2020-01-01,2020,1,Bananas,lb. (453.6 gm),Fruit,0.57,APU0000711211
2020-02-01,2020,2,Bananas,lb. (453.6 gm),Fruit,0.574,APU0000711211
2020-03-01,2020,3,Bananas,lb. (453.6 gm),Fruit,0.576,APU0000711211
2020-04-01,2020,4,Bananas,lb. (453.6 gm),Fruit,0.581,APU0000711211
2020-05-01,2020,5,Bananas,lb. (453.6 gm),Fruit,0.589,APU0000711211
2020-06-01,2020,6,Bananas,lb. (453.6 gm),Fruit,0.588,APU0000711211
2020-07-01,2020,7,Bananas,lb. (453.6 gm),Fruit,0.58,APU0000711211
2020-08-01,2020,8,Bananas,lb. (453.6 gm),Fruit,0.576,APU0000711211
2020-09-01,2020,9,Bananas,lb. (453.6 gm),Fruit,0.574,APU0000711211
2020-10-01,2020,10,Bananas,lb. (453.6 gm),Fruit,0.577,APU0000711211
2020-11-01,2020,11,Bananas,lb. (453.6 gm),Fruit,0.578,APU0000711211
2020-12-01,2020,12,Bananas,lb. (453.6 gm),Fruit,0.572,APU0000711211
2021-01-01,2021,1,Bananas,lb. (453.6 gm),Fruit,0.597,APU0000711211
2021-02-01,2021,2,Bananas,lb. (453.6 gm),Fruit,0.59,APU0000711211
2021-03-01,2021,3,Bananas,lb. (453.6 gm),Fruit,0.594,APU0000711211
2021-04-01,2021,4,Bananas,lb. (453.6 gm),Fruit,0.604,APU0000711211
2021-05-01,2021,5,Bananas,lb. (453.6 gm),Fruit,0.6,APU0000711211
2021-06-01,2021,6,Bananas,lb. (453.6 gm),Fruit,0.595,APU0000711211
2021-07-01,2021,7,Bananas,lb. (453.6 gm),Fruit,0.594,APU0000711211
2021-08-01,2021,8,Bananas,lb. (453.6 gm),Fruit,0.589,APU0000711211
2021-09-01,2021,9,Bananas,lb. (453.6 gm),Fruit,0.597,APU0000711211
2021-10-01,2021,10,Bananas,lb. (453.6 gm),Fruit,0.6,APU0000711211
2021-11-01,2021,11,Bananas,lb. (453.6 gm),Fruit,0.619,APU0000711211
2021-12-01,2021,12,Bananas,lb. (453.6 gm),Fruit,0.622,APU0000711211
2022-01-01,2022,1,Bananas,lb. (453.6 gm),Fruit,0.63,APU0000711211
2022-02-01,2022,2,Bananas,lb. (453.6 gm),Fruit,0.628,APU0000711211
2022-03-01,2022,3,Bananas,lb. (453.6 gm),Fruit,0.642,APU0000711211
2022-04-01,2022,4,Bananas,lb. (453.6 gm),Fruit,0.637,APU0000711211
2022-05-01,2022,5,Bananas,lb. (453.6 gm),Fruit,0.642,APU0000711211
2022-06-01,2022,6,Bananas,lb. (453.6 gm),Fruit,0.64,APU0000711211
2022-07-01,2022,7,Bananas,lb. (453.6 gm),Fruit,0.64,APU0000711211
2022-08-01,2022,8,Bananas,lb. (453.6 gm),Fruit,0.643,APU0000711211
2022-09-01,2022,9,Bananas,lb. (453.6 gm),Fruit,0.643,APU0000711211
2022-10-01,2022,10,Bananas,lb. (453.6 gm),Fruit,0.634,APU0000711211
2022-11-01,2022,11,Bananas,lb. (453.6 gm),Fruit,0.631,APU0000711211
2022-12-01,2022,12,Bananas,lb. (453.6 gm),Fruit,0.628,APU0000711211
2023-01-01,2023,1,Bananas,lb. (453.6 gm),Fruit,0.639,APU0000711211
2023-02-01,2023,2,Bananas,lb. (453.6 gm),Fruit,0.641,APU0000711211
2023-03-01,2023,3,Bananas,lb. (453.6 gm),Fruit,0.632,APU0000711211
2023-04-01,2023,4,Bananas,lb. (453.6 gm),Fruit,0.635,APU0000711211
2023-05-01,2023,5,Bananas,lb. (453.6 gm),Fruit,0.628,APU0000711211
2023-06-01,2023,6,Bananas,lb. (453.6 gm),Fruit,0.625,APU0000711211
2023-07-01,2023,7,Bananas,lb. (453.6 gm),Fruit,0.631,APU0000711211
2023-08-01,2023,8,Bananas,lb. (453.6 gm),Fruit,0.631,APU0000711211
2023-09-01,2023,9,Bananas,lb. (453.6 gm),Fruit,0.625,APU0000711211
2023-10-01,2023,10,Bananas,lb. (453.6 gm),Fruit,0.626,APU0000711211
2023-11-01,2023,11,Bananas,lb. (453.6 gm),Fruit,0.627,APU0000711211
2023-12-01,2023,12,Bananas,lb. (453.6 gm),Fruit,0.625,APU0000711211
2024-01-01,2024,1,Bananas,lb. (453.6 gm),Fruit,0.617,APU0000711211
2024-02-01,2024,2,Bananas,lb. (453.6 gm),Fruit,0.625,APU0000711211
2024-03-01,2024,3,Bananas,lb. (453.6 gm),Fruit,0.629,APU0000711211
2024-04-01,2024,4,Bananas,lb. (453.6 gm),Fruit,0.626,APU0000711211
2024-05-01,2024,5,Bananas,lb. (453.6 gm),Fruit,0.622,APU0000711211
2024-06-01,2024,6,Bananas,lb. (453.6 gm),Fruit,0.625,APU0000711211
2024-07-01,2024,7,Bananas,lb. (453.6 gm),Fruit,0.613,APU0000711211
2024-08-01,2024,8,Bananas,lb. (453.6 gm),Fruit,0.612,APU0000711211
2024-09-01,2024,9,Bananas,lb. (453.6 gm),Fruit,0.617,APU0000711211
2024-10-01,2024,10,Bananas,lb. (453.6 gm),Fruit,0.619,APU0000711211
2024-11-01,2024,11,Bananas,lb. (453.6 gm),Fruit,0.622,APU0000711211
2024-12-01,2024,12,Bananas,lb. (453.6 gm),Fruit,0.615,APU0000711211
2025-01-01,2025,1,Bananas,lb. (453.6 gm),Fruit,0.621,APU0000711211
2025-02-01,2025,2,Bananas,lb. (453.6 gm),Fruit,0.619,APU0000711211
2025-03-01,2025,3,Bananas,lb. (453.6 gm),Fruit,0.625,APU0000711211
2025-04-01,2025,4,Bananas,lb. (453.6 gm),Fruit,0.635,APU0000711211
2025-05-01,2025,5,Bananas,lb. (453.6 gm),Fruit,0.655,APU0000711211
2025-06-01,2025,6,Bananas,lb. (453.6 gm),Fruit,0.654,APU0000711211
2025-07-01,2025,7,Bananas,lb. (453.6 gm),Fruit,0.657,APU0000711211
2025-08-01,2025,8,Bananas,lb. (453.6 gm),Fruit,0.666,APU0000711211
2025-09-01,2025,9,Bananas,lb. (453.6 gm),Fruit,0.67,APU0000711211
2025-11-01,2025,11,Bananas,lb. (453.6 gm),Fruit,0.664,APU0000711211
2025-12-01,2025,12,Bananas,lb. (453.6 gm),Fruit,0.656,APU0000711211
2026-01-01,2026,1,Bananas,lb. (453.6 gm),Fruit,0.653,APU0000711211
2026-02-01,2026,2,Bananas,lb. (453.6 gm),Fruit,0.653,APU0000711211
2026-03-01,2026,3,Bananas,lb. (453.6 gm),Fruit,0.657,APU0000711211
2026-04-01,2026,4,Bananas,lb. (453.6 gm),Fruit,0.654,APU0000711211
2026-05-01,2026,5,Bananas,lb. (453.6 gm),Fruit,0.646,APU0000711211
2026-06-01,2026,6,Bananas,lb. (453.6 gm),Fruit,0.645,APU0000711211
2026-07-01,2026,7,Bananas,lb. (453.6 gm),Fruit,0.65,APU0000711211
2015-01-01,2015,1,"Beans, dried, any type, all sizes",lb. (453.6 gm),Vegetables,1.452,APU0000714233
2015-02-01,2015,2,"Beans, dried, any type, all sizes",lb. (453.6 gm),Vegetables,1.484,APU0000714233
2015-03-01,2015,3,"Beans, dried, any type, all sizes",lb. (453.6 gm),Vegetables,1.472,APU0000714233
2015-04-01,2015,4,"Beans, dried, any type, all sizes",lb. (453.6 gm),Vegetables,1.51,APU0000714233
2015-05-01,2015,5,"Beans, dried, any type, all sizes",lb. (453.6 gm),Vegetables,1.486,APU0000714233
2015-06-01,2015,6,"Beans, dried, any type, all sizes",lb. (453.6 gm),Vegetables,1.486,APU0000714233
2015-07-01,2015,7,"Beans, dried, any type, all sizes",lb. (453.6 gm),Vegetables,1.483,APU0000714233
2015-08-01,2015,8,"Beans, dried, any type, all sizes",lb. (453.6 gm),Vegetables,1.484,APU0000714233
2015-09-01,2015,9,"Beans, dried, any type, all sizes",lb. (453.6 gm),Vegetables,1.469,APU0000714233
2015-10-01,2015,10,"Beans, dried, any type, all sizes",lb. (453.6 gm),Vegetables,1.482,APU0000714233
2015-11-01,2015,11,"Beans, dried, any type, all sizes",lb. (453.6 gm),Vegetables,1.514,APU0000714233
2015-12-01,2015,12,"Beans, dried, any type, all sizes",lb. (453.6 gm),Vegetables,1.511,APU0000714233
2016-01-01,2016,1,"Beans, dried, any type, all sizes",lb. (453.6 gm),Vegetables,1.466,APU0000714233
2016-02-01,2016,2,"Beans, dried, any type, all sizes",lb. (453.6 gm),Vegetables,1.485,APU0000714233
2016-03-01,2016,3,"Beans, dried, any type, all sizes",lb. (453.6 gm),Vegetables,1.488,APU0000714233
2016-04-01,2016,4,"Beans, dried, any type, all sizes",lb. (453.6 gm),Vegetables,1.468,APU0000714233
2016-05-01,2016,5,"Beans, dried, any type, all sizes",lb. (453.6 gm),Vegetables,1.396,APU0000714233
2016-06-01,2016,6,"Beans, dried, any type, all sizes",lb. (453.6 gm),Vegetables,1.408,APU0000714233
2016-07-01,2016,7,"Beans, dried, any type, all sizes",lb. (453.6 gm),Vegetables,1.404,APU0000714233
2016-08-01,2016,8,"Beans, dried, any type, all sizes",lb. (453.6 gm),Vegetables,1.364,APU0000714233
2016-09-01,2016,9,"Beans, dried, any type, all sizes",lb. (453.6 gm),Vegetables,1.37,APU0000714233
2016-10-01,2016,10,"Beans, dried, any type, all sizes",lb. (453.6 gm),Vegetables,1.35,APU0000714233
2016-11-01,2016,11,"Beans, dried, any type, all sizes",lb. (453.6 gm),Vegetables,1.384,APU0000714233
2016-12-01,2016,12,"Beans, dried, any type, all sizes",lb. (453.6 gm),Vegetables,1.364,APU0000714233
2017-01-01,2017,1,"Beans, dried, any type, all sizes",lb. (453.6 gm),Vegetables,1.35,APU0000714233
2017-02-01,2017,2,"Beans, dried, any type, all sizes",lb. (453.6 gm),Vegetables,1.357,APU0000714233
2017-03-01,2017,3,"Beans, dried, any type, all sizes",lb. (453.6 gm),Vegetables,1.371,APU0000714233
2017-04-01,2017,4,"Beans, dried, any type, all sizes",lb. (453.6 gm),Vegetables,1.354,APU0000714233
2017-05-01,2017,5,"Beans, dried, any type, all sizes",lb. (453.6 gm),Vegetables,1.36,APU0000714233
2017-06-01,2017,6,"Beans, dried, any type, all sizes",lb. (453.6 gm),Vegetables,1.35,APU0000714233
2017-07-01,2017,7,"Beans, dried, any type, all sizes",lb. (453.6 gm),Vegetables,1.354,APU0000714233
2017-08-01,2017,8,"Beans, dried, any type, all sizes",lb. (453.6 gm),Vegetables,1.349,APU0000714233
2017-09-01,2017,9,"Beans, dried, any type, all sizes",lb. (453.6 gm),Vegetables,1.344,APU0000714233
2017-10-01,2017,10,"Beans, dried, any type, all sizes",lb. (453.6 gm),Vegetables,1.362,APU0000714233
2017-11-01,2017,11,"Beans, dried, any type, all sizes",lb. (453.6 gm),Vegetables,1.371,APU0000714233
2017-12-01,2017,12,"Beans, dried, any type, all sizes",lb. (453.6 gm),Vegetables,1.368,APU0000714233
2018-01-01,2018,1,"Beans, dried, any type, all sizes",lb. (453.6 gm),Vegetables,1.327,APU0000714233
2018-02-01,2018,2,"Beans, dried, any type, all sizes",lb. (453.6 gm),Vegetables,1.316,APU0000714233
2018-03-01,2018,3,"Beans, dried, any type, all sizes",lb. (453.6 gm),Vegetables,1.306,APU0000714233
2018-04-01,2018,4,"Beans, dried, any type, all sizes",lb. (453.6 gm),Vegetables,1.308,APU0000714233
2018-05-01,2018,5,"Beans, dried, any type, all sizes",lb. (453.6 gm),Vegetables,1.378,APU0000714233
2018-06-01,2018,6,"Beans, dried, any type, all sizes",lb. (453.6 gm),Vegetables,1.358,APU0000714233
2018-07-01,2018,7,"Beans, dried, any type, all sizes",lb. (453.6 gm),Vegetables,1.342,APU0000714233
2018-08-01,2018,8,"Beans, dried, any type, all sizes",lb. (453.6 gm),Vegetables,1.355,APU0000714233
2018-09-01,2018,9,"Beans, dried, any type, all sizes",lb. (453.6 gm),Vegetables,1.335,APU0000714233
2018-10-01,2018,10,"Beans, dried, any type, all sizes",lb. (453.6 gm),Vegetables,1.351,APU0000714233
2018-11-01,2018,11,"Beans, dried, any type, all sizes",lb. (453.6 gm),Vegetables,1.364,APU0000714233
2018-12-01,2018,12,"Beans, dried, any type, all sizes",lb. (453.6 gm),Vegetables,1.368,APU0000714233
2019-01-01,2019,1,"Beans, dried, any type, all sizes",lb. (453.6 gm),Vegetables,1.343,APU0000714233
2019-02-01,2019,2,"Beans, dried, any type, all sizes",lb. (453.6 gm),Vegetables,1.342,APU0000714233
2019-03-01,2019,3,"Beans, dried, any type, all sizes",lb. (453.6 gm),Vegetables,1.335,APU0000714233
2019-04-01,2019,4,"Beans, dried, any type, all sizes",lb. (453.6 gm),Vegetables,1.339,APU0000714233
2019-05-01,2019,5,"Beans, dried, any type, all sizes",lb. (453.6 gm),Vegetables,1.298,APU0000714233
2019-06-01,2019,6,"Beans, dried, any type, all sizes",lb. (453.6 gm),Vegetables,1.316,APU0000714233
2019-07-01,2019,7,"Beans, dried, any type, all sizes",lb. (453.6 gm),Vegetables,1.345,APU0000714233
2019-08-01,2019,8,"Beans, dried, any type, all sizes",lb. (453.6 gm),Vegetables,1.329,APU0000714233
2019-09-01,2019,9,"Beans, dried, any type, all sizes",lb. (453.6 gm),Vegetables,1.324,APU0000714233
2019-10-01,2019,10,"Beans, dried, any type, all sizes",lb. (453.6 gm),Vegetables,1.347,APU0000714233
2019-11-01,2019,11,"Beans, dried, any type, all sizes",lb. (453.6 gm),Vegetables,1.41,APU0000714233
2019-12-01,2019,12,"Beans, dried, any type, all sizes",lb. (453.6 gm),Vegetables,1.402,APU0000714233
2020-01-01,2020,1,"Beans, dried, any type, all sizes",lb. (453.6 gm),Vegetables,1.432,APU0000714233
2020-02-01,2020,2,"Beans, dried, any type, all sizes",lb. (453.6 gm),Vegetables,1.461,APU0000714233
2020-03-01,2020,3,"Beans, dried, any type, all sizes",lb. (453.6 gm),Vegetables,1.488,APU0000714233
2020-06-01,2020,6,"Beans, dried, any type, all sizes",lb. (453.6 gm),Vegetables,1.422,APU0000714233
2020-07-01,2020,7,"Beans, dried, any type, all sizes",lb. (453.6 gm),Vegetables,1.415,APU0000714233
2020-08-01,2020,8,"Beans, dried, any type, all sizes",lb. (453.6 gm),Vegetables,1.445,APU0000714233
2020-09-01,2020,9,"Beans, dried, any type, all sizes",lb. (453.6 gm),Vegetables,1.424,APU0000714233
2020-10-01,2020,10,"Beans, dried, any type, all sizes",lb. (453.6 gm),Vegetables,1.41,APU0000714233
2020-11-01,2020,11,"Beans, dried, any type, all sizes",lb. (453.6 gm),Vegetables,1.391,APU0000714233
2020-12-01,2020,12,"Beans, dried, any type, all sizes",lb. (453.6 gm),Vegetables,1.404,APU0000714233
2021-01-01,2021,1,"Beans, dried, any type, all sizes",lb. (453.6 gm),Vegetables,1.433,APU0000714233
2021-02-01,2021,2,"Beans, dried, any type, all sizes",lb. (453.6 gm),Vegetables,1.448,APU0000714233
2021-03-01,2021,3,"Beans, dried, any type, all sizes",lb. (453.6 gm),Vegetables,1.459,APU0000714233
2021-04-01,2021,4,"Beans, dried, any type, all sizes",lb. (453.6 gm),Vegetables,1.457,APU0000714233
2021-05-01,2021,5,"Beans, dried, any type, all sizes",lb. (453.6 gm),Vegetables,1.42,APU0000714233
2021-06-01,2021,6,"Beans, dried, any type, all sizes",lb. (453.6 gm),Vegetables,1.421,APU0000714233
2021-07-01,2021,7,"Beans, dried, any type, all sizes",lb. (453.6 gm),Vegetables,1.426,APU0000714233
2021-08-01,2021,8,"Beans, dried, any type, all sizes",lb. (453.6 gm),Vegetables,1.429,APU0000714233
2021-09-01,2021,9,"Beans, dried, any type, all sizes",lb. (453.6 gm),Vegetables,1.445,APU0000714233
2021-10-01,2021,10,"Beans, dried, any type, all sizes",lb. (453.6 gm),Vegetables,1.46,APU0000714233
2021-11-01,2021,11,"Beans, dried, any type, all sizes",lb. (453.6 gm),Vegetables,1.474,APU0000714233
2021-12-01,2021,12,"Beans, dried, any type, all sizes",lb. (453.6 gm),Vegetables,1.504,APU0000714233
2022-01-01,2022,1,"Beans, dried, any type, all sizes",lb. (453.6 gm),Vegetables,1.509,APU0000714233
2022-02-01,2022,2,"Beans, dried, any type, all sizes",lb. (453.6 gm),Vegetables,1.546,APU0000714233
2022-03-01,2022,3,"Beans, dried, any type, all sizes",lb. (453.6 gm),Vegetables,1.625,APU0000714233
2022-04-01,2022,4,"Beans, dried, any type, all sizes",lb. (453.6 gm),Vegetables,1.628,APU0000714233
2022-05-01,2022,5,"Beans, dried, any type, all sizes",lb. (453.6 gm),Vegetables,1.64,APU0000714233
2022-06-01,2022,6,"Beans, dried, any type, all sizes",lb. (453.6 gm),Vegetables,1.639,APU0000714233
2022-07-01,2022,7,"Beans, dried, any type, all sizes",lb. (453.6 gm),Vegetables,1.673,APU0000714233
2022-08-01,2022,8,"Beans, dried, any type, all sizes",lb. (453.6 gm),Vegetables,1.677,APU0000714233
2022-09-01,2022,9,"Beans, dried, any type, all sizes",lb. (453.6 gm),Vegetables,1.677,APU0000714233
2022-10-01,2022,10,"Beans, dried, any type, all sizes",lb. (453.6 gm),Vegetables,1.675,APU0000714233
2022-11-01,2022,11,"Beans, dried, any type, all sizes",lb. (453.6 gm),Vegetables,1.664,APU0000714233
2022-12-01,2022,12,"Beans, dried, any type, all sizes",lb. (453.6 gm),Vegetables,1.7,APU0000714233
2023-01-01,2023,1,"Beans, dried, any type, all sizes",lb. (453.6 gm),Vegetables,1.703,APU0000714233
2023-02-01,2023,2,"Beans, dried, any type, all sizes",lb. (453.6 gm),Vegetables,1.697,APU0000714233
2023-03-01,2023,3,"Beans, dried, any type, all sizes",lb. (453.6 gm),Vegetables,1.687,APU0000714233
2023-04-01,2023,4,"Beans, dried, any type, all sizes",lb. (453.6 gm),Vegetables,1.659,APU0000714233
2023-05-01,2023,5,"Beans, dried, any type, all sizes",lb. (453.6 gm),Vegetables,1.695,APU0000714233
2023-06-01,2023,6,"Beans, dried, any type, all sizes",lb. (453.6 gm),Vegetables,1.707,APU0000714233
2023-07-01,2023,7,"Beans, dried, any type, all sizes",lb. (453.6 gm),Vegetables,1.721,APU0000714233
2023-08-01,2023,8,"Beans, dried, any type, all sizes",lb. (453.6 gm),Vegetables,1.702,APU0000714233
2023-09-01,2023,9,"Beans, dried, any type, all sizes",lb. (453.6 gm),Vegetables,1.715,APU0000714233
2023-10-01,2023,10,"Beans, dried, any type, all sizes",lb. (453.6 gm),Vegetables,1.625,APU0000714233
2023-11-01,2023,11,"Beans, dried, any type, all sizes",lb. (453.6 gm),Vegetables,1.574,APU0000714233
2023-12-01,2023,12,"Beans, dried, any type, all sizes",lb. (453.6 gm),Vegetables,1.592,APU0000714233
2024-01-01,2024,1,"Beans, dried, any type, all sizes",lb. (453.6 gm),Vegetables,1.589,APU0000714233
2024-02-01,2024,2,"Beans, dried, any type, all sizes",lb. (453.6 gm),Vegetables,1.625,APU0000714233
2024-03-01,2024,3,"Beans, dried, any type, all sizes",lb. (453.6 gm),Vegetables,1.648,APU0000714233
2024-04-01,2024,4,"Beans, dried, any type, all sizes",lb. (453.6 gm),Vegetables,1.647,APU0000714233
2024-05-01,2024,5,"Beans, dried, any type, all sizes",lb. (453.6 gm),Vegetables,1.703,APU0000714233
2024-06-01,2024,6,"Beans, dried, any type, all sizes",lb. (453.6 gm),Vegetables,1.681,APU0000714233
2024-07-01,2024,7,"Beans, dried, any type, all sizes",lb. (453.6 gm),Vegetables,1.713,APU0000714233
2024-08-01,2024,8,"Beans, dried, any type, all sizes",lb. (453.6 gm),Vegetables,1.711,APU0000714233
2024-09-01,2024,9,"Beans, dried, any type, all sizes",lb. (453.6 gm),Vegetables,1.705,APU0000714233
2024-10-01,2024,10,"Beans, dried, any type, all sizes",lb. (453.6 gm),Vegetables,1.678,APU0000714233
2024-11-01,2024,11,"Beans, dried, any type, all sizes",lb. (453.6 gm),Vegetables,1.651,APU0000714233
2024-12-01,2024,12,"Beans, dried, any type, all sizes",lb. (453.6 gm),Vegetables,1.655,APU0000714233
2025-01-01,2025,1,"Beans, dried, any type, all sizes",lb. (453.6 gm),Vegetables,1.654,APU0000714233
2025-02-01,2025,2,"Beans, dried, any type, all sizes",lb. (453.6 gm),Vegetables,1.631,APU0000714233
2025-03-01,2025,3,"Beans, dried, any type, all sizes",lb. (453.6 gm),Vegetables,1.64,APU0000714233
2025-04-01,2025,4,"Beans, dried, any type, all sizes",lb. (453.6 gm),Vegetables,1.674,APU0000714233
2025-05-01,2025,5,"Beans, dried, any type, all sizes",lb. (453.6 gm),Vegetables,1.669,APU0000714233
2025-06-01,2025,6,"Beans, dried, any type, all sizes",lb. (453.6 gm),Vegetables,1.588,APU0000714233
2025-07-01,2025,7,"Beans, dried, any type, all sizes",lb. (453.6 gm),Vegetables,1.649,APU0000714233
2025-08-01,2025,8,"Beans, dried, any type, all sizes",lb. (453.6 gm),Vegetables,1.547,APU0000714233
2025-09-01,2025,9,"Beans, dried, any type, all sizes",lb. (453.6 gm),Vegetables,1.629,APU0000714233
2025-11-01,2025,11,"Beans, dried, any type, all sizes",lb. (453.6 gm),Vegetables,1.686,APU0000714233
2025-12-01,2025,12,"Beans, dried, any type, all sizes",lb. (453.6 gm),Vegetables,1.689,APU0000714233
2026-01-01,2026,1,"Beans, dried, any type, all sizes",lb. (453.6 gm),Vegetables,1.702,APU0000714233
2026-02-01,2026,2,"Beans, dried, any type, all sizes",lb. (453.6 gm),Vegetables,1.704,APU0000714233
2026-03-01,2026,3,"Beans, dried, any type, all sizes",lb. (453.6 gm),Vegetables,1.696,APU0000714233
2026-04-01,2026,4,"Beans, dried, any type, all sizes",lb. (453.6 gm),Vegetables,1.705,APU0000714233
2026-05-01,2026,5,"Beans, dried, any type, all sizes",lb. (453.6 gm),Vegetables,1.669,APU0000714233
2026-06-01,2026,6,"Beans, dried, any type, all sizes",lb. (453.6 gm),Vegetables,1.626,APU0000714233
2026-07-01,2026,7,"Beans, dried, any type, all sizes",lb. (453.6 gm),Vegetables,1.689,APU0000714233
2015-01-01,2015,1,"Beef for stew, boneless",lb. (453.6 gm),Beef,5.712,APU0000703432
2015-02-01,2015,2,"Beef for stew, boneless",lb. (453.6 gm),Beef,5.552,APU0000703432
2015-03-01,2015,3,"Beef for stew, boneless",lb. (453.6 gm),Beef,5.595,APU0000703432
2015-04-01,2015,4,"Beef for stew, boneless",lb. (453.6 gm),Beef,5.654,APU0000703432
2015-05-01,2015,5,"Beef for stew, boneless",lb. (453.6 gm),Beef,5.581,APU0000703432
2015-06-01,2015,6,"Beef for stew, boneless",lb. (453.6 gm),Beef,5.7,APU0000703432
2015-07-01,2015,7,"Beef for stew, boneless",lb. (453.6 gm),Beef,5.684,APU0000703432
2015-08-01,2015,8,"Beef for stew, boneless",lb. (453.6 gm),Beef,5.587,APU0000703432
2015-09-01,2015,9,"Beef for stew, boneless",lb. (453.6 gm),Beef,5.608,APU0000703432
2015-10-01,2015,10,"Beef for stew, boneless",lb. (453.6 gm),Beef,5.579,APU0000703432
2015-11-01,2015,11,"Beef for stew, boneless",lb. (453.6 gm),Beef,5.421,APU0000703432
2015-12-01,2015,12,"Beef for stew, boneless",lb. (453.6 gm),Beef,5.498,APU0000703432
2016-01-01,2016,1,"Beef for stew, boneless",lb. (453.6 gm),Beef,5.373,APU0000703432
2016-02-01,2016,2,"Beef for stew, boneless",lb. (453.6 gm),Beef,5.541,APU0000703432
2016-03-01,2016,3,"Beef for stew, boneless",lb. (453.6 gm),Beef,5.585,APU0000703432
2016-04-01,2016,4,"Beef for stew, boneless",lb. (453.6 gm),Beef,5.44,APU0000703432
2016-05-01,2016,5,"Beef for stew, boneless",lb. (453.6 gm),Beef,5.442,APU0000703432
2016-06-01,2016,6,"Beef for stew, boneless",lb. (453.6 gm),Beef,5.38,APU0000703432
2016-07-01,2016,7,"Beef for stew, boneless",lb. (453.6 gm),Beef,5.215,APU0000703432
2016-08-01,2016,8,"Beef for stew, boneless",lb. (453.6 gm),Beef,5.203,APU0000703432
2016-09-01,2016,9,"Beef for stew, boneless",lb. (453.6 gm),Beef,5.05,APU0000703432
2016-10-01,2016,10,"Beef for stew, boneless",lb. (453.6 gm),Beef,5.196,APU0000703432
2016-11-01,2016,11,"Beef for stew, boneless",lb. (453.6 gm),Beef,5.143,APU0000703432
2016-12-01,2016,12,"Beef for stew, boneless",lb. (453.6 gm),Beef,5.262,APU0000703432
2017-01-01,2017,1,"Beef for stew, boneless",lb. (453.6 gm),Beef,5.084,APU0000703432
2017-02-01,2017,2,"Beef for stew, boneless",lb. (453.6 gm),Beef,5.042,APU0000703432
2017-03-01,2017,3,"Beef for stew, boneless",lb. (453.6 gm),Beef,5.073,APU0000703432
2017-04-01,2017,4,"Beef for stew, boneless",lb. (453.6 gm),Beef,5.188,APU0000703432
2017-05-01,2017,5,"Beef for stew, boneless",lb. (453.6 gm),Beef,5.411,APU0000703432
2017-06-01,2017,6,"Beef for stew, boneless",lb. (453.6 gm),Beef,5.677,APU0000703432
2017-07-01,2017,7,"Beef for stew, boneless",lb. (453.6 gm),Beef,5.631,APU0000703432
2017-08-01,2017,8,"Beef for stew, boneless",lb. (453.6 gm),Beef,5.69,APU0000703432
2017-09-01,2017,9,"Beef for stew, boneless",lb. (453.6 gm),Beef,5.536,APU0000703432
2017-10-01,2017,10,"Beef for stew, boneless",lb. (453.6 gm),Beef,5.399,APU0000703432
2017-11-01,2017,11,"Beef for stew, boneless",lb. (453.6 gm),Beef,5.329,APU0000703432
2017-12-01,2017,12,"Beef for stew, boneless",lb. (453.6 gm),Beef,5.343,APU0000703432
2018-11-01,2018,11,"Beef for stew, boneless",lb. (453.6 gm),Beef,5.518,APU0000703432
2018-12-01,2018,12,"Beef for stew, boneless",lb. (453.6 gm),Beef,5.399,APU0000703432
2019-01-01,2019,1,"Beef for stew, boneless",lb. (453.6 gm),Beef,5.527,APU0000703432
2019-02-01,2019,2,"Beef for stew, boneless",lb. (453.6 gm),Beef,5.593,APU0000703432
2019-03-01,2019,3,"Beef for stew, boneless",lb. (453.6 gm),Beef,5.601,APU0000703432
2019-04-01,2019,4,"Beef for stew, boneless",lb. (453.6 gm),Beef,5.79,APU0000703432
2019-06-01,2019,6,"Beef for stew, boneless",lb. (453.6 gm),Beef,5.647,APU0000703432
2019-07-01,2019,7,"Beef for stew, boneless",lb. (453.6 gm),Beef,5.575,APU0000703432
2019-08-01,2019,8,"Beef for stew, boneless",lb. (453.6 gm),Beef,5.614,APU0000703432
2019-09-01,2019,9,"Beef for stew, boneless",lb. (453.6 gm),Beef,5.632,APU0000703432
2019-10-01,2019,10,"Beef for stew, boneless",lb. (453.6 gm),Beef,5.566,APU0000703432
2019-11-01,2019,11,"Beef for stew, boneless",lb. (453.6 gm),Beef,5.792,APU0000703432
2019-12-01,2019,12,"Beef for stew, boneless",lb. (453.6 gm),Beef,5.751,APU0000703432
2020-01-01,2020,1,"Beef for stew, boneless",lb. (453.6 gm),Beef,5.754,APU0000703432
2020-02-01,2020,2,"Beef for stew, boneless",lb. (453.6 gm),Beef,5.83,APU0000703432
2020-03-01,2020,3,"Beef for stew, boneless",lb. (453.6 gm),Beef,5.73,APU0000703432
2020-04-01,2020,4,"Beef for stew, boneless",lb. (453.6 gm),Beef,5.697,APU0000703432
2020-05-01,2020,5,"Beef for stew, boneless",lb. (453.6 gm),Beef,6.308,APU0000703432
2020-06-01,2020,6,"Beef for stew, boneless",lb. (453.6 gm),Beef,6.752,APU0000703432
2020-07-01,2020,7,"Beef for stew, boneless",lb. (453.6 gm),Beef,6.336,APU0000703432
2020-08-01,2020,8,"Beef for stew, boneless",lb. (453.6 gm),Beef,5.995,APU0000703432
2020-09-01,2020,9,"Beef for stew, boneless",lb. (453.6 gm),Beef,5.872,APU0000703432
2020-10-01,2020,10,"Beef for stew, boneless",lb. (453.6 gm),Beef,5.696,APU0000703432
2020-11-01,2020,11,"Beef for stew, boneless",lb. (453.6 gm),Beef,5.729,APU0000703432
2020-12-01,2020,12,"Beef for stew, boneless",lb. (453.6 gm),Beef,5.87,APU0000703432
2021-01-01,2021,1,"Beef for stew, boneless",lb. (453.6 gm),Beef,5.949,APU0000703432
2021-02-01,2021,2,"Beef for stew, boneless",lb. (453.6 gm),Beef,5.782,APU0000703432
2021-03-01,2021,3,"Beef for stew, boneless",lb. (453.6 gm),Beef,5.762,APU0000703432
2021-04-01,2021,4,"Beef for stew, boneless",lb. (453.6 gm),Beef,6.034,APU0000703432
2021-05-01,2021,5,"Beef for stew, boneless",lb. (453.6 gm),Beef,6.225,APU0000703432
2021-06-01,2021,6,"Beef for stew, boneless",lb. (453.6 gm),Beef,6.802,APU0000703432
2021-07-01,2021,7,"Beef for stew, boneless",lb. (453.6 gm),Beef,6.731,APU0000703432
2021-08-01,2021,8,"Beef for stew, boneless",lb. (453.6 gm),Beef,6.666,APU0000703432
2021-09-01,2021,9,"Beef for stew, boneless",lb. (453.6 gm),Beef,6.874,APU0000703432
2021-10-01,2021,10,"Beef for stew, boneless",lb. (453.6 gm),Beef,6.92,APU0000703432
2021-11-01,2021,11,"Beef for stew, boneless",lb. (453.6 gm),Beef,7.159,APU0000703432
2021-12-01,2021,12,"Beef for stew, boneless",lb. (453.6 gm),Beef,7.363,APU0000703432
2022-01-01,2022,1,"Beef for stew, boneless",lb. (453.6 gm),Beef,6.806,APU0000703432
2022-02-01,2022,2,"Beef for stew, boneless",lb. (453.6 gm),Beef,6.977,APU0000703432
2022-03-01,2022,3,"Beef for stew, boneless",lb. (453.6 gm),Beef,7.16,APU0000703432
2022-04-01,2022,4,"Beef for stew, boneless",lb. (453.6 gm),Beef,7.13,APU0000703432
2022-05-01,2022,5,"Beef for stew, boneless",lb. (453.6 gm),Beef,7.023,APU0000703432
2022-06-01,2022,6,"Beef for stew, boneless",lb. (453.6 gm),Beef,6.9,APU0000703432
2022-07-01,2022,7,"Beef for stew, boneless",lb. (453.6 gm),Beef,7.015,APU0000703432
2022-08-01,2022,8,"Beef for stew, boneless",lb. (453.6 gm),Beef,7.08,APU0000703432
2022-09-01,2022,9,"Beef for stew, boneless",lb. (453.6 gm),Beef,6.982,APU0000703432
2022-10-01,2022,10,"Beef for stew, boneless",lb. (453.6 gm),Beef,6.857,APU0000703432
2022-11-01,2022,11,"Beef for stew, boneless",lb. (453.6 gm),Beef,6.58,APU0000703432
2022-12-01,2022,12,"Beef for stew, boneless",lb. (453.6 gm),Beef,6.873,APU0000703432
2023-01-01,2023,1,"Beef for stew, boneless",lb. (453.6 gm),Beef,6.773,APU0000703432
2023-02-01,2023,2,"Beef for stew, boneless",lb. (453.6 gm),Beef,6.785,APU0000703432
2023-03-01,2023,3,"Beef for stew, boneless",lb. (453.6 gm),Beef,6.762,APU0000703432
2023-04-01,2023,4,"Beef for stew, boneless",lb. (453.6 gm),Beef,6.939,APU0000703432
2023-05-01,2023,5,"Beef for stew, boneless",lb. (453.6 gm),Beef,6.756,APU0000703432
2023-06-01,2023,6,"Beef for stew, boneless",lb. (453.6 gm),Beef,6.914,APU0000703432
2023-07-01,2023,7,"Beef for stew, boneless",lb. (453.6 gm),Beef,7.21,APU0000703432
2023-08-01,2023,8,"Beef for stew, boneless",lb. (453.6 gm),Beef,7.157,APU0000703432
2023-09-01,2023,9,"Beef for stew, boneless",lb. (453.6 gm),Beef,7.23,APU0000703432
2023-10-01,2023,10,"Beef for stew, boneless",lb. (453.6 gm),Beef,7.311,APU0000703432
2023-11-01,2023,11,"Beef for stew, boneless",lb. (453.6 gm),Beef,7.16,APU0000703432
2023-12-01,2023,12,"Beef for stew, boneless",lb. (453.6 gm),Beef,7.025,APU0000703432
2024-01-01,2024,1,"Beef for stew, boneless",lb. (453.6 gm),Beef,7.001,APU0000703432
2024-02-01,2024,2,"Beef for stew, boneless",lb. (453.6 gm),Beef,6.839,APU0000703432
2024-03-01,2024,3,"Beef for stew, boneless",lb. (453.6 gm),Beef,6.991,APU0000703432
2024-04-01,2024,4,"Beef for stew, boneless",lb. (453.6 gm),Beef,7.197,APU0000703432
2024-05-01,2024,5,"Beef for stew, boneless",lb. (453.6 gm),Beef,7.229,APU0000703432
2024-06-01,2024,6,"Beef for stew, boneless",lb. (453.6 gm),Beef,7.239,APU0000703432
2024-07-01,2024,7,"Beef for stew, boneless",lb. (453.6 gm),Beef,7.145,APU0000703432
2024-08-01,2024,8,"Beef for stew, boneless",lb. (453.6 gm),Beef,7.298,APU0000703432
2024-09-01,2024,9,"Beef for stew, boneless",lb. (453.6 gm),Beef,7.217,APU0000703432
2024-10-01,2024,10,"Beef for stew, boneless",lb. (453.6 gm),Beef,7.177,APU0000703432
2024-11-01,2024,11,"Beef for stew, boneless",lb. (453.6 gm),Beef,7.432,APU0000703432
2024-12-01,2024,12,"Beef for stew, boneless",lb. (453.6 gm),Beef,7.393,APU0000703432
2025-01-01,2025,1,"Beef for stew, boneless",lb. (453.6 gm),Beef,7.318,APU0000703432
2025-02-01,2025,2,"Beef for stew, boneless",lb. (453.6 gm),Beef,7.677,APU0000703432
2025-03-01,2025,3,"Beef for stew, boneless",lb. (453.6 gm),Beef,7.601,APU0000703432
2025-04-01,2025,4,"Beef for stew, boneless",lb. (453.6 gm),Beef,7.733,APU0000703432
2025-05-01,2025,5,"Beef for stew, boneless",lb. (453.6 gm),Beef,7.729,APU0000703432
2025-06-01,2025,6,"Beef for stew, boneless",lb. (453.6 gm),Beef,8.016,APU0000703432
2025-07-01,2025,7,"Beef for stew, boneless",lb. (453.6 gm),Beef,8.188,APU0000703432
2025-08-01,2025,8,"Beef for stew, boneless",lb. (453.6 gm),Beef,8.815,APU0000703432
2025-09-01,2025,9,"Beef for stew, boneless",lb. (453.6 gm),Beef,8.68,APU0000703432
2025-11-01,2025,11,"Beef for stew, boneless",lb. (453.6 gm),Beef,9.172,APU0000703432
2025-12-01,2025,12,"Beef for stew, boneless",lb. (453.6 gm),Beef,8.63,APU0000703432
2026-01-01,2026,1,"Beef for stew, boneless",lb. (453.6 gm),Beef,8.463,APU0000703432
2026-02-01,2026,2,"Beef for stew, boneless",lb. (453.6 gm),Beef,8.358,APU0000703432
2026-03-01,2026,3,"Beef for stew, boneless",lb. (453.6 gm),Beef,8.413,APU0000703432
2026-04-01,2026,4,"Beef for stew, boneless",lb. (453.6 gm),Beef,8.651,APU0000703432
2026-05-01,2026,5,"Beef for stew, boneless",lb. (453.6 gm),Beef,9.003,APU0000703432
2026-06-01,2026,6,"Beef for stew, boneless",lb. (453.6 gm),Beef,9.304,APU0000703432
2026-07-01,2026,7,"Beef for stew, boneless",lb. (453.6 gm),Beef,9.025,APU0000703432
2015-01-01,2015,1,"Bologna, all beef or mixed",lb. (453.6 gm),Pork and deli,2.957,APU0000705121
2015-02-01,2015,2,"Bologna, all beef or mixed",lb. (453.6 gm),Pork and deli,3.038,APU0000705121
2015-03-01,2015,3,"Bologna, all beef or mixed",lb. (453.6 gm),Pork and deli,2.956,APU0000705121
2015-04-01,2015,4,"Bologna, all beef or mixed",lb. (453.6 gm),Pork and deli,2.98,APU0000705121
2015-05-01,2015,5,"Bologna, all beef or mixed",lb. (453.6 gm),Pork and deli,2.846,APU0000705121
2015-06-01,2015,6,"Bologna, all beef or mixed",lb. (453.6 gm),Pork and deli,2.799,APU0000705121
2015-07-01,2015,7,"Bologna, all beef or mixed",lb. (453.6 gm),Pork and deli,2.82,APU0000705121
2015-08-01,2015,8,"Bologna, all beef or mixed",lb. (453.6 gm),Pork and deli,2.817,APU0000705121
2015-09-01,2015,9,"Bologna, all beef or mixed",lb. (453.6 gm),Pork and deli,2.756,APU0000705121
2015-10-01,2015,10,"Bologna, all beef or mixed",lb. (453.6 gm),Pork and deli,2.65,APU0000705121
2015-11-01,2015,11,"Bologna, all beef or mixed",lb. (453.6 gm),Pork and deli,2.598,APU0000705121
2015-12-01,2015,12,"Bologna, all beef or mixed",lb. (453.6 gm),Pork and deli,2.63,APU0000705121
2016-01-01,2016,1,"Bologna, all beef or mixed",lb. (453.6 gm),Pork and deli,2.634,APU0000705121
2016-02-01,2016,2,"Bologna, all beef or mixed",lb. (453.6 gm),Pork and deli,2.653,APU0000705121
2016-03-01,2016,3,"Bologna, all beef or mixed",lb. (453.6 gm),Pork and deli,2.702,APU0000705121
2016-04-01,2016,4,"Bologna, all beef or mixed",lb. (453.6 gm),Pork and deli,2.628,APU0000705121
2016-05-01,2016,5,"Bologna, all beef or mixed",lb. (453.6 gm),Pork and deli,2.643,APU0000705121
2016-06-01,2016,6,"Bologna, all beef or mixed",lb. (453.6 gm),Pork and deli,2.654,APU0000705121
2016-07-01,2016,7,"Bologna, all beef or mixed",lb. (453.6 gm),Pork and deli,2.62,APU0000705121
2016-08-01,2016,8,"Bologna, all beef or mixed",lb. (453.6 gm),Pork and deli,2.655,APU0000705121
2016-09-01,2016,9,"Bologna, all beef or mixed",lb. (453.6 gm),Pork and deli,2.657,APU0000705121
2016-10-01,2016,10,"Bologna, all beef or mixed",lb. (453.6 gm),Pork and deli,2.718,APU0000705121
2016-11-01,2016,11,"Bologna, all beef or mixed",lb. (453.6 gm),Pork and deli,2.619,APU0000705121
2016-12-01,2016,12,"Bologna, all beef or mixed",lb. (453.6 gm),Pork and deli,2.625,APU0000705121
2017-01-01,2017,1,"Bologna, all beef or mixed",lb. (453.6 gm),Pork and deli,2.637,APU0000705121
2017-02-01,2017,2,"Bologna, all beef or mixed",lb. (453.6 gm),Pork and deli,2.633,APU0000705121
2017-03-01,2017,3,"Bologna, all beef or mixed",lb. (453.6 gm),Pork and deli,2.672,APU0000705121
2017-04-01,2017,4,"Bologna, all beef or mixed",lb. (453.6 gm),Pork and deli,2.592,APU0000705121
2017-05-01,2017,5,"Bologna, all beef or mixed",lb. (453.6 gm),Pork and deli,2.763,APU0000705121
2017-06-01,2017,6,"Bologna, all beef or mixed",lb. (453.6 gm),Pork and deli,2.8,APU0000705121
2017-07-01,2017,7,"Bologna, all beef or mixed",lb. (453.6 gm),Pork and deli,2.814,APU0000705121
2017-08-01,2017,8,"Bologna, all beef or mixed",lb. (453.6 gm),Pork and deli,2.793,APU0000705121
2017-09-01,2017,9,"Bologna, all beef or mixed",lb. (453.6 gm),Pork and deli,2.809,APU0000705121
2017-10-01,2017,10,"Bologna, all beef or mixed",lb. (453.6 gm),Pork and deli,2.757,APU0000705121
2017-11-01,2017,11,"Bologna, all beef or mixed",lb. (453.6 gm),Pork and deli,2.839,APU0000705121
2017-12-01,2017,12,"Bologna, all beef or mixed",lb. (453.6 gm),Pork and deli,2.808,APU0000705121
2018-01-01,2018,1,"Bologna, all beef or mixed",lb. (453.6 gm),Pork and deli,2.528,APU0000705121
2018-02-01,2018,2,"Bologna, all beef or mixed",lb. (453.6 gm),Pork and deli,2.593,APU0000705121
2018-03-01,2018,3,"Bologna, all beef or mixed",lb. (453.6 gm),Pork and deli,2.719,APU0000705121
2018-04-01,2018,4,"Bologna, all beef or mixed",lb. (453.6 gm),Pork and deli,2.605,APU0000705121
2018-05-01,2018,5,"Bologna, all beef or mixed",lb. (453.6 gm),Pork and deli,2.754,APU0000705121
2018-06-01,2018,6,"Bologna, all beef or mixed",lb. (453.6 gm),Pork and deli,2.69,APU0000705121
2018-07-01,2018,7,"Bologna, all beef or mixed",lb. (453.6 gm),Pork and deli,2.654,APU0000705121
2018-08-01,2018,8,"Bologna, all beef or mixed",lb. (453.6 gm),Pork and deli,2.718,APU0000705121
2018-09-01,2018,9,"Bologna, all beef or mixed",lb. (453.6 gm),Pork and deli,2.677,APU0000705121
2018-10-01,2018,10,"Bologna, all beef or mixed",lb. (453.6 gm),Pork and deli,2.841,APU0000705121
2018-11-01,2018,11,"Bologna, all beef or mixed",lb. (453.6 gm),Pork and deli,2.642,APU0000705121
2018-12-01,2018,12,"Bologna, all beef or mixed",lb. (453.6 gm),Pork and deli,2.632,APU0000705121
2019-01-01,2019,1,"Bologna, all beef or mixed",lb. (453.6 gm),Pork and deli,2.624,APU0000705121
2019-02-01,2019,2,"Bologna, all beef or mixed",lb. (453.6 gm),Pork and deli,2.599,APU0000705121
2019-03-01,2019,3,"Bologna, all beef or mixed",lb. (453.6 gm),Pork and deli,2.604,APU0000705121
2019-04-01,2019,4,"Bologna, all beef or mixed",lb. (453.6 gm),Pork and deli,2.625,APU0000705121
2019-05-01,2019,5,"Bologna, all beef or mixed",lb. (453.6 gm),Pork and deli,2.687,APU0000705121
2019-06-01,2019,6,"Bologna, all beef or mixed",lb. (453.6 gm),Pork and deli,2.837,APU0000705121
2019-07-01,2019,7,"Bologna, all beef or mixed",lb. (453.6 gm),Pork and deli,2.719,APU0000705121
2019-08-01,2019,8,"Bologna, all beef or mixed",lb. (453.6 gm),Pork and deli,2.777,APU0000705121
2019-09-01,2019,9,"Bologna, all beef or mixed",lb. (453.6 gm),Pork and deli,2.791,APU0000705121
2015-01-01,2015,1,"Bread, white, pan",lb. (453.6 gm),Bakery and grains,1.479,APU0000702111
2015-02-01,2015,2,"Bread, white, pan",lb. (453.6 gm),Bakery and grains,1.435,APU0000702111
2015-03-01,2015,3,"Bread, white, pan",lb. (453.6 gm),Bakery and grains,1.44,APU0000702111
2015-04-01,2015,4,"Bread, white, pan",lb. (453.6 gm),Bakery and grains,1.454,APU0000702111
2015-05-01,2015,5,"Bread, white, pan",lb. (453.6 gm),Bakery and grains,1.463,APU0000702111
2015-06-01,2015,6,"Bread, white, pan",lb. (453.6 gm),Bakery and grains,1.467,APU0000702111
2015-07-01,2015,7,"Bread, white, pan",lb. (453.6 gm),Bakery and grains,1.447,APU0000702111
2015-08-01,2015,8,"Bread, white, pan",lb. (453.6 gm),Bakery and grains,1.42,APU0000702111
2015-09-01,2015,9,"Bread, white, pan",lb. (453.6 gm),Bakery and grains,1.432,APU0000702111
2015-10-01,2015,10,"Bread, white, pan",lb. (453.6 gm),Bakery and grains,1.418,APU0000702111
2015-11-01,2015,11,"Bread, white, pan",lb. (453.6 gm),Bakery and grains,1.409,APU0000702111
2015-12-01,2015,12,"Bread, white, pan",lb. (453.6 gm),Bakery and grains,1.428,APU0000702111
2016-01-01,2016,1,"Bread, white, pan",lb. (453.6 gm),Bakery and grains,1.425,APU0000702111
2016-02-01,2016,2,"Bread, white, pan",lb. (453.6 gm),Bakery and grains,1.407,APU0000702111
2016-03-01,2016,3,"Bread, white, pan",lb. (453.6 gm),Bakery and grains,1.416,APU0000702111
2016-04-01,2016,4,"Bread, white, pan",lb. (453.6 gm),Bakery and grains,1.406,APU0000702111
2016-05-01,2016,5,"Bread, white, pan",lb. (453.6 gm),Bakery and grains,1.382,APU0000702111
2016-06-01,2016,6,"Bread, white, pan",lb. (453.6 gm),Bakery and grains,1.333,APU0000702111
2016-07-01,2016,7,"Bread, white, pan",lb. (453.6 gm),Bakery and grains,1.349,APU0000702111
2016-08-01,2016,8,"Bread, white, pan",lb. (453.6 gm),Bakery and grains,1.341,APU0000702111
2016-09-01,2016,9,"Bread, white, pan",lb. (453.6 gm),Bakery and grains,1.329,APU0000702111
2016-10-01,2016,10,"Bread, white, pan",lb. (453.6 gm),Bakery and grains,1.343,APU0000702111
2016-11-01,2016,11,"Bread, white, pan",lb. (453.6 gm),Bakery and grains,1.362,APU0000702111
2016-12-01,2016,12,"Bread, white, pan",lb. (453.6 gm),Bakery and grains,1.362,APU0000702111
2017-01-01,2017,1,"Bread, white, pan",lb. (453.6 gm),Bakery and grains,1.351,APU0000702111
2017-02-01,2017,2,"Bread, white, pan",lb. (453.6 gm),Bakery and grains,1.358,APU0000702111
2017-03-01,2017,3,"Bread, white, pan",lb. (453.6 gm),Bakery and grains,1.329,APU0000702111
2017-04-01,2017,4,"Bread, white, pan",lb. (453.6 gm),Bakery and grains,1.328,APU0000702111
2017-05-01,2017,5,"Bread, white, pan",lb. (453.6 gm),Bakery and grains,1.327,APU0000702111
2017-06-01,2017,6,"Bread, white, pan",lb. (453.6 gm),Bakery and grains,1.335,APU0000702111
2017-07-01,2017,7,"Bread, white, pan",lb. (453.6 gm),Bakery and grains,1.327,APU0000702111
2017-08-01,2017,8,"Bread, white, pan",lb. (453.6 gm),Bakery and grains,1.348,APU0000702111
2017-09-01,2017,9,"Bread, white, pan",lb. (453.6 gm),Bakery and grains,1.349,APU0000702111
2017-10-01,2017,10,"Bread, white, pan",lb. (453.6 gm),Bakery and grains,1.328,APU0000702111
2017-11-01,2017,11,"Bread, white, pan",lb. (453.6 gm),Bakery and grains,1.295,APU0000702111
2017-12-01,2017,12,"Bread, white, pan",lb. (453.6 gm),Bakery and grains,1.316,APU0000702111
2018-01-01,2018,1,"Bread, white, pan",lb. (453.6 gm),Bakery and grains,1.281,APU0000702111
2018-02-01,2018,2,"Bread, white, pan",lb. (453.6 gm),Bakery and grains,1.265,APU0000702111
2018-03-01,2018,3,"Bread, white, pan",lb. (453.6 gm),Bakery and grains,1.309,APU0000702111
2018-04-01,2018,4,"Bread, white, pan",lb. (453.6 gm),Bakery and grains,1.281,APU0000702111
2018-05-01,2018,5,"Bread, white, pan",lb. (453.6 gm),Bakery and grains,1.293,APU0000702111
2018-06-01,2018,6,"Bread, white, pan",lb. (453.6 gm),Bakery and grains,1.279,APU0000702111
2018-07-01,2018,7,"Bread, white, pan",lb. (453.6 gm),Bakery and grains,1.293,APU0000702111
2018-08-01,2018,8,"Bread, white, pan",lb. (453.6 gm),Bakery and grains,1.302,APU0000702111
2018-09-01,2018,9,"Bread, white, pan",lb. (453.6 gm),Bakery and grains,1.288,APU0000702111
2018-10-01,2018,10,"Bread, white, pan",lb. (453.6 gm),Bakery and grains,1.277,APU0000702111
2018-11-01,2018,11,"Bread, white, pan",lb. (453.6 gm),Bakery and grains,1.274,APU0000702111
2018-12-01,2018,12,"Bread, white, pan",lb. (453.6 gm),Bakery and grains,1.29,APU0000702111
2019-01-01,2019,1,"Bread, white, pan",lb. (453.6 gm),Bakery and grains,1.274,APU0000702111
2019-02-01,2019,2,"Bread, white, pan",lb. (453.6 gm),Bakery and grains,1.282,APU0000702111
2019-03-01,2019,3,"Bread, white, pan",lb. (453.6 gm),Bakery and grains,1.261,APU0000702111
2019-04-01,2019,4,"Bread, white, pan",lb. (453.6 gm),Bakery and grains,1.285,APU0000702111
2019-05-01,2019,5,"Bread, white, pan",lb. (453.6 gm),Bakery and grains,1.289,APU0000702111
2019-06-01,2019,6,"Bread, white, pan",lb. (453.6 gm),Bakery and grains,1.28,APU0000702111
2019-07-01,2019,7,"Bread, white, pan",lb. (453.6 gm),Bakery and grains,1.281,APU0000702111
2019-08-01,2019,8,"Bread, white, pan",lb. (453.6 gm),Bakery and grains,1.275,APU0000702111
2019-09-01,2019,9,"Bread, white, pan",lb. (453.6 gm),Bakery and grains,1.296,APU0000702111
2019-10-01,2019,10,"Bread, white, pan",lb. (453.6 gm),Bakery and grains,1.325,APU0000702111
2019-11-01,2019,11,"Bread, white, pan",lb. (453.6 gm),Bakery and grains,1.361,APU0000702111
2019-12-01,2019,12,"Bread, white, pan",lb. (453.6 gm),Bakery and grains,1.363,APU0000702111
2020-01-01,2020,1,"Bread, white, pan",lb. (453.6 gm),Bakery and grains,1.351,APU0000702111
2020-02-01,2020,2,"Bread, white, pan",lb. (453.6 gm),Bakery and grains,1.375,APU0000702111
2020-03-01,2020,3,"Bread, white, pan",lb. (453.6 gm),Bakery and grains,1.374,APU0000702111
2020-04-01,2020,4,"Bread, white, pan",lb. (453.6 gm),Bakery and grains,1.406,APU0000702111
2020-05-01,2020,5,"Bread, white, pan",lb. (453.6 gm),Bakery and grains,1.412,APU0000702111
2020-06-01,2020,6,"Bread, white, pan",lb. (453.6 gm),Bakery and grains,1.474,APU0000702111
2020-07-01,2020,7,"Bread, white, pan",lb. (453.6 gm),Bakery and grains,1.485,APU0000702111
2020-08-01,2020,8,"Bread, white, pan",lb. (453.6 gm),Bakery and grains,1.495,APU0000702111
2020-09-01,2020,9,"Bread, white, pan",lb. (453.6 gm),Bakery and grains,1.492,APU0000702111
2020-10-01,2020,10,"Bread, white, pan",lb. (453.6 gm),Bakery and grains,1.503,APU0000702111
2020-11-01,2020,11,"Bread, white, pan",lb. (453.6 gm),Bakery and grains,1.515,APU0000702111
2020-12-01,2020,12,"Bread, white, pan",lb. (453.6 gm),Bakery and grains,1.538,APU0000702111
2021-01-01,2021,1,"Bread, white, pan",lb. (453.6 gm),Bakery and grains,1.546,APU0000702111
2021-02-01,2021,2,"Bread, white, pan",lb. (453.6 gm),Bakery and grains,1.537,APU0000702111
2021-03-01,2021,3,"Bread, white, pan",lb. (453.6 gm),Bakery and grains,1.526,APU0000702111
2021-04-01,2021,4,"Bread, white, pan",lb. (453.6 gm),Bakery and grains,1.51,APU0000702111
2021-05-01,2021,5,"Bread, white, pan",lb. (453.6 gm),Bakery and grains,1.511,APU0000702111
2021-06-01,2021,6,"Bread, white, pan",lb. (453.6 gm),Bakery and grains,1.51,APU0000702111
2021-07-01,2021,7,"Bread, white, pan",lb. (453.6 gm),Bakery and grains,1.491,APU0000702111
2021-08-01,2021,8,"Bread, white, pan",lb. (453.6 gm),Bakery and grains,1.467,APU0000702111
2021-09-01,2021,9,"Bread, white, pan",lb. (453.6 gm),Bakery and grains,1.58,APU0000702111
2021-10-01,2021,10,"Bread, white, pan",lb. (453.6 gm),Bakery and grains,1.526,APU0000702111
2021-11-01,2021,11,"Bread, white, pan",lb. (453.6 gm),Bakery and grains,1.547,APU0000702111
2021-12-01,2021,12,"Bread, white, pan",lb. (453.6 gm),Bakery and grains,1.532,APU0000702111
2022-01-01,2022,1,"Bread, white, pan",lb. (453.6 gm),Bakery and grains,1.555,APU0000702111
2022-02-01,2022,2,"Bread, white, pan",lb. (453.6 gm),Bakery and grains,1.578,APU0000702111
2022-03-01,2022,3,"Bread, white, pan",lb. (453.6 gm),Bakery and grains,1.607,APU0000702111
2022-04-01,2022,4,"Bread, white, pan",lb. (453.6 gm),Bakery and grains,1.612,APU0000702111
2022-05-01,2022,5,"Bread, white, pan",lb. (453.6 gm),Bakery and grains,1.606,APU0000702111
2022-06-01,2022,6,"Bread, white, pan",lb. (453.6 gm),Bakery and grains,1.691,APU0000702111
2022-07-01,2022,7,"Bread, white, pan",lb. (453.6 gm),Bakery and grains,1.715,APU0000702111
2022-08-01,2022,8,"Bread, white, pan",lb. (453.6 gm),Bakery and grains,1.756,APU0000702111
2022-09-01,2022,9,"Bread, white, pan",lb. (453.6 gm),Bakery and grains,1.749,APU0000702111
2022-10-01,2022,10,"Bread, white, pan",lb. (453.6 gm),Bakery and grains,1.814,APU0000702111
2022-11-01,2022,11,"Bread, white, pan",lb. (453.6 gm),Bakery and grains,1.847,APU0000702111
2022-12-01,2022,12,"Bread, white, pan",lb. (453.6 gm),Bakery and grains,1.873,APU0000702111
2023-01-01,2023,1,"Bread, white, pan",lb. (453.6 gm),Bakery and grains,1.888,APU0000702111
2023-02-01,2023,2,"Bread, white, pan",lb. (453.6 gm),Bakery and grains,1.896,APU0000702111
2023-03-01,2023,3,"Bread, white, pan",lb. (453.6 gm),Bakery and grains,1.936,APU0000702111
2023-04-01,2023,4,"Bread, white, pan",lb. (453.6 gm),Bakery and grains,1.989,APU0000702111
2023-05-01,2023,5,"Bread, white, pan",lb. (453.6 gm),Bakery and grains,1.951,APU0000702111
2023-06-01,2023,6,"Bread, white, pan",lb. (453.6 gm),Bakery and grains,1.937,APU0000702111
2023-07-01,2023,7,"Bread, white, pan",lb. (453.6 gm),Bakery and grains,1.98,APU0000702111
2023-08-01,2023,8,"Bread, white, pan",lb. (453.6 gm),Bakery and grains,1.97,APU0000702111
2023-09-01,2023,9,"Bread, white, pan",lb. (453.6 gm),Bakery and grains,1.972,APU0000702111
2023-10-01,2023,10,"Bread, white, pan",lb. (453.6 gm),Bakery and grains,2.002,APU0000702111
2023-11-01,2023,11,"Bread, white, pan",lb. (453.6 gm),Bakery and grains,1.976,APU0000702111
2023-12-01,2023,12,"Bread, white, pan",lb. (453.6 gm),Bakery and grains,2.024,APU0000702111
2024-01-01,2024,1,"Bread, white, pan",lb. (453.6 gm),Bakery and grains,2.033,APU0000702111
2024-02-01,2024,2,"Bread, white, pan",lb. (453.6 gm),Bakery and grains,2.006,APU0000702111
2024-03-01,2024,3,"Bread, white, pan",lb. (453.6 gm),Bakery and grains,1.997,APU0000702111
2024-04-01,2024,4,"Bread, white, pan",lb. (453.6 gm),Bakery and grains,1.998,APU0000702111
2024-05-01,2024,5,"Bread, white, pan",lb. (453.6 gm),Bakery and grains,1.971,APU0000702111
2024-06-01,2024,6,"Bread, white, pan",lb. (453.6 gm),Bakery and grains,1.973,APU0000702111
2024-07-01,2024,7,"Bread, white, pan",lb. (453.6 gm),Bakery and grains,1.975,APU0000702111
2024-08-01,2024,8,"Bread, white, pan",lb. (453.6 gm),Bakery and grains,1.951,APU0000702111
2024-09-01,2024,9,"Bread, white, pan",lb. (453.6 gm),Bakery and grains,1.976,APU0000702111
2024-10-01,2024,10,"Bread, white, pan",lb. (453.6 gm),Bakery and grains,1.937,APU0000702111
2024-11-01,2024,11,"Bread, white, pan",lb. (453.6 gm),Bakery and grains,1.916,APU0000702111
2024-12-01,2024,12,"Bread, white, pan",lb. (453.6 gm),Bakery and grains,1.912,APU0000702111
2025-01-01,2025,1,"Bread, white, pan",lb. (453.6 gm),Bakery and grains,1.925,APU0000702111
2025-02-01,2025,2,"Bread, white, pan",lb. (453.6 gm),Bakery and grains,1.925,APU0000702111
2025-03-01,2025,3,"Bread, white, pan",lb. (453.6 gm),Bakery and grains,1.88,APU0000702111
2025-04-01,2025,4,"Bread, white, pan",lb. (453.6 gm),Bakery and grains,1.913,APU0000702111
2025-05-01,2025,5,"Bread, white, pan",lb. (453.6 gm),Bakery and grains,1.876,APU0000702111
2025-06-01,2025,6,"Bread, white, pan",lb. (453.6 gm),Bakery and grains,1.864,APU0000702111
2025-07-01,2025,7,"Bread, white, pan",lb. (453.6 gm),Bakery and grains,1.851,APU0000702111
2025-08-01,2025,8,"Bread, white, pan",lb. (453.6 gm),Bakery and grains,1.841,APU0000702111
2025-09-01,2025,9,"Bread, white, pan",lb. (453.6 gm),Bakery and grains,1.867,APU0000702111
2025-11-01,2025,11,"Bread, white, pan",lb. (453.6 gm),Bakery and grains,1.79,APU0000702111
2025-12-01,2025,12,"Bread, white, pan",lb. (453.6 gm),Bakery and grains,1.833,APU0000702111
2026-01-01,2026,1,"Bread, white, pan",lb. (453.6 gm),Bakery and grains,1.843,APU0000702111
2026-02-01,2026,2,"Bread, white, pan",lb. (453.6 gm),Bakery and grains,1.85,APU0000702111
2026-03-01,2026,3,"Bread, white, pan",lb. (453.6 gm),Bakery and grains,1.808,APU0000702111
2026-04-01,2026,4,"Bread, white, pan",lb. (453.6 gm),Bakery and grains,1.869,APU0000702111
2026-05-01,2026,5,"Bread, white, pan",lb. (453.6 gm),Bakery and grains,1.83,APU0000702111
2026-06-01,2026,6,"Bread, white, pan",lb. (453.6 gm),Bakery and grains,1.814,APU0000702111
2026-07-01,2026,7,"Bread, white, pan",lb. (453.6 gm),Bakery and grains,1.82,APU0000702111
2015-01-01,2015,1,"Bread, whole wheat, pan",lb. (453.6 gm),Bakery and grains,1.948,APU0000702212
2015-02-01,2015,2,"Bread, whole wheat, pan",lb. (453.6 gm),Bakery and grains,2.024,APU0000702212
2015-03-01,2015,3,"Bread, whole wheat, pan",lb. (453.6 gm),Bakery and grains,2.042,APU0000702212
2015-04-01,2015,4,"Bread, whole wheat, pan",lb. (453.6 gm),Bakery and grains,2.008,APU0000702212
2015-05-01,2015,5,"Bread, whole wheat, pan",lb. (453.6 gm),Bakery and grains,2.041,APU0000702212
2015-06-01,2015,6,"Bread, whole wheat, pan",lb. (453.6 gm),Bakery and grains,1.957,APU0000702212
2015-07-01,2015,7,"Bread, whole wheat, pan",lb. (453.6 gm),Bakery and grains,1.963,APU0000702212
2015-08-01,2015,8,"Bread, whole wheat, pan",lb. (453.6 gm),Bakery and grains,1.956,APU0000702212
2015-09-01,2015,9,"Bread, whole wheat, pan",lb. (453.6 gm),Bakery and grains,2.008,APU0000702212
2015-10-01,2015,10,"Bread, whole wheat, pan",lb. (453.6 gm),Bakery and grains,1.978,APU0000702212
2015-11-01,2015,11,"Bread, whole wheat, pan",lb. (453.6 gm),Bakery and grains,2.028,APU0000702212
2015-12-01,2015,12,"Bread, whole wheat, pan",lb. (453.6 gm),Bakery and grains,1.949,APU0000702212
2016-01-01,2016,1,"Bread, whole wheat, pan",lb. (453.6 gm),Bakery and grains,1.943,APU0000702212
2016-02-01,2016,2,"Bread, whole wheat, pan",lb. (453.6 gm),Bakery and grains,1.947,APU0000702212
2016-03-01,2016,3,"Bread, whole wheat, pan",lb. (453.6 gm),Bakery and grains,1.909,APU0000702212
2016-04-01,2016,4,"Bread, whole wheat, pan",lb. (453.6 gm),Bakery and grains,1.915,APU0000702212
2016-05-01,2016,5,"Bread, whole wheat, pan",lb. (453.6 gm),Bakery and grains,1.962,APU0000702212
2016-06-01,2016,6,"Bread, whole wheat, pan",lb. (453.6 gm),Bakery and grains,1.977,APU0000702212
2016-07-01,2016,7,"Bread, whole wheat, pan",lb. (453.6 gm),Bakery and grains,1.966,APU0000702212
2016-08-01,2016,8,"Bread, whole wheat, pan",lb. (453.6 gm),Bakery and grains,1.992,APU0000702212
2016-09-01,2016,9,"Bread, whole wheat, pan",lb. (453.6 gm),Bakery and grains,1.974,APU0000702212
2016-10-01,2016,10,"Bread, whole wheat, pan",lb. (453.6 gm),Bakery and grains,2.004,APU0000702212
2016-11-01,2016,11,"Bread, whole wheat, pan",lb. (453.6 gm),Bakery and grains,2.024,APU0000702212
2016-12-01,2016,12,"Bread, whole wheat, pan",lb. (453.6 gm),Bakery and grains,1.96,APU0000702212
2017-01-01,2017,1,"Bread, whole wheat, pan",lb. (453.6 gm),Bakery and grains,1.975,APU0000702212
2017-02-01,2017,2,"Bread, whole wheat, pan",lb. (453.6 gm),Bakery and grains,1.986,APU0000702212
2017-03-01,2017,3,"Bread, whole wheat, pan",lb. (453.6 gm),Bakery and grains,1.929,APU0000702212
2017-04-01,2017,4,"Bread, whole wheat, pan",lb. (453.6 gm),Bakery and grains,2.014,APU0000702212
2017-05-01,2017,5,"Bread, whole wheat, pan",lb. (453.6 gm),Bakery and grains,1.974,APU0000702212
2017-06-01,2017,6,"Bread, whole wheat, pan",lb. (453.6 gm),Bakery and grains,2.032,APU0000702212
2017-07-01,2017,7,"Bread, whole wheat, pan",lb. (453.6 gm),Bakery and grains,1.967,APU0000702212
2017-08-01,2017,8,"Bread, whole wheat, pan",lb. (453.6 gm),Bakery and grains,2.025,APU0000702212
2017-09-01,2017,9,"Bread, whole wheat, pan",lb. (453.6 gm),Bakery and grains,1.986,APU0000702212
2017-10-01,2017,10,"Bread, whole wheat, pan",lb. (453.6 gm),Bakery and grains,2.009,APU0000702212
2017-11-01,2017,11,"Bread, whole wheat, pan",lb. (453.6 gm),Bakery and grains,2.024,APU0000702212
2017-12-01,2017,12,"Bread, whole wheat, pan",lb. (453.6 gm),Bakery and grains,1.97,APU0000702212
2018-01-01,2018,1,"Bread, whole wheat, pan",lb. (453.6 gm),Bakery and grains,2.033,APU0000702212
2018-02-01,2018,2,"Bread, whole wheat, pan",lb. (453.6 gm),Bakery and grains,2.011,APU0000702212
2018-03-01,2018,3,"Bread, whole wheat, pan",lb. (453.6 gm),Bakery and grains,2.039,APU0000702212
2018-04-01,2018,4,"Bread, whole wheat, pan",lb. (453.6 gm),Bakery and grains,2.016,APU0000702212
2018-05-01,2018,5,"Bread, whole wheat, pan",lb. (453.6 gm),Bakery and grains,1.966,APU0000702212
2018-06-01,2018,6,"Bread, whole wheat, pan",lb. (453.6 gm),Bakery and grains,1.896,APU0000702212
2018-07-01,2018,7,"Bread, whole wheat, pan",lb. (453.6 gm),Bakery and grains,1.899,APU0000702212
2018-08-01,2018,8,"Bread, whole wheat, pan",lb. (453.6 gm),Bakery and grains,1.936,APU0000702212
2018-09-01,2018,9,"Bread, whole wheat, pan",lb. (453.6 gm),Bakery and grains,1.951,APU0000702212
2018-10-01,2018,10,"Bread, whole wheat, pan",lb. (453.6 gm),Bakery and grains,1.91,APU0000702212
2018-11-01,2018,11,"Bread, whole wheat, pan",lb. (453.6 gm),Bakery and grains,1.945,APU0000702212
2018-12-01,2018,12,"Bread, whole wheat, pan",lb. (453.6 gm),Bakery and grains,1.924,APU0000702212
2019-01-01,2019,1,"Bread, whole wheat, pan",lb. (453.6 gm),Bakery and grains,1.94,APU0000702212
2019-02-01,2019,2,"Bread, whole wheat, pan",lb. (453.6 gm),Bakery and grains,1.951,APU0000702212
2019-03-01,2019,3,"Bread, whole wheat, pan",lb. (453.6 gm),Bakery and grains,1.962,APU0000702212
2019-04-01,2019,4,"Bread, whole wheat, pan",lb. (453.6 gm),Bakery and grains,1.952,APU0000702212
2019-05-01,2019,5,"Bread, whole wheat, pan",lb. (453.6 gm),Bakery and grains,1.941,APU0000702212
2019-06-01,2019,6,"Bread, whole wheat, pan",lb. (453.6 gm),Bakery and grains,1.905,APU0000702212
2019-07-01,2019,7,"Bread, whole wheat, pan",lb. (453.6 gm),Bakery and grains,1.951,APU0000702212
2019-08-01,2019,8,"Bread, whole wheat, pan",lb. (453.6 gm),Bakery and grains,1.94,APU0000702212
2019-09-01,2019,9,"Bread, whole wheat, pan",lb. (453.6 gm),Bakery and grains,1.935,APU0000702212
2019-10-01,2019,10,"Bread, whole wheat, pan",lb. (453.6 gm),Bakery and grains,1.948,APU0000702212
2019-11-01,2019,11,"Bread, whole wheat, pan",lb. (453.6 gm),Bakery and grains,1.943,APU0000702212
2019-12-01,2019,12,"Bread, whole wheat, pan",lb. (453.6 gm),Bakery and grains,1.964,APU0000702212
2020-01-01,2020,1,"Bread, whole wheat, pan",lb. (453.6 gm),Bakery and grains,1.961,APU0000702212
2020-02-01,2020,2,"Bread, whole wheat, pan",lb. (453.6 gm),Bakery and grains,1.986,APU0000702212
2020-03-01,2020,3,"Bread, whole wheat, pan",lb. (453.6 gm),Bakery and grains,1.994,APU0000702212
2020-04-01,2020,4,"Bread, whole wheat, pan",lb. (453.6 gm),Bakery and grains,2.07,APU0000702212
2020-05-01,2020,5,"Bread, whole wheat, pan",lb. (453.6 gm),Bakery and grains,2.075,APU0000702212
2020-06-01,2020,6,"Bread, whole wheat, pan",lb. (453.6 gm),Bakery and grains,2.118,APU0000702212
2020-07-01,2020,7,"Bread, whole wheat, pan",lb. (453.6 gm),Bakery and grains,2.144,APU0000702212
2020-08-01,2020,8,"Bread, whole wheat, pan",lb. (453.6 gm),Bakery and grains,2.084,APU0000702212
2020-09-01,2020,9,"Bread, whole wheat, pan",lb. (453.6 gm),Bakery and grains,2.081,APU0000702212
2020-10-01,2020,10,"Bread, whole wheat, pan",lb. (453.6 gm),Bakery and grains,2.17,APU0000702212
2020-11-01,2020,11,"Bread, whole wheat, pan",lb. (453.6 gm),Bakery and grains,2.207,APU0000702212
2020-12-01,2020,12,"Bread, whole wheat, pan",lb. (453.6 gm),Bakery and grains,2.203,APU0000702212
2021-01-01,2021,1,"Bread, whole wheat, pan",lb. (453.6 gm),Bakery and grains,2.175,APU0000702212
2021-02-01,2021,2,"Bread, whole wheat, pan",lb. (453.6 gm),Bakery and grains,2.203,APU0000702212
2021-03-01,2021,3,"Bread, whole wheat, pan",lb. (453.6 gm),Bakery and grains,2.196,APU0000702212
2021-04-01,2021,4,"Bread, whole wheat, pan",lb. (453.6 gm),Bakery and grains,2.209,APU0000702212
2021-05-01,2021,5,"Bread, whole wheat, pan",lb. (453.6 gm),Bakery and grains,2.151,APU0000702212
2021-06-01,2021,6,"Bread, whole wheat, pan",lb. (453.6 gm),Bakery and grains,2.026,APU0000702212
2021-07-01,2021,7,"Bread, whole wheat, pan",lb. (453.6 gm),Bakery and grains,2.1,APU0000702212
2021-08-01,2021,8,"Bread, whole wheat, pan",lb. (453.6 gm),Bakery and grains,2.076,APU0000702212
2021-09-01,2021,9,"Bread, whole wheat, pan",lb. (453.6 gm),Bakery and grains,2.102,APU0000702212
2021-10-01,2021,10,"Bread, whole wheat, pan",lb. (453.6 gm),Bakery and grains,2.175,APU0000702212
2021-11-01,2021,11,"Bread, whole wheat, pan",lb. (453.6 gm),Bakery and grains,2.094,APU0000702212
2021-12-01,2021,12,"Bread, whole wheat, pan",lb. (453.6 gm),Bakery and grains,2.099,APU0000702212
2022-01-01,2022,1,"Bread, whole wheat, pan",lb. (453.6 gm),Bakery and grains,2.119,APU0000702212
2022-02-01,2022,2,"Bread, whole wheat, pan",lb. (453.6 gm),Bakery and grains,2.029,APU0000702212
2022-03-01,2022,3,"Bread, whole wheat, pan",lb. (453.6 gm),Bakery and grains,2.121,APU0000702212
2022-04-01,2022,4,"Bread, whole wheat, pan",lb. (453.6 gm),Bakery and grains,2.145,APU0000702212
2022-05-01,2022,5,"Bread, whole wheat, pan",lb. (453.6 gm),Bakery and grains,2.22,APU0000702212
2022-06-01,2022,6,"Bread, whole wheat, pan",lb. (453.6 gm),Bakery and grains,2.23,APU0000702212
2022-07-01,2022,7,"Bread, whole wheat, pan",lb. (453.6 gm),Bakery and grains,2.316,APU0000702212
2022-08-01,2022,8,"Bread, whole wheat, pan",lb. (453.6 gm),Bakery and grains,2.298,APU0000702212
2022-09-01,2022,9,"Bread, whole wheat, pan",lb. (453.6 gm),Bakery and grains,2.362,APU0000702212
2022-10-01,2022,10,"Bread, whole wheat, pan",lb. (453.6 gm),Bakery and grains,2.386,APU0000702212
2022-11-01,2022,11,"Bread, whole wheat, pan",lb. (453.6 gm),Bakery and grains,2.419,APU0000702212
2022-12-01,2022,12,"Bread, whole wheat, pan",lb. (453.6 gm),Bakery and grains,2.419,APU0000702212
2023-01-01,2023,1,"Bread, whole wheat, pan",lb. (453.6 gm),Bakery and grains,2.451,APU0000702212
2023-02-01,2023,2,"Bread, whole wheat, pan",lb. (453.6 gm),Bakery and grains,2.5,APU0000702212
2023-03-01,2023,3,"Bread, whole wheat, pan",lb. (453.6 gm),Bakery and grains,2.533,APU0000702212
2023-04-01,2023,4,"Bread, whole wheat, pan",lb. (453.6 gm),Bakery and grains,2.553,APU0000702212
2023-05-01,2023,5,"Bread, whole wheat, pan",lb. (453.6 gm),Bakery and grains,2.502,APU0000702212
2023-06-01,2023,6,"Bread, whole wheat, pan",lb. (453.6 gm),Bakery and grains,2.564,APU0000702212
2023-07-01,2023,7,"Bread, whole wheat, pan",lb. (453.6 gm),Bakery and grains,2.58,APU0000702212
2023-08-01,2023,8,"Bread, whole wheat, pan",lb. (453.6 gm),Bakery and grains,2.535,APU0000702212
2023-09-01,2023,9,"Bread, whole wheat, pan",lb. (453.6 gm),Bakery and grains,2.537,APU0000702212
2023-10-01,2023,10,"Bread, whole wheat, pan",lb. (453.6 gm),Bakery and grains,2.67,APU0000702212
2023-11-01,2023,11,"Bread, whole wheat, pan",lb. (453.6 gm),Bakery and grains,2.624,APU0000702212
2023-12-01,2023,12,"Bread, whole wheat, pan",lb. (453.6 gm),Bakery and grains,2.647,APU0000702212
2024-01-01,2024,1,"Bread, whole wheat, pan",lb. (453.6 gm),Bakery and grains,2.631,APU0000702212
2024-02-01,2024,2,"Bread, whole wheat, pan",lb. (453.6 gm),Bakery and grains,2.604,APU0000702212
2024-03-01,2024,3,"Bread, whole wheat, pan",lb. (453.6 gm),Bakery and grains,2.585,APU0000702212
2024-04-01,2024,4,"Bread, whole wheat, pan",lb. (453.6 gm),Bakery and grains,2.625,APU0000702212
2024-05-01,2024,5,"Bread, whole wheat, pan",lb. (453.6 gm),Bakery and grains,2.749,APU0000702212
2024-06-01,2024,6,"Bread, whole wheat, pan",lb. (453.6 gm),Bakery and grains,2.775,APU0000702212
2024-07-01,2024,7,"Bread, whole wheat, pan",lb. (453.6 gm),Bakery and grains,2.693,APU0000702212
2024-08-01,2024,8,"Bread, whole wheat, pan",lb. (453.6 gm),Bakery and grains,2.674,APU0000702212
2024-09-01,2024,9,"Bread, whole wheat, pan",lb. (453.6 gm),Bakery and grains,2.748,APU0000702212
2024-10-01,2024,10,"Bread, whole wheat, pan",lb. (453.6 gm),Bakery and grains,2.833,APU0000702212
2024-11-01,2024,11,"Bread, whole wheat, pan",lb. (453.6 gm),Bakery and grains,2.724,APU0000702212
2024-12-01,2024,12,"Bread, whole wheat, pan",lb. (453.6 gm),Bakery and grains,2.796,APU0000702212
2025-01-01,2025,1,"Bread, whole wheat, pan",lb. (453.6 gm),Bakery and grains,2.76,APU0000702212
2025-02-01,2025,2,"Bread, whole wheat, pan",lb. (453.6 gm),Bakery and grains,2.759,APU0000702212
2025-03-01,2025,3,"Bread, whole wheat, pan",lb. (453.6 gm),Bakery and grains,2.719,APU0000702212
2025-04-01,2025,4,"Bread, whole wheat, pan",lb. (453.6 gm),Bakery and grains,2.751,APU0000702212
2025-05-01,2025,5,"Bread, whole wheat, pan",lb. (453.6 gm),Bakery and grains,2.602,APU0000702212
2025-06-01,2025,6,"Bread, whole wheat, pan",lb. (453.6 gm),Bakery and grains,2.656,APU0000702212
2025-07-01,2025,7,"Bread, whole wheat, pan",lb. (453.6 gm),Bakery and grains,2.714,APU0000702212
2025-08-01,2025,8,"Bread, whole wheat, pan",lb. (453.6 gm),Bakery and grains,2.684,APU0000702212
2025-09-01,2025,9,"Bread, whole wheat, pan",lb. (453.6 gm),Bakery and grains,2.775,APU0000702212
2025-11-01,2025,11,"Bread, whole wheat, pan",lb. (453.6 gm),Bakery and grains,2.638,APU0000702212
2025-12-01,2025,12,"Bread, whole wheat, pan",lb. (453.6 gm),Bakery and grains,2.677,APU0000702212
2026-01-01,2026,1,"Bread, whole wheat, pan",lb. (453.6 gm),Bakery and grains,2.729,APU0000702212
2026-02-01,2026,2,"Bread, whole wheat, pan",lb. (453.6 gm),Bakery and grains,2.687,APU0000702212
2026-03-01,2026,3,"Bread, whole wheat, pan",lb. (453.6 gm),Bakery and grains,2.747,APU0000702212
2026-04-01,2026,4,"Bread, whole wheat, pan",lb. (453.6 gm),Bakery and grains,2.735,APU0000702212
2026-05-01,2026,5,"Bread, whole wheat, pan",lb. (453.6 gm),Bakery and grains,2.814,APU0000702212
2015-01-01,2015,1,Broccoli,lb. (453.6 gm),Vegetables,1.729,APU0000712412
2015-02-01,2015,2,Broccoli,lb. (453.6 gm),Vegetables,1.842,APU0000712412
2015-03-01,2015,3,Broccoli,lb. (453.6 gm),Vegetables,1.704,APU0000712412
2015-04-01,2015,4,Broccoli,lb. (453.6 gm),Vegetables,1.83,APU0000712412
2015-05-01,2015,5,Broccoli,lb. (453.6 gm),Vegetables,1.668,APU0000712412
2015-06-01,2015,6,Broccoli,lb. (453.6 gm),Vegetables,1.871,APU0000712412
2015-07-01,2015,7,Broccoli,lb. (453.6 gm),Vegetables,1.706,APU0000712412
2015-08-01,2015,8,Broccoli,lb. (453.6 gm),Vegetables,1.758,APU0000712412
2015-09-01,2015,9,Broccoli,lb. (453.6 gm),Vegetables,1.797,APU0000712412
2015-10-01,2015,10,Broccoli,lb. (453.6 gm),Vegetables,1.866,APU0000712412
2015-11-01,2015,11,Broccoli,lb. (453.6 gm),Vegetables,1.778,APU0000712412
2015-12-01,2015,12,Broccoli,lb. (453.6 gm),Vegetables,1.945,APU0000712412
2016-01-01,2016,1,Broccoli,lb. (453.6 gm),Vegetables,2.06,APU0000712412
2016-02-01,2016,2,Broccoli,lb. (453.6 gm),Vegetables,1.673,APU0000712412
2016-03-01,2016,3,Broccoli,lb. (453.6 gm),Vegetables,1.586,APU0000712412
2016-04-01,2016,4,Broccoli,lb. (453.6 gm),Vegetables,1.594,APU0000712412
2016-05-01,2016,5,Broccoli,lb. (453.6 gm),Vegetables,1.57,APU0000712412
2016-06-01,2016,6,Broccoli,lb. (453.6 gm),Vegetables,1.663,APU0000712412
2016-07-01,2016,7,Broccoli,lb. (453.6 gm),Vegetables,1.61,APU0000712412
2016-08-01,2016,8,Broccoli,lb. (453.6 gm),Vegetables,1.55,APU0000712412
2016-09-01,2016,9,Broccoli,lb. (453.6 gm),Vegetables,1.555,APU0000712412
2016-10-01,2016,10,Broccoli,lb. (453.6 gm),Vegetables,1.615,APU0000712412
2016-11-01,2016,11,Broccoli,lb. (453.6 gm),Vegetables,1.532,APU0000712412
2016-12-01,2016,12,Broccoli,lb. (453.6 gm),Vegetables,1.533,APU0000712412
2017-01-01,2017,1,Broccoli,lb. (453.6 gm),Vegetables,1.536,APU0000712412
2017-02-01,2017,2,Broccoli,lb. (453.6 gm),Vegetables,1.676,APU0000712412
2017-03-01,2017,3,Broccoli,lb. (453.6 gm),Vegetables,1.811,APU0000712412
2017-04-01,2017,4,Broccoli,lb. (453.6 gm),Vegetables,1.996,APU0000712412
2017-05-01,2017,5,Broccoli,lb. (453.6 gm),Vegetables,1.976,APU0000712412
2017-06-01,2017,6,Broccoli,lb. (453.6 gm),Vegetables,1.842,APU0000712412
2017-07-01,2017,7,Broccoli,lb. (453.6 gm),Vegetables,1.833,APU0000712412
2017-08-01,2017,8,Broccoli,lb. (453.6 gm),Vegetables,1.795,APU0000712412
2017-09-01,2017,9,Broccoli,lb. (453.6 gm),Vegetables,1.742,APU0000712412
2017-10-01,2017,10,Broccoli,lb. (453.6 gm),Vegetables,1.938,APU0000712412
2017-11-01,2017,11,Broccoli,lb. (453.6 gm),Vegetables,1.838,APU0000712412
2017-12-01,2017,12,Broccoli,lb. (453.6 gm),Vegetables,1.765,APU0000712412
2018-01-01,2018,1,Broccoli,lb. (453.6 gm),Vegetables,1.823,APU0000712412
2018-02-01,2018,2,Broccoli,lb. (453.6 gm),Vegetables,1.831,APU0000712412
2018-03-01,2018,3,Broccoli,lb. (453.6 gm),Vegetables,1.794,APU0000712412
2018-04-01,2018,4,Broccoli,lb. (453.6 gm),Vegetables,1.802,APU0000712412
2018-05-01,2018,5,Broccoli,lb. (453.6 gm),Vegetables,1.778,APU0000712412
2018-06-01,2018,6,Broccoli,lb. (453.6 gm),Vegetables,1.842,APU0000712412
2018-07-01,2018,7,Broccoli,lb. (453.6 gm),Vegetables,1.822,APU0000712412
2018-08-01,2018,8,Broccoli,lb. (453.6 gm),Vegetables,1.849,APU0000712412
2018-09-01,2018,9,Broccoli,lb. (453.6 gm),Vegetables,1.756,APU0000712412
2018-10-01,2018,10,Broccoli,lb. (453.6 gm),Vegetables,1.912,APU0000712412
2018-11-01,2018,11,Broccoli,lb. (453.6 gm),Vegetables,1.954,APU0000712412
2018-12-01,2018,12,Broccoli,lb. (453.6 gm),Vegetables,2.074,APU0000712412
2019-01-01,2019,1,Broccoli,lb. (453.6 gm),Vegetables,2.072,APU0000712412
2019-02-01,2019,2,Broccoli,lb. (453.6 gm),Vegetables,2.05,APU0000712412
2019-03-01,2019,3,Broccoli,lb. (453.6 gm),Vegetables,2.114,APU0000712412
2019-04-01,2019,4,Broccoli,lb. (453.6 gm),Vegetables,2.042,APU0000712412
2019-05-01,2019,5,Broccoli,lb. (453.6 gm),Vegetables,1.932,APU0000712412
2019-06-01,2019,6,Broccoli,lb. (453.6 gm),Vegetables,1.944,APU0000712412
2019-07-01,2019,7,Broccoli,lb. (453.6 gm),Vegetables,1.911,APU0000712412
2019-08-01,2019,8,Broccoli,lb. (453.6 gm),Vegetables,1.969,APU0000712412
2019-09-01,2019,9,Broccoli,lb. (453.6 gm),Vegetables,1.944,APU0000712412
2019-10-01,2019,10,Broccoli,lb. (453.6 gm),Vegetables,2.044,APU0000712412
2019-11-01,2019,11,Broccoli,lb. (453.6 gm),Vegetables,2.065,APU0000712412
2019-12-01,2019,12,Broccoli,lb. (453.6 gm),Vegetables,1.854,APU0000712412
2020-01-01,2020,1,Broccoli,lb. (453.6 gm),Vegetables,1.956,APU0000712412
2020-02-01,2020,2,Broccoli,lb. (453.6 gm),Vegetables,2.052,APU0000712412
2020-03-01,2020,3,Broccoli,lb. (453.6 gm),Vegetables,1.971,APU0000712412
2018-04-01,2018,4,"Butter, stick",lb. (453.6 gm),Dairy and fats,4.153,APU0000FS1101
2018-05-01,2018,5,"Butter, stick",lb. (453.6 gm),Dairy and fats,4.112,APU0000FS1101
2018-06-01,2018,6,"Butter, stick",lb. (453.6 gm),Dairy and fats,4.064,APU0000FS1101
2018-07-01,2018,7,"Butter, stick",lb. (453.6 gm),Dairy and fats,4.11,APU0000FS1101
2018-08-01,2018,8,"Butter, stick",lb. (453.6 gm),Dairy and fats,4.085,APU0000FS1101
2018-09-01,2018,9,"Butter, stick",lb. (453.6 gm),Dairy and fats,4.119,APU0000FS1101
2018-10-01,2018,10,"Butter, stick",lb. (453.6 gm),Dairy and fats,4.111,APU0000FS1101
2018-11-01,2018,11,"Butter, stick",lb. (453.6 gm),Dairy and fats,3.953,APU0000FS1101
2018-12-01,2018,12,"Butter, stick",lb. (453.6 gm),Dairy and fats,3.931,APU0000FS1101
2019-01-01,2019,1,"Butter, stick",lb. (453.6 gm),Dairy and fats,4.055,APU0000FS1101
2019-02-01,2019,2,"Butter, stick",lb. (453.6 gm),Dairy and fats,4.154,APU0000FS1101
2019-03-01,2019,3,"Butter, stick",lb. (453.6 gm),Dairy and fats,4.261,APU0000FS1101
2019-04-01,2019,4,"Butter, stick",lb. (453.6 gm),Dairy and fats,4.019,APU0000FS1101
2019-05-01,2019,5,"Butter, stick",lb. (453.6 gm),Dairy and fats,4.111,APU0000FS1101
2019-06-01,2019,6,"Butter, stick",lb. (453.6 gm),Dairy and fats,3.921,APU0000FS1101
2019-07-01,2019,7,"Butter, stick",lb. (453.6 gm),Dairy and fats,3.977,APU0000FS1101
2019-08-01,2019,8,"Butter, stick",lb. (453.6 gm),Dairy and fats,4.036,APU0000FS1101
2019-09-01,2019,9,"Butter, stick",lb. (453.6 gm),Dairy and fats,3.954,APU0000FS1101
2019-10-01,2019,10,"Butter, stick",lb. (453.6 gm),Dairy and fats,3.979,APU0000FS1101
2019-11-01,2019,11,"Butter, stick",lb. (453.6 gm),Dairy and fats,3.713,APU0000FS1101
2019-12-01,2019,12,"Butter, stick",lb. (453.6 gm),Dairy and fats,3.624,APU0000FS1101
2020-01-01,2020,1,"Butter, stick",lb. (453.6 gm),Dairy and fats,3.864,APU0000FS1101
2020-02-01,2020,2,"Butter, stick",lb. (453.6 gm),Dairy and fats,3.762,APU0000FS1101
2020-03-01,2020,3,"Butter, stick",lb. (453.6 gm),Dairy and fats,3.857,APU0000FS1101
2020-04-01,2020,4,"Butter, stick",lb. (453.6 gm),Dairy and fats,3.725,APU0000FS1101
2020-05-01,2020,5,"Butter, stick",lb. (453.6 gm),Dairy and fats,3.535,APU0000FS1101
2020-06-01,2020,6,"Butter, stick",lb. (453.6 gm),Dairy and fats,3.491,APU0000FS1101
2020-07-01,2020,7,"Butter, stick",lb. (453.6 gm),Dairy and fats,3.572,APU0000FS1101
2020-08-01,2020,8,"Butter, stick",lb. (453.6 gm),Dairy and fats,3.623,APU0000FS1101
2020-09-01,2020,9,"Butter, stick",lb. (453.6 gm),Dairy and fats,3.57,APU0000FS1101
2020-10-01,2020,10,"Butter, stick",lb. (453.6 gm),Dairy and fats,3.586,APU0000FS1101
2020-11-01,2020,11,"Butter, stick",lb. (453.6 gm),Dairy and fats,3.325,APU0000FS1101
2020-12-01,2020,12,"Butter, stick",lb. (453.6 gm),Dairy and fats,3.533,APU0000FS1101
2021-01-01,2021,1,"Butter, stick",lb. (453.6 gm),Dairy and fats,3.644,APU0000FS1101
2021-02-01,2021,2,"Butter, stick",lb. (453.6 gm),Dairy and fats,3.661,APU0000FS1101
2021-03-01,2021,3,"Butter, stick",lb. (453.6 gm),Dairy and fats,3.643,APU0000FS1101
2021-04-01,2021,4,"Butter, stick",lb. (453.6 gm),Dairy and fats,3.521,APU0000FS1101
2021-05-01,2021,5,"Butter, stick",lb. (453.6 gm),Dairy and fats,3.561,APU0000FS1101
2021-06-01,2021,6,"Butter, stick",lb. (453.6 gm),Dairy and fats,3.585,APU0000FS1101
2021-07-01,2021,7,"Butter, stick",lb. (453.6 gm),Dairy and fats,3.599,APU0000FS1101
2021-08-01,2021,8,"Butter, stick",lb. (453.6 gm),Dairy and fats,3.634,APU0000FS1101
2021-09-01,2021,9,"Butter, stick",lb. (453.6 gm),Dairy and fats,3.568,APU0000FS1101
2021-10-01,2021,10,"Butter, stick",lb. (453.6 gm),Dairy and fats,3.652,APU0000FS1101
2021-11-01,2021,11,"Butter, stick",lb. (453.6 gm),Dairy and fats,3.477,APU0000FS1101
2021-12-01,2021,12,"Butter, stick",lb. (453.6 gm),Dairy and fats,3.474,APU0000FS1101
2022-01-01,2022,1,"Butter, stick",lb. (453.6 gm),Dairy and fats,3.672,APU0000FS1101
2022-02-01,2022,2,"Butter, stick",lb. (453.6 gm),Dairy and fats,3.774,APU0000FS1101
2022-03-01,2022,3,"Butter, stick",lb. (453.6 gm),Dairy and fats,4.076,APU0000FS1101
2022-04-01,2022,4,"Butter, stick",lb. (453.6 gm),Dairy and fats,4.15,APU0000FS1101
2022-05-01,2022,5,"Butter, stick",lb. (453.6 gm),Dairy and fats,4.285,APU0000FS1101
2022-06-01,2022,6,"Butter, stick",lb. (453.6 gm),Dairy and fats,4.386,APU0000FS1101
2022-07-01,2022,7,"Butter, stick",lb. (453.6 gm),Dairy and fats,4.552,APU0000FS1101
2022-08-01,2022,8,"Butter, stick",lb. (453.6 gm),Dairy and fats,4.699,APU0000FS1101
2022-09-01,2022,9,"Butter, stick",lb. (453.6 gm),Dairy and fats,4.718,APU0000FS1101
2022-10-01,2022,10,"Butter, stick",lb. (453.6 gm),Dairy and fats,4.847,APU0000FS1101
2022-11-01,2022,11,"Butter, stick",lb. (453.6 gm),Dairy and fats,4.639,APU0000FS1101
2022-12-01,2022,12,"Butter, stick",lb. (453.6 gm),Dairy and fats,4.811,APU0000FS1101
2023-01-01,2023,1,"Butter, stick",lb. (453.6 gm),Dairy and fats,4.882,APU0000FS1101
2023-02-01,2023,2,"Butter, stick",lb. (453.6 gm),Dairy and fats,4.869,APU0000FS1101
2023-03-01,2023,3,"Butter, stick",lb. (453.6 gm),Dairy and fats,4.663,APU0000FS1101
2023-04-01,2023,4,"Butter, stick",lb. (453.6 gm),Dairy and fats,4.452,APU0000FS1101
2023-05-01,2023,5,"Butter, stick",lb. (453.6 gm),Dairy and fats,4.549,APU0000FS1101
2023-06-01,2023,6,"Butter, stick",lb. (453.6 gm),Dairy and fats,4.452,APU0000FS1101
2023-07-01,2023,7,"Butter, stick",lb. (453.6 gm),Dairy and fats,4.465,APU0000FS1101
2023-08-01,2023,8,"Butter, stick",lb. (453.6 gm),Dairy and fats,4.411,APU0000FS1101
2023-09-01,2023,9,"Butter, stick",lb. (453.6 gm),Dairy and fats,4.407,APU0000FS1101
2023-10-01,2023,10,"Butter, stick",lb. (453.6 gm),Dairy and fats,4.55,APU0000FS1101
2023-11-01,2023,11,"Butter, stick",lb. (453.6 gm),Dairy and fats,4.52,APU0000FS1101
2023-12-01,2023,12,"Butter, stick",lb. (453.6 gm),Dairy and fats,4.505,APU0000FS1101
2024-01-01,2024,1,"Butter, stick",lb. (453.6 gm),Dairy and fats,4.659,APU0000FS1101
2024-02-01,2024,2,"Butter, stick",lb. (453.6 gm),Dairy and fats,4.634,APU0000FS1101
2024-03-01,2024,3,"Butter, stick",lb. (453.6 gm),Dairy and fats,4.484,APU0000FS1101
2024-04-01,2024,4,"Butter, stick",lb. (453.6 gm),Dairy and fats,4.629,APU0000FS1101
2024-05-01,2024,5,"Butter, stick",lb. (453.6 gm),Dairy and fats,4.589,APU0000FS1101
2024-06-01,2024,6,"Butter, stick",lb. (453.6 gm),Dairy and fats,4.696,APU0000FS1101
2024-07-01,2024,7,"Butter, stick",lb. (453.6 gm),Dairy and fats,4.897,APU0000FS1101
2024-08-01,2024,8,"Butter, stick",lb. (453.6 gm),Dairy and fats,4.796,APU0000FS1101
2024-09-01,2024,9,"Butter, stick",lb. (453.6 gm),Dairy and fats,5.004,APU0000FS1101
2024-10-01,2024,10,"Butter, stick",lb. (453.6 gm),Dairy and fats,4.937,APU0000FS1101
2024-11-01,2024,11,"Butter, stick",lb. (453.6 gm),Dairy and fats,4.794,APU0000FS1101
2024-12-01,2024,12,"Butter, stick",lb. (453.6 gm),Dairy and fats,4.728,APU0000FS1101
2025-01-01,2025,1,"Butter, stick",lb. (453.6 gm),Dairy and fats,4.912,APU0000FS1101
2025-02-01,2025,2,"Butter, stick",lb. (453.6 gm),Dairy and fats,4.869,APU0000FS1101
2025-03-01,2025,3,"Butter, stick",lb. (453.6 gm),Dairy and fats,4.816,APU0000FS1101
2025-04-01,2025,4,"Butter, stick",lb. (453.6 gm),Dairy and fats,4.78,APU0000FS1101
2025-05-01,2025,5,"Butter, stick",lb. (453.6 gm),Dairy and fats,4.952,APU0000FS1101
2025-06-01,2025,6,"Butter, stick",lb. (453.6 gm),Dairy and fats,4.872,APU0000FS1101
2025-07-01,2025,7,"Butter, stick",lb. (453.6 gm),Dairy and fats,4.797,APU0000FS1101
2025-08-01,2025,8,"Butter, stick",lb. (453.6 gm),Dairy and fats,4.828,APU0000FS1101
2025-09-01,2025,9,"Butter, stick",lb. (453.6 gm),Dairy and fats,4.787,APU0000FS1101
2025-11-01,2025,11,"Butter, stick",lb. (453.6 gm),Dairy and fats,4.31,APU0000FS1101
2025-12-01,2025,12,"Butter, stick",lb. (453.6 gm),Dairy and fats,4.408,APU0000FS1101
2026-01-01,2026,1,"Butter, stick",lb. (453.6 gm),Dairy and fats,4.383,APU0000FS1101
2026-02-01,2026,2,"Butter, stick",lb. (453.6 gm),Dairy and fats,4.314,APU0000FS1101
2026-03-01,2026,3,"Butter, stick",lb. (453.6 gm),Dairy and fats,4.258,APU0000FS1101
2026-04-01,2026,4,"Butter, stick",lb. (453.6 gm),Dairy and fats,4.216,APU0000FS1101
2026-05-01,2026,5,"Butter, stick",lb. (453.6 gm),Dairy and fats,3.929,APU0000FS1101
2026-06-01,2026,6,"Butter, stick",lb. (453.6 gm),Dairy and fats,3.816,APU0000FS1101
2026-07-01,2026,7,"Butter, stick",lb. (453.6 gm),Dairy and fats,3.922,APU0000FS1101
2015-01-01,2015,1,"Cheddar cheese, natural",lb. (453.6 gm),Dairy and fats,5.401,APU0000710212
2015-02-01,2015,2,"Cheddar cheese, natural",lb. (453.6 gm),Dairy and fats,5.48,APU0000710212
2015-03-01,2015,3,"Cheddar cheese, natural",lb. (453.6 gm),Dairy and fats,5.384,APU0000710212
2015-04-01,2015,4,"Cheddar cheese, natural",lb. (453.6 gm),Dairy and fats,5.384,APU0000710212
2015-05-01,2015,5,"Cheddar cheese, natural",lb. (453.6 gm),Dairy and fats,5.312,APU0000710212
2015-06-01,2015,6,"Cheddar cheese, natural",lb. (453.6 gm),Dairy and fats,5.256,APU0000710212
2015-07-01,2015,7,"Cheddar cheese, natural",lb. (453.6 gm),Dairy and fats,5.376,APU0000710212
2015-08-01,2015,8,"Cheddar cheese, natural",lb. (453.6 gm),Dairy and fats,5.336,APU0000710212
2015-09-01,2015,9,"Cheddar cheese, natural",lb. (453.6 gm),Dairy and fats,5.382,APU0000710212
2015-10-01,2015,10,"Cheddar cheese, natural",lb. (453.6 gm),Dairy and fats,5.478,APU0000710212
2015-11-01,2015,11,"Cheddar cheese, natural",lb. (453.6 gm),Dairy and fats,5.433,APU0000710212
2015-12-01,2015,12,"Cheddar cheese, natural",lb. (453.6 gm),Dairy and fats,5.328,APU0000710212
2016-01-01,2016,1,"Cheddar cheese, natural",lb. (453.6 gm),Dairy and fats,5.411,APU0000710212
2016-02-01,2016,2,"Cheddar cheese, natural",lb. (453.6 gm),Dairy and fats,5.369,APU0000710212
2016-03-01,2016,3,"Cheddar cheese, natural",lb. (453.6 gm),Dairy and fats,5.364,APU0000710212
2016-04-01,2016,4,"Cheddar cheese, natural",lb. (453.6 gm),Dairy and fats,5.399,APU0000710212
2016-05-01,2016,5,"Cheddar cheese, natural",lb. (453.6 gm),Dairy and fats,5.365,APU0000710212
2016-06-01,2016,6,"Cheddar cheese, natural",lb. (453.6 gm),Dairy and fats,5.269,APU0000710212
2016-07-01,2016,7,"Cheddar cheese, natural",lb. (453.6 gm),Dairy and fats,5.184,APU0000710212
2016-08-01,2016,8,"Cheddar cheese, natural",lb. (453.6 gm),Dairy and fats,5.272,APU0000710212
2016-09-01,2016,9,"Cheddar cheese, natural",lb. (453.6 gm),Dairy and fats,5.023,APU0000710212
2016-10-01,2016,10,"Cheddar cheese, natural",lb. (453.6 gm),Dairy and fats,5.352,APU0000710212
2016-11-01,2016,11,"Cheddar cheese, natural",lb. (453.6 gm),Dairy and fats,4.914,APU0000710212
2016-12-01,2016,12,"Cheddar cheese, natural",lb. (453.6 gm),Dairy and fats,4.895,APU0000710212
2017-01-01,2017,1,"Cheddar cheese, natural",lb. (453.6 gm),Dairy and fats,4.933,APU0000710212
2017-02-01,2017,2,"Cheddar cheese, natural",lb. (453.6 gm),Dairy and fats,4.967,APU0000710212
2017-03-01,2017,3,"Cheddar cheese, natural",lb. (453.6 gm),Dairy and fats,4.799,APU0000710212
2017-04-01,2017,4,"Cheddar cheese, natural",lb. (453.6 gm),Dairy and fats,4.794,APU0000710212
2017-05-01,2017,5,"Cheddar cheese, natural",lb. (453.6 gm),Dairy and fats,4.748,APU0000710212
2017-06-01,2017,6,"Cheddar cheese, natural",lb. (453.6 gm),Dairy and fats,4.797,APU0000710212
2017-07-01,2017,7,"Cheddar cheese, natural",lb. (453.6 gm),Dairy and fats,4.851,APU0000710212
2017-08-01,2017,8,"Cheddar cheese, natural",lb. (453.6 gm),Dairy and fats,4.862,APU0000710212
2017-09-01,2017,9,"Cheddar cheese, natural",lb. (453.6 gm),Dairy and fats,5.01,APU0000710212
2017-10-01,2017,10,"Cheddar cheese, natural",lb. (453.6 gm),Dairy and fats,5.028,APU0000710212
2017-11-01,2017,11,"Cheddar cheese, natural",lb. (453.6 gm),Dairy and fats,5.006,APU0000710212
2017-12-01,2017,12,"Cheddar cheese, natural",lb. (453.6 gm),Dairy and fats,4.95,APU0000710212
2018-01-01,2018,1,"Cheddar cheese, natural",lb. (453.6 gm),Dairy and fats,5.021,APU0000710212
2018-02-01,2018,2,"Cheddar cheese, natural",lb. (453.6 gm),Dairy and fats,5.082,APU0000710212
2018-03-01,2018,3,"Cheddar cheese, natural",lb. (453.6 gm),Dairy and fats,5.064,APU0000710212
2018-04-01,2018,4,"Cheddar cheese, natural",lb. (453.6 gm),Dairy and fats,5.03,APU0000710212
2018-05-01,2018,5,"Cheddar cheese, natural",lb. (453.6 gm),Dairy and fats,5.131,APU0000710212
2018-06-01,2018,6,"Cheddar cheese, natural",lb. (453.6 gm),Dairy and fats,5.234,APU0000710212
2018-07-01,2018,7,"Cheddar cheese, natural",lb. (453.6 gm),Dairy and fats,5.065,APU0000710212
2018-08-01,2018,8,"Cheddar cheese, natural",lb. (453.6 gm),Dairy and fats,5.118,APU0000710212
2018-09-01,2018,9,"Cheddar cheese, natural",lb. (453.6 gm),Dairy and fats,5.128,APU0000710212
2018-10-01,2018,10,"Cheddar cheese, natural",lb. (453.6 gm),Dairy and fats,5.158,APU0000710212
2018-11-01,2018,11,"Cheddar cheese, natural",lb. (453.6 gm),Dairy and fats,5.229,APU0000710212
2018-12-01,2018,12,"Cheddar cheese, natural",lb. (453.6 gm),Dairy and fats,5.36,APU0000710212
2019-01-01,2019,1,"Cheddar cheese, natural",lb. (453.6 gm),Dairy and fats,5.372,APU0000710212
2019-02-01,2019,2,"Cheddar cheese, natural",lb. (453.6 gm),Dairy and fats,5.247,APU0000710212
2019-03-01,2019,3,"Cheddar cheese, natural",lb. (453.6 gm),Dairy and fats,5.193,APU0000710212
2019-04-01,2019,4,"Cheddar cheese, natural",lb. (453.6 gm),Dairy and fats,5.29,APU0000710212
2019-05-01,2019,5,"Cheddar cheese, natural",lb. (453.6 gm),Dairy and fats,5.327,APU0000710212
2019-06-01,2019,6,"Cheddar cheese, natural",lb. (453.6 gm),Dairy and fats,5.254,APU0000710212
2019-07-01,2019,7,"Cheddar cheese, natural",lb. (453.6 gm),Dairy and fats,5.349,APU0000710212
2019-08-01,2019,8,"Cheddar cheese, natural",lb. (453.6 gm),Dairy and fats,5.367,APU0000710212
2019-09-01,2019,9,"Cheddar cheese, natural",lb. (453.6 gm),Dairy and fats,5.406,APU0000710212
2019-10-01,2019,10,"Cheddar cheese, natural",lb. (453.6 gm),Dairy and fats,5.277,APU0000710212
2019-11-01,2019,11,"Cheddar cheese, natural",lb. (453.6 gm),Dairy and fats,5.309,APU0000710212
2019-12-01,2019,12,"Cheddar cheese, natural",lb. (453.6 gm),Dairy and fats,5.302,APU0000710212
2020-01-01,2020,1,"Cheddar cheese, natural",lb. (453.6 gm),Dairy and fats,5.204,APU0000710212
2020-02-01,2020,2,"Cheddar cheese, natural",lb. (453.6 gm),Dairy and fats,5.381,APU0000710212
2020-03-01,2020,3,"Cheddar cheese, natural",lb. (453.6 gm),Dairy and fats,5.329,APU0000710212
2020-04-01,2020,4,"Cheddar cheese, natural",lb. (453.6 gm),Dairy and fats,5.453,APU0000710212
2020-05-01,2020,5,"Cheddar cheese, natural",lb. (453.6 gm),Dairy and fats,5.558,APU0000710212
2020-06-01,2020,6,"Cheddar cheese, natural",lb. (453.6 gm),Dairy and fats,5.619,APU0000710212
2020-07-01,2020,7,"Cheddar cheese, natural",lb. (453.6 gm),Dairy and fats,5.517,APU0000710212
2020-08-01,2020,8,"Cheddar cheese, natural",lb. (453.6 gm),Dairy and fats,5.572,APU0000710212
2020-09-01,2020,9,"Cheddar cheese, natural",lb. (453.6 gm),Dairy and fats,5.611,APU0000710212
2020-10-01,2020,10,"Cheddar cheese, natural",lb. (453.6 gm),Dairy and fats,5.583,APU0000710212
2020-11-01,2020,11,"Cheddar cheese, natural",lb. (453.6 gm),Dairy and fats,5.589,APU0000710212
2020-12-01,2020,12,"Cheddar cheese, natural",lb. (453.6 gm),Dairy and fats,5.54,APU0000710212
2021-01-01,2021,1,"Cheddar cheese, natural",lb. (453.6 gm),Dairy and fats,5.656,APU0000710212
2021-02-01,2021,2,"Cheddar cheese, natural",lb. (453.6 gm),Dairy and fats,5.6,APU0000710212
2021-03-01,2021,3,"Cheddar cheese, natural",lb. (453.6 gm),Dairy and fats,5.682,APU0000710212
2021-04-01,2021,4,"Cheddar cheese, natural",lb. (453.6 gm),Dairy and fats,5.441,APU0000710212
2021-05-01,2021,5,"Cheddar cheese, natural",lb. (453.6 gm),Dairy and fats,5.421,APU0000710212
2021-06-01,2021,6,"Cheddar cheese, natural",lb. (453.6 gm),Dairy and fats,5.386,APU0000710212
2021-07-01,2021,7,"Cheddar cheese, natural",lb. (453.6 gm),Dairy and fats,5.392,APU0000710212
2021-08-01,2021,8,"Cheddar cheese, natural",lb. (453.6 gm),Dairy and fats,5.336,APU0000710212
2021-09-01,2021,9,"Cheddar cheese, natural",lb. (453.6 gm),Dairy and fats,5.387,APU0000710212
2021-10-01,2021,10,"Cheddar cheese, natural",lb. (453.6 gm),Dairy and fats,5.396,APU0000710212
2021-11-01,2021,11,"Cheddar cheese, natural",lb. (453.6 gm),Dairy and fats,5.326,APU0000710212
2021-12-01,2021,12,"Cheddar cheese, natural",lb. (453.6 gm),Dairy and fats,5.257,APU0000710212
2022-01-01,2022,1,"Cheddar cheese, natural",lb. (453.6 gm),Dairy and fats,5.315,APU0000710212
2022-02-01,2022,2,"Cheddar cheese, natural",lb. (453.6 gm),Dairy and fats,5.447,APU0000710212
2022-03-01,2022,3,"Cheddar cheese, natural",lb. (453.6 gm),Dairy and fats,5.486,APU0000710212
2022-04-01,2022,4,"Cheddar cheese, natural",lb. (453.6 gm),Dairy and fats,5.656,APU0000710212
2022-05-01,2022,5,"Cheddar cheese, natural",lb. (453.6 gm),Dairy and fats,5.645,APU0000710212
2022-06-01,2022,6,"Cheddar cheese, natural",lb. (453.6 gm),Dairy and fats,5.777,APU0000710212
2022-07-01,2022,7,"Cheddar cheese, natural",lb. (453.6 gm),Dairy and fats,5.855,APU0000710212
2022-08-01,2022,8,"Cheddar cheese, natural",lb. (453.6 gm),Dairy and fats,5.995,APU0000710212
2022-09-01,2022,9,"Cheddar cheese, natural",lb. (453.6 gm),Dairy and fats,6.084,APU0000710212
2022-10-01,2022,10,"Cheddar cheese, natural",lb. (453.6 gm),Dairy and fats,5.96,APU0000710212
2022-11-01,2022,11,"Cheddar cheese, natural",lb. (453.6 gm),Dairy and fats,5.933,APU0000710212
2022-12-01,2022,12,"Cheddar cheese, natural",lb. (453.6 gm),Dairy and fats,5.995,APU0000710212
2023-01-01,2023,1,"Cheddar cheese, natural",lb. (453.6 gm),Dairy and fats,5.946,APU0000710212
2023-02-01,2023,2,"Cheddar cheese, natural",lb. (453.6 gm),Dairy and fats,5.85,APU0000710212
2023-03-01,2023,3,"Cheddar cheese, natural",lb. (453.6 gm),Dairy and fats,5.922,APU0000710212
2023-04-01,2023,4,"Cheddar cheese, natural",lb. (453.6 gm),Dairy and fats,5.94,APU0000710212
2023-05-01,2023,5,"Cheddar cheese, natural",lb. (453.6 gm),Dairy and fats,5.841,APU0000710212
2023-06-01,2023,6,"Cheddar cheese, natural",lb. (453.6 gm),Dairy and fats,5.681,APU0000710212
2023-07-01,2023,7,"Cheddar cheese, natural",lb. (453.6 gm),Dairy and fats,5.911,APU0000710212
2023-08-01,2023,8,"Cheddar cheese, natural",lb. (453.6 gm),Dairy and fats,5.897,APU0000710212
2023-09-01,2023,9,"Cheddar cheese, natural",lb. (453.6 gm),Dairy and fats,5.846,APU0000710212
2023-10-01,2023,10,"Cheddar cheese, natural",lb. (453.6 gm),Dairy and fats,5.846,APU0000710212
2023-11-01,2023,11,"Cheddar cheese, natural",lb. (453.6 gm),Dairy and fats,5.65,APU0000710212
2023-12-01,2023,12,"Cheddar cheese, natural",lb. (453.6 gm),Dairy and fats,5.545,APU0000710212
2024-01-01,2024,1,"Cheddar cheese, natural",lb. (453.6 gm),Dairy and fats,5.724,APU0000710212
2024-02-01,2024,2,"Cheddar cheese, natural",lb. (453.6 gm),Dairy and fats,5.726,APU0000710212
2024-03-01,2024,3,"Cheddar cheese, natural",lb. (453.6 gm),Dairy and fats,5.689,APU0000710212
2024-04-01,2024,4,"Cheddar cheese, natural",lb. (453.6 gm),Dairy and fats,5.51,APU0000710212
2024-05-01,2024,5,"Cheddar cheese, natural",lb. (453.6 gm),Dairy and fats,5.551,APU0000710212
2024-06-01,2024,6,"Cheddar cheese, natural",lb. (453.6 gm),Dairy and fats,5.537,APU0000710212
2024-07-01,2024,7,"Cheddar cheese, natural",lb. (453.6 gm),Dairy and fats,5.599,APU0000710212
2024-08-01,2024,8,"Cheddar cheese, natural",lb. (453.6 gm),Dairy and fats,5.763,APU0000710212
2024-09-01,2024,9,"Cheddar cheese, natural",lb. (453.6 gm),Dairy and fats,5.731,APU0000710212
2024-10-01,2024,10,"Cheddar cheese, natural",lb. (453.6 gm),Dairy and fats,5.844,APU0000710212
2024-11-01,2024,11,"Cheddar cheese, natural",lb. (453.6 gm),Dairy and fats,5.676,APU0000710212
2024-12-01,2024,12,"Cheddar cheese, natural",lb. (453.6 gm),Dairy and fats,5.621,APU0000710212
2025-01-01,2025,1,"Cheddar cheese, natural",lb. (453.6 gm),Dairy and fats,5.698,APU0000710212
2025-02-01,2025,2,"Cheddar cheese, natural",lb. (453.6 gm),Dairy and fats,5.536,APU0000710212
2025-03-01,2025,3,"Cheddar cheese, natural",lb. (453.6 gm),Dairy and fats,5.737,APU0000710212
2025-04-01,2025,4,"Cheddar cheese, natural",lb. (453.6 gm),Dairy and fats,5.743,APU0000710212
2025-05-01,2025,5,"Cheddar cheese, natural",lb. (453.6 gm),Dairy and fats,5.908,APU0000710212
2025-06-01,2025,6,"Cheddar cheese, natural",lb. (453.6 gm),Dairy and fats,5.999,APU0000710212
2025-07-01,2025,7,"Cheddar cheese, natural",lb. (453.6 gm),Dairy and fats,6.041,APU0000710212
2025-08-01,2025,8,"Cheddar cheese, natural",lb. (453.6 gm),Dairy and fats,6.123,APU0000710212
2025-09-01,2025,9,"Cheddar cheese, natural",lb. (453.6 gm),Dairy and fats,6.049,APU0000710212
2025-11-01,2025,11,"Cheddar cheese, natural",lb. (453.6 gm),Dairy and fats,5.636,APU0000710212
2025-12-01,2025,12,"Cheddar cheese, natural",lb. (453.6 gm),Dairy and fats,5.789,APU0000710212
2026-01-01,2026,1,"Cheddar cheese, natural",lb. (453.6 gm),Dairy and fats,5.982,APU0000710212
2026-02-01,2026,2,"Cheddar cheese, natural",lb. (453.6 gm),Dairy and fats,5.987,APU0000710212
2026-03-01,2026,3,"Cheddar cheese, natural",lb. (453.6 gm),Dairy and fats,5.97,APU0000710212
2026-04-01,2026,4,"Cheddar cheese, natural",lb. (453.6 gm),Dairy and fats,6.029,APU0000710212
2026-05-01,2026,5,"Cheddar cheese, natural",lb. (453.6 gm),Dairy and fats,5.685,APU0000710212
2026-06-01,2026,6,"Cheddar cheese, natural",lb. (453.6 gm),Dairy and fats,5.96,APU0000710212
2026-07-01,2026,7,"Cheddar cheese, natural",lb. (453.6 gm),Dairy and fats,5.741,APU0000710212
2015-01-01,2015,1,"Chicken breast, boneless",lb. (453.6 gm),Poultry,3.438,APU0000FF1101
2015-02-01,2015,2,"Chicken breast, boneless",lb. (453.6 gm),Poultry,3.511,APU0000FF1101
2015-03-01,2015,3,"Chicken breast, boneless",lb. (453.6 gm),Poultry,3.522,APU0000FF1101
2015-04-01,2015,4,"Chicken breast, boneless",lb. (453.6 gm),Poultry,3.504,APU0000FF1101
2015-05-01,2015,5,"Chicken breast, boneless",lb. (453.6 gm),Poultry,3.408,APU0000FF1101
2015-06-01,2015,6,"Chicken breast, boneless",lb. (453.6 gm),Poultry,3.388,APU0000FF1101
2015-07-01,2015,7,"Chicken breast, boneless",lb. (453.6 gm),Poultry,3.378,APU0000FF1101
2015-08-01,2015,8,"Chicken breast, boneless",lb. (453.6 gm),Poultry,3.406,APU0000FF1101
2015-09-01,2015,9,"Chicken breast, boneless",lb. (453.6 gm),Poultry,3.377,APU0000FF1101
2015-10-01,2015,10,"Chicken breast, boneless",lb. (453.6 gm),Poultry,3.356,APU0000FF1101
2015-11-01,2015,11,"Chicken breast, boneless",lb. (453.6 gm),Poultry,3.35,APU0000FF1101
2015-12-01,2015,12,"Chicken breast, boneless",lb. (453.6 gm),Poultry,3.282,APU0000FF1101
2016-01-01,2016,1,"Chicken breast, boneless",lb. (453.6 gm),Poultry,3.251,APU0000FF1101
2016-02-01,2016,2,"Chicken breast, boneless",lb. (453.6 gm),Poultry,3.302,APU0000FF1101
2016-03-01,2016,3,"Chicken breast, boneless",lb. (453.6 gm),Poultry,3.271,APU0000FF1101
2016-04-01,2016,4,"Chicken breast, boneless",lb. (453.6 gm),Poultry,3.251,APU0000FF1101
2016-05-01,2016,5,"Chicken breast, boneless",lb. (453.6 gm),Poultry,3.25,APU0000FF1101
2016-06-01,2016,6,"Chicken breast, boneless",lb. (453.6 gm),Poultry,3.228,APU0000FF1101
2016-07-01,2016,7,"Chicken breast, boneless",lb. (453.6 gm),Poultry,3.21,APU0000FF1101
2016-08-01,2016,8,"Chicken breast, boneless",lb. (453.6 gm),Poultry,3.218,APU0000FF1101
2016-09-01,2016,9,"Chicken breast, boneless",lb. (453.6 gm),Poultry,3.244,APU0000FF1101
2016-10-01,2016,10,"Chicken breast, boneless",lb. (453.6 gm),Poultry,3.305,APU0000FF1101
2016-11-01,2016,11,"Chicken breast, boneless",lb. (453.6 gm),Poultry,3.263,APU0000FF1101
2016-12-01,2016,12,"Chicken breast, boneless",lb. (453.6 gm),Poultry,3.2,APU0000FF1101
2017-01-01,2017,1,"Chicken breast, boneless",lb. (453.6 gm),Poultry,3.218,APU0000FF1101
2017-02-01,2017,2,"Chicken breast, boneless",lb. (453.6 gm),Poultry,3.195,APU0000FF1101
2017-03-01,2017,3,"Chicken breast, boneless",lb. (453.6 gm),Poultry,3.291,APU0000FF1101
2017-04-01,2017,4,"Chicken breast, boneless",lb. (453.6 gm),Poultry,3.289,APU0000FF1101
2017-05-01,2017,5,"Chicken breast, boneless",lb. (453.6 gm),Poultry,3.208,APU0000FF1101
2017-06-01,2017,6,"Chicken breast, boneless",lb. (453.6 gm),Poultry,3.215,APU0000FF1101
2017-07-01,2017,7,"Chicken breast, boneless",lb. (453.6 gm),Poultry,3.189,APU0000FF1101
2017-08-01,2017,8,"Chicken breast, boneless",lb. (453.6 gm),Poultry,3.194,APU0000FF1101
2017-09-01,2017,9,"Chicken breast, boneless",lb. (453.6 gm),Poultry,3.185,APU0000FF1101
2017-10-01,2017,10,"Chicken breast, boneless",lb. (453.6 gm),Poultry,3.141,APU0000FF1101
2017-11-01,2017,11,"Chicken breast, boneless",lb. (453.6 gm),Poultry,3.13,APU0000FF1101
2017-12-01,2017,12,"Chicken breast, boneless",lb. (453.6 gm),Poultry,3.192,APU0000FF1101
2018-01-01,2018,1,"Chicken breast, boneless",lb. (453.6 gm),Poultry,3.073,APU0000FF1101
2018-02-01,2018,2,"Chicken breast, boneless",lb. (453.6 gm),Poultry,3.119,APU0000FF1101
2018-03-01,2018,3,"Chicken breast, boneless",lb. (453.6 gm),Poultry,3.142,APU0000FF1101
2018-04-01,2018,4,"Chicken breast, boneless",lb. (453.6 gm),Poultry,3.238,APU0000FF1101
2018-05-01,2018,5,"Chicken breast, boneless",lb. (453.6 gm),Poultry,3.076,APU0000FF1101
2018-06-01,2018,6,"Chicken breast, boneless",lb. (453.6 gm),Poultry,3.094,APU0000FF1101
2018-07-01,2018,7,"Chicken breast, boneless",lb. (453.6 gm),Poultry,3.116,APU0000FF1101
2018-08-01,2018,8,"Chicken breast, boneless",lb. (453.6 gm),Poultry,2.939,APU0000FF1101
2018-09-01,2018,9,"Chicken breast, boneless",lb. (453.6 gm),Poultry,2.896,APU0000FF1101
2018-10-01,2018,10,"Chicken breast, boneless",lb. (453.6 gm),Poultry,3.047,APU0000FF1101
2018-11-01,2018,11,"Chicken breast, boneless",lb. (453.6 gm),Poultry,3.052,APU0000FF1101
2018-12-01,2018,12,"Chicken breast, boneless",lb. (453.6 gm),Poultry,3.112,APU0000FF1101
2019-01-01,2019,1,"Chicken breast, boneless",lb. (453.6 gm),Poultry,3.063,APU0000FF1101
2019-02-01,2019,2,"Chicken breast, boneless",lb. (453.6 gm),Poultry,3.062,APU0000FF1101
2019-03-01,2019,3,"Chicken breast, boneless",lb. (453.6 gm),Poultry,3.048,APU0000FF1101
2019-04-01,2019,4,"Chicken breast, boneless",lb. (453.6 gm),Poultry,3.014,APU0000FF1101
2019-05-01,2019,5,"Chicken breast, boneless",lb. (453.6 gm),Poultry,3.092,APU0000FF1101
2019-06-01,2019,6,"Chicken breast, boneless",lb. (453.6 gm),Poultry,3.051,APU0000FF1101
2019-07-01,2019,7,"Chicken breast, boneless",lb. (453.6 gm),Poultry,2.975,APU0000FF1101
2019-08-01,2019,8,"Chicken breast, boneless",lb. (453.6 gm),Poultry,2.96,APU0000FF1101
2019-09-01,2019,9,"Chicken breast, boneless",lb. (453.6 gm),Poultry,2.93,APU0000FF1101
2019-10-01,2019,10,"Chicken breast, boneless",lb. (453.6 gm),Poultry,2.948,APU0000FF1101
2019-11-01,2019,11,"Chicken breast, boneless",lb. (453.6 gm),Poultry,2.94,APU0000FF1101
2019-12-01,2019,12,"Chicken breast, boneless",lb. (453.6 gm),Poultry,3.113,APU0000FF1101
2020-01-01,2020,1,"Chicken breast, boneless",lb. (453.6 gm),Poultry,3.059,APU0000FF1101
2020-02-01,2020,2,"Chicken breast, boneless",lb. (453.6 gm),Poultry,3.013,APU0000FF1101
2020-03-01,2020,3,"Chicken breast, boneless",lb. (453.6 gm),Poultry,2.956,APU0000FF1101
2020-04-01,2020,4,"Chicken breast, boneless",lb. (453.6 gm),Poultry,3.158,APU0000FF1101
2020-05-01,2020,5,"Chicken breast, boneless",lb. (453.6 gm),Poultry,3.348,APU0000FF1101
2020-06-01,2020,6,"Chicken breast, boneless",lb. (453.6 gm),Poultry,3.349,APU0000FF1101
2020-07-01,2020,7,"Chicken breast, boneless",lb. (453.6 gm),Poultry,3.221,APU0000FF1101
2020-08-01,2020,8,"Chicken breast, boneless",lb. (453.6 gm),Poultry,3.276,APU0000FF1101
2020-09-01,2020,9,"Chicken breast, boneless",lb. (453.6 gm),Poultry,3.302,APU0000FF1101
2020-10-01,2020,10,"Chicken breast, boneless",lb. (453.6 gm),Poultry,3.29,APU0000FF1101
2020-11-01,2020,11,"Chicken breast, boneless",lb. (453.6 gm),Poultry,3.412,APU0000FF1101
2020-12-01,2020,12,"Chicken breast, boneless",lb. (453.6 gm),Poultry,3.293,APU0000FF1101
2021-01-01,2021,1,"Chicken breast, boneless",lb. (453.6 gm),Poultry,3.26,APU0000FF1101
2021-02-01,2021,2,"Chicken breast, boneless",lb. (453.6 gm),Poultry,3.239,APU0000FF1101
2021-03-01,2021,3,"Chicken breast, boneless",lb. (453.6 gm),Poultry,3.291,APU0000FF1101
2021-04-01,2021,4,"Chicken breast, boneless",lb. (453.6 gm),Poultry,3.406,APU0000FF1101
2021-05-01,2021,5,"Chicken breast, boneless",lb. (453.6 gm),Poultry,3.371,APU0000FF1101
2021-06-01,2021,6,"Chicken breast, boneless",lb. (453.6 gm),Poultry,3.353,APU0000FF1101
2021-07-01,2021,7,"Chicken breast, boneless",lb. (453.6 gm),Poultry,3.5,APU0000FF1101
2021-08-01,2021,8,"Chicken breast, boneless",lb. (453.6 gm),Poultry,3.536,APU0000FF1101
2021-09-01,2021,9,"Chicken breast, boneless",lb. (453.6 gm),Poultry,3.517,APU0000FF1101
2021-10-01,2021,10,"Chicken breast, boneless",lb. (453.6 gm),Poultry,3.589,APU0000FF1101
2021-11-01,2021,11,"Chicken breast, boneless",lb. (453.6 gm),Poultry,3.618,APU0000FF1101
2021-12-01,2021,12,"Chicken breast, boneless",lb. (453.6 gm),Poultry,3.725,APU0000FF1101
2022-01-01,2022,1,"Chicken breast, boneless",lb. (453.6 gm),Poultry,3.726,APU0000FF1101
2022-02-01,2022,2,"Chicken breast, boneless",lb. (453.6 gm),Poultry,3.815,APU0000FF1101
2022-03-01,2022,3,"Chicken breast, boneless",lb. (453.6 gm),Poultry,3.87,APU0000FF1101
2022-04-01,2022,4,"Chicken breast, boneless",lb. (453.6 gm),Poultry,4.096,APU0000FF1101
2022-05-01,2022,5,"Chicken breast, boneless",lb. (453.6 gm),Poultry,4.31,APU0000FF1101
2022-06-01,2022,6,"Chicken breast, boneless",lb. (453.6 gm),Poultry,4.568,APU0000FF1101
2022-07-01,2022,7,"Chicken breast, boneless",lb. (453.6 gm),Poultry,4.608,APU0000FF1101
2022-08-01,2022,8,"Chicken breast, boneless",lb. (453.6 gm),Poultry,4.706,APU0000FF1101
2022-09-01,2022,9,"Chicken breast, boneless",lb. (453.6 gm),Poultry,4.746,APU0000FF1101
2022-10-01,2022,10,"Chicken breast, boneless",lb. (453.6 gm),Poultry,4.67,APU0000FF1101
2022-11-01,2022,11,"Chicken breast, boneless",lb. (453.6 gm),Poultry,4.42,APU0000FF1101
2022-12-01,2022,12,"Chicken breast, boneless",lb. (453.6 gm),Poultry,4.348,APU0000FF1101
2023-01-01,2023,1,"Chicken breast, boneless",lb. (453.6 gm),Poultry,4.315,APU0000FF1101
2023-02-01,2023,2,"Chicken breast, boneless",lb. (453.6 gm),Poultry,4.365,APU0000FF1101
2023-03-01,2023,3,"Chicken breast, boneless",lb. (453.6 gm),Poultry,4.324,APU0000FF1101
2023-04-01,2023,4,"Chicken breast, boneless",lb. (453.6 gm),Poultry,4.405,APU0000FF1101
2023-05-01,2023,5,"Chicken breast, boneless",lb. (453.6 gm),Poultry,4.236,APU0000FF1101
2023-06-01,2023,6,"Chicken breast, boneless",lb. (453.6 gm),Poultry,4.193,APU0000FF1101
2023-07-01,2023,7,"Chicken breast, boneless",lb. (453.6 gm),Poultry,4.141,APU0000FF1101
2023-08-01,2023,8,"Chicken breast, boneless",lb. (453.6 gm),Poultry,4.179,APU0000FF1101
2023-09-01,2023,9,"Chicken breast, boneless",lb. (453.6 gm),Poultry,4.229,APU0000FF1101
2023-10-01,2023,10,"Chicken breast, boneless",lb. (453.6 gm),Poultry,4.222,APU0000FF1101
2023-11-01,2023,11,"Chicken breast, boneless",lb. (453.6 gm),Poultry,4.06,APU0000FF1101
2023-12-01,2023,12,"Chicken breast, boneless",lb. (453.6 gm),Poultry,4.082,APU0000FF1101
2024-01-01,2024,1,"Chicken breast, boneless",lb. (453.6 gm),Poultry,4.086,APU0000FF1101
2024-02-01,2024,2,"Chicken breast, boneless",lb. (453.6 gm),Poultry,4.105,APU0000FF1101
2024-03-01,2024,3,"Chicken breast, boneless",lb. (453.6 gm),Poultry,4.106,APU0000FF1101
2024-04-01,2024,4,"Chicken breast, boneless",lb. (453.6 gm),Poultry,4.061,APU0000FF1101
2024-05-01,2024,5,"Chicken breast, boneless",lb. (453.6 gm),Poultry,4.118,APU0000FF1101
2024-06-01,2024,6,"Chicken breast, boneless",lb. (453.6 gm),Poultry,4.046,APU0000FF1101
2024-07-01,2024,7,"Chicken breast, boneless",lb. (453.6 gm),Poultry,3.946,APU0000FF1101
2024-08-01,2024,8,"Chicken breast, boneless",lb. (453.6 gm),Poultry,3.952,APU0000FF1101
2024-09-01,2024,9,"Chicken breast, boneless",lb. (453.6 gm),Poultry,3.974,APU0000FF1101
2024-10-01,2024,10,"Chicken breast, boneless",lb. (453.6 gm),Poultry,4.037,APU0000FF1101
2024-11-01,2024,11,"Chicken breast, boneless",lb. (453.6 gm),Poultry,4.011,APU0000FF1101
2024-12-01,2024,12,"Chicken breast, boneless",lb. (453.6 gm),Poultry,4.104,APU0000FF1101
2025-01-01,2025,1,"Chicken breast, boneless",lb. (453.6 gm),Poultry,3.969,APU0000FF1101
2025-02-01,2025,2,"Chicken breast, boneless",lb. (453.6 gm),Poultry,4.079,APU0000FF1101
2025-03-01,2025,3,"Chicken breast, boneless",lb. (453.6 gm),Poultry,4.16,APU0000FF1101
2025-04-01,2025,4,"Chicken breast, boneless",lb. (453.6 gm),Poultry,4.18,APU0000FF1101
2025-05-01,2025,5,"Chicken breast, boneless",lb. (453.6 gm),Poultry,4.216,APU0000FF1101
2025-06-01,2025,6,"Chicken breast, boneless",lb. (453.6 gm),Poultry,4.239,APU0000FF1101
2025-07-01,2025,7,"Chicken breast, boneless",lb. (453.6 gm),Poultry,4.204,APU0000FF1101
2025-08-01,2025,8,"Chicken breast, boneless",lb. (453.6 gm),Poultry,4.212,APU0000FF1101
2025-09-01,2025,9,"Chicken breast, boneless",lb. (453.6 gm),Poultry,4.172,APU0000FF1101
2025-11-01,2025,11,"Chicken breast, boneless",lb. (453.6 gm),Poultry,4.15,APU0000FF1101
2025-12-01,2025,12,"Chicken breast, boneless",lb. (453.6 gm),Poultry,4.153,APU0000FF1101
2026-01-01,2026,1,"Chicken breast, boneless",lb. (453.6 gm),Poultry,4.165,APU0000FF1101
2026-02-01,2026,2,"Chicken breast, boneless",lb. (453.6 gm),Poultry,4.142,APU0000FF1101
2026-03-01,2026,3,"Chicken breast, boneless",lb. (453.6 gm),Poultry,4.172,APU0000FF1101
2026-04-01,2026,4,"Chicken breast, boneless",lb. (453.6 gm),Poultry,4.168,APU0000FF1101
2026-05-01,2026,5,"Chicken breast, boneless",lb. (453.6 gm),Poultry,4.171,APU0000FF1101
2026-06-01,2026,6,"Chicken breast, boneless",lb. (453.6 gm),Poultry,4.181,APU0000FF1101
2026-07-01,2026,7,"Chicken breast, boneless",lb. (453.6 gm),Poultry,4.153,APU0000FF1101
2015-01-01,2015,1,"Chicken legs, bone-in",lb. (453.6 gm),Poultry,1.584,APU0000706212
2015-02-01,2015,2,"Chicken legs, bone-in",lb. (453.6 gm),Poultry,1.581,APU0000706212
2015-03-01,2015,3,"Chicken legs, bone-in",lb. (453.6 gm),Poultry,1.588,APU0000706212
2015-04-01,2015,4,"Chicken legs, bone-in",lb. (453.6 gm),Poultry,1.609,APU0000706212
2015-05-01,2015,5,"Chicken legs, bone-in",lb. (453.6 gm),Poultry,1.552,APU0000706212
2015-06-01,2015,6,"Chicken legs, bone-in",lb. (453.6 gm),Poultry,1.622,APU0000706212
2015-07-01,2015,7,"Chicken legs, bone-in",lb. (453.6 gm),Poultry,1.591,APU0000706212
2015-08-01,2015,8,"Chicken legs, bone-in",lb. (453.6 gm),Poultry,1.612,APU0000706212
2015-09-01,2015,9,"Chicken legs, bone-in",lb. (453.6 gm),Poultry,1.595,APU0000706212
2015-10-01,2015,10,"Chicken legs, bone-in",lb. (453.6 gm),Poultry,1.61,APU0000706212
2015-11-01,2015,11,"Chicken legs, bone-in",lb. (453.6 gm),Poultry,1.605,APU0000706212
2015-12-01,2015,12,"Chicken legs, bone-in",lb. (453.6 gm),Poultry,1.573,APU0000706212
2016-01-01,2016,1,"Chicken legs, bone-in",lb. (453.6 gm),Poultry,1.579,APU0000706212
2016-02-01,2016,2,"Chicken legs, bone-in",lb. (453.6 gm),Poultry,1.485,APU0000706212
2016-03-01,2016,3,"Chicken legs, bone-in",lb. (453.6 gm),Poultry,1.509,APU0000706212
2016-04-01,2016,4,"Chicken legs, bone-in",lb. (453.6 gm),Poultry,1.565,APU0000706212
2016-05-01,2016,5,"Chicken legs, bone-in",lb. (453.6 gm),Poultry,1.528,APU0000706212
2016-06-01,2016,6,"Chicken legs, bone-in",lb. (453.6 gm),Poultry,1.562,APU0000706212
2016-07-01,2016,7,"Chicken legs, bone-in",lb. (453.6 gm),Poultry,1.547,APU0000706212
2016-08-01,2016,8,"Chicken legs, bone-in",lb. (453.6 gm),Poultry,1.57,APU0000706212
2016-09-01,2016,9,"Chicken legs, bone-in",lb. (453.6 gm),Poultry,1.548,APU0000706212
2016-10-01,2016,10,"Chicken legs, bone-in",lb. (453.6 gm),Poultry,1.509,APU0000706212
2016-11-01,2016,11,"Chicken legs, bone-in",lb. (453.6 gm),Poultry,1.51,APU0000706212
2016-12-01,2016,12,"Chicken legs, bone-in",lb. (453.6 gm),Poultry,1.432,APU0000706212
2017-01-01,2017,1,"Chicken legs, bone-in",lb. (453.6 gm),Poultry,1.462,APU0000706212
2017-02-01,2017,2,"Chicken legs, bone-in",lb. (453.6 gm),Poultry,1.484,APU0000706212
2017-03-01,2017,3,"Chicken legs, bone-in",lb. (453.6 gm),Poultry,1.48,APU0000706212
2017-04-01,2017,4,"Chicken legs, bone-in",lb. (453.6 gm),Poultry,1.492,APU0000706212
2017-05-01,2017,5,"Chicken legs, bone-in",lb. (453.6 gm),Poultry,1.454,APU0000706212
2017-06-01,2017,6,"Chicken legs, bone-in",lb. (453.6 gm),Poultry,1.436,APU0000706212
2017-07-01,2017,7,"Chicken legs, bone-in",lb. (453.6 gm),Poultry,1.418,APU0000706212
2017-08-01,2017,8,"Chicken legs, bone-in",lb. (453.6 gm),Poultry,1.453,APU0000706212
2017-09-01,2017,9,"Chicken legs, bone-in",lb. (453.6 gm),Poultry,1.439,APU0000706212
2017-10-01,2017,10,"Chicken legs, bone-in",lb. (453.6 gm),Poultry,1.436,APU0000706212
2017-11-01,2017,11,"Chicken legs, bone-in",lb. (453.6 gm),Poultry,1.437,APU0000706212
2017-12-01,2017,12,"Chicken legs, bone-in",lb. (453.6 gm),Poultry,1.461,APU0000706212
2018-01-01,2018,1,"Chicken legs, bone-in",lb. (453.6 gm),Poultry,1.327,APU0000706212
2018-02-01,2018,2,"Chicken legs, bone-in",lb. (453.6 gm),Poultry,1.402,APU0000706212
2018-03-01,2018,3,"Chicken legs, bone-in",lb. (453.6 gm),Poultry,1.394,APU0000706212
2018-04-01,2018,4,"Chicken legs, bone-in",lb. (453.6 gm),Poultry,1.45,APU0000706212
2018-05-01,2018,5,"Chicken legs, bone-in",lb. (453.6 gm),Poultry,1.447,APU0000706212
2018-06-01,2018,6,"Chicken legs, bone-in",lb. (453.6 gm),Poultry,1.427,APU0000706212
2018-07-01,2018,7,"Chicken legs, bone-in",lb. (453.6 gm),Poultry,1.431,APU0000706212
2018-08-01,2018,8,"Chicken legs, bone-in",lb. (453.6 gm),Poultry,1.439,APU0000706212
2018-09-01,2018,9,"Chicken legs, bone-in",lb. (453.6 gm),Poultry,1.426,APU0000706212
2018-10-01,2018,10,"Chicken legs, bone-in",lb. (453.6 gm),Poultry,1.46,APU0000706212
2018-11-01,2018,11,"Chicken legs, bone-in",lb. (453.6 gm),Poultry,1.385,APU0000706212
2018-12-01,2018,12,"Chicken legs, bone-in",lb. (453.6 gm),Poultry,1.404,APU0000706212
2019-01-01,2019,1,"Chicken legs, bone-in",lb. (453.6 gm),Poultry,1.381,APU0000706212
2019-02-01,2019,2,"Chicken legs, bone-in",lb. (453.6 gm),Poultry,1.417,APU0000706212
2019-03-01,2019,3,"Chicken legs, bone-in",lb. (453.6 gm),Poultry,1.392,APU0000706212
2019-04-01,2019,4,"Chicken legs, bone-in",lb. (453.6 gm),Poultry,1.435,APU0000706212
2019-05-01,2019,5,"Chicken legs, bone-in",lb. (453.6 gm),Poultry,1.442,APU0000706212
2019-06-01,2019,6,"Chicken legs, bone-in",lb. (453.6 gm),Poultry,1.415,APU0000706212
2019-07-01,2019,7,"Chicken legs, bone-in",lb. (453.6 gm),Poultry,1.412,APU0000706212
2019-08-01,2019,8,"Chicken legs, bone-in",lb. (453.6 gm),Poultry,1.414,APU0000706212
2019-09-01,2019,9,"Chicken legs, bone-in",lb. (453.6 gm),Poultry,1.425,APU0000706212
2019-10-01,2019,10,"Chicken legs, bone-in",lb. (453.6 gm),Poultry,1.429,APU0000706212
2019-11-01,2019,11,"Chicken legs, bone-in",lb. (453.6 gm),Poultry,1.488,APU0000706212
2019-12-01,2019,12,"Chicken legs, bone-in",lb. (453.6 gm),Poultry,1.505,APU0000706212
2020-01-01,2020,1,"Chicken legs, bone-in",lb. (453.6 gm),Poultry,1.451,APU0000706212
2020-02-01,2020,2,"Chicken legs, bone-in",lb. (453.6 gm),Poultry,1.479,APU0000706212
2020-03-01,2020,3,"Chicken legs, bone-in",lb. (453.6 gm),Poultry,1.538,APU0000706212
2020-04-01,2020,4,"Chicken legs, bone-in",lb. (453.6 gm),Poultry,1.598,APU0000706212
2020-05-01,2020,5,"Chicken legs, bone-in",lb. (453.6 gm),Poultry,1.581,APU0000706212
2020-06-01,2020,6,"Chicken legs, bone-in",lb. (453.6 gm),Poultry,1.602,APU0000706212
2020-07-01,2020,7,"Chicken legs, bone-in",lb. (453.6 gm),Poultry,1.579,APU0000706212
2020-08-01,2020,8,"Chicken legs, bone-in",lb. (453.6 gm),Poultry,1.568,APU0000706212
2020-09-01,2020,9,"Chicken legs, bone-in",lb. (453.6 gm),Poultry,1.557,APU0000706212
2020-10-01,2020,10,"Chicken legs, bone-in",lb. (453.6 gm),Poultry,1.551,APU0000706212
2020-11-01,2020,11,"Chicken legs, bone-in",lb. (453.6 gm),Poultry,1.55,APU0000706212
2020-12-01,2020,12,"Chicken legs, bone-in",lb. (453.6 gm),Poultry,1.543,APU0000706212
2021-01-01,2021,1,"Chicken legs, bone-in",lb. (453.6 gm),Poultry,1.6,APU0000706212
2021-02-01,2021,2,"Chicken legs, bone-in",lb. (453.6 gm),Poultry,1.553,APU0000706212
2021-03-01,2021,3,"Chicken legs, bone-in",lb. (453.6 gm),Poultry,1.569,APU0000706212
2021-04-01,2021,4,"Chicken legs, bone-in",lb. (453.6 gm),Poultry,1.579,APU0000706212
2021-05-01,2021,5,"Chicken legs, bone-in",lb. (453.6 gm),Poultry,1.593,APU0000706212
2021-06-01,2021,6,"Chicken legs, bone-in",lb. (453.6 gm),Poultry,1.611,APU0000706212
2021-07-01,2021,7,"Chicken legs, bone-in",lb. (453.6 gm),Poultry,1.615,APU0000706212
2021-08-01,2021,8,"Chicken legs, bone-in",lb. (453.6 gm),Poultry,1.706,APU0000706212
2021-09-01,2021,9,"Chicken legs, bone-in",lb. (453.6 gm),Poultry,1.723,APU0000706212
2021-10-01,2021,10,"Chicken legs, bone-in",lb. (453.6 gm),Poultry,1.709,APU0000706212
2021-11-01,2021,11,"Chicken legs, bone-in",lb. (453.6 gm),Poultry,1.733,APU0000706212
2021-12-01,2021,12,"Chicken legs, bone-in",lb. (453.6 gm),Poultry,1.729,APU0000706212
2022-01-01,2022,1,"Chicken legs, bone-in",lb. (453.6 gm),Poultry,1.731,APU0000706212
2022-02-01,2022,2,"Chicken legs, bone-in",lb. (453.6 gm),Poultry,1.797,APU0000706212
2022-03-01,2022,3,"Chicken legs, bone-in",lb. (453.6 gm),Poultry,1.834,APU0000706212
2022-04-01,2022,4,"Chicken legs, bone-in",lb. (453.6 gm),Poultry,1.886,APU0000706212
2022-05-01,2022,5,"Chicken legs, bone-in",lb. (453.6 gm),Poultry,1.861,APU0000706212
2022-06-01,2022,6,"Chicken legs, bone-in",lb. (453.6 gm),Poultry,1.882,APU0000706212
2022-07-01,2022,7,"Chicken legs, bone-in",lb. (453.6 gm),Poultry,1.835,APU0000706212
2022-08-01,2022,8,"Chicken legs, bone-in",lb. (453.6 gm),Poultry,1.993,APU0000706212
2022-09-01,2022,9,"Chicken legs, bone-in",lb. (453.6 gm),Poultry,1.975,APU0000706212
2022-10-01,2022,10,"Chicken legs, bone-in",lb. (453.6 gm),Poultry,2.013,APU0000706212
2022-11-01,2022,11,"Chicken legs, bone-in",lb. (453.6 gm),Poultry,2.024,APU0000706212
2022-12-01,2022,12,"Chicken legs, bone-in",lb. (453.6 gm),Poultry,1.945,APU0000706212
2023-01-01,2023,1,"Chicken legs, bone-in",lb. (453.6 gm),Poultry,1.869,APU0000706212
2023-02-01,2023,2,"Chicken legs, bone-in",lb. (453.6 gm),Poultry,1.843,APU0000706212
2023-03-01,2023,3,"Chicken legs, bone-in",lb. (453.6 gm),Poultry,1.858,APU0000706212
2023-04-01,2023,4,"Chicken legs, bone-in",lb. (453.6 gm),Poultry,1.935,APU0000706212
2023-05-01,2023,5,"Chicken legs, bone-in",lb. (453.6 gm),Poultry,1.919,APU0000706212
2023-06-01,2023,6,"Chicken legs, bone-in",lb. (453.6 gm),Poultry,1.998,APU0000706212
2023-07-01,2023,7,"Chicken legs, bone-in",lb. (453.6 gm),Poultry,2.025,APU0000706212
2023-08-01,2023,8,"Chicken legs, bone-in",lb. (453.6 gm),Poultry,2.031,APU0000706212
2023-09-01,2023,9,"Chicken legs, bone-in",lb. (453.6 gm),Poultry,1.899,APU0000706212
2023-10-01,2023,10,"Chicken legs, bone-in",lb. (453.6 gm),Poultry,1.917,APU0000706212
2023-11-01,2023,11,"Chicken legs, bone-in",lb. (453.6 gm),Poultry,1.851,APU0000706212
2023-12-01,2023,12,"Chicken legs, bone-in",lb. (453.6 gm),Poultry,1.856,APU0000706212
2024-01-01,2024,1,"Chicken legs, bone-in",lb. (453.6 gm),Poultry,1.825,APU0000706212
2024-02-01,2024,2,"Chicken legs, bone-in",lb. (453.6 gm),Poultry,1.752,APU0000706212
2024-03-01,2024,3,"Chicken legs, bone-in",lb. (453.6 gm),Poultry,1.821,APU0000706212
2024-04-01,2024,4,"Chicken legs, bone-in",lb. (453.6 gm),Poultry,1.815,APU0000706212
2024-05-01,2024,5,"Chicken legs, bone-in",lb. (453.6 gm),Poultry,1.833,APU0000706212
2024-06-01,2024,6,"Chicken legs, bone-in",lb. (453.6 gm),Poultry,1.771,APU0000706212
2024-07-01,2024,7,"Chicken legs, bone-in",lb. (453.6 gm),Poultry,1.786,APU0000706212
2024-08-01,2024,8,"Chicken legs, bone-in",lb. (453.6 gm),Poultry,1.835,APU0000706212
2024-09-01,2024,9,"Chicken legs, bone-in",lb. (453.6 gm),Poultry,1.873,APU0000706212
2024-10-01,2024,10,"Chicken legs, bone-in",lb. (453.6 gm),Poultry,1.83,APU0000706212
2024-11-01,2024,11,"Chicken legs, bone-in",lb. (453.6 gm),Poultry,1.77,APU0000706212
2024-12-01,2024,12,"Chicken legs, bone-in",lb. (453.6 gm),Poultry,1.781,APU0000706212
2025-01-01,2025,1,"Chicken legs, bone-in",lb. (453.6 gm),Poultry,1.791,APU0000706212
2025-02-01,2025,2,"Chicken legs, bone-in",lb. (453.6 gm),Poultry,1.792,APU0000706212
2025-03-01,2025,3,"Chicken legs, bone-in",lb. (453.6 gm),Poultry,1.805,APU0000706212
2025-04-01,2025,4,"Chicken legs, bone-in",lb. (453.6 gm),Poultry,1.789,APU0000706212
2025-05-01,2025,5,"Chicken legs, bone-in",lb. (453.6 gm),Poultry,1.785,APU0000706212
2025-06-01,2025,6,"Chicken legs, bone-in",lb. (453.6 gm),Poultry,1.815,APU0000706212
2025-07-01,2025,7,"Chicken legs, bone-in",lb. (453.6 gm),Poultry,1.799,APU0000706212
2025-08-01,2025,8,"Chicken legs, bone-in",lb. (453.6 gm),Poultry,1.797,APU0000706212
2025-09-01,2025,9,"Chicken legs, bone-in",lb. (453.6 gm),Poultry,1.796,APU0000706212
2025-11-01,2025,11,"Chicken legs, bone-in",lb. (453.6 gm),Poultry,1.795,APU0000706212
2025-12-01,2025,12,"Chicken legs, bone-in",lb. (453.6 gm),Poultry,1.725,APU0000706212
2026-01-01,2026,1,"Chicken legs, bone-in",lb. (453.6 gm),Poultry,1.735,APU0000706212
2026-02-01,2026,2,"Chicken legs, bone-in",lb. (453.6 gm),Poultry,1.707,APU0000706212
2026-03-01,2026,3,"Chicken legs, bone-in",lb. (453.6 gm),Poultry,1.739,APU0000706212
2026-04-01,2026,4,"Chicken legs, bone-in",lb. (453.6 gm),Poultry,1.712,APU0000706212
2026-05-01,2026,5,"Chicken legs, bone-in",lb. (453.6 gm),Poultry,1.786,APU0000706212
2026-06-01,2026,6,"Chicken legs, bone-in",lb. (453.6 gm),Poultry,1.688,APU0000706212
2026-07-01,2026,7,"Chicken legs, bone-in",lb. (453.6 gm),Poultry,1.723,APU0000706212
2015-01-01,2015,1,"Chicken, fresh, whole",lb. (453.6 gm),Poultry,1.546,APU0000706111
2015-02-01,2015,2,"Chicken, fresh, whole",lb. (453.6 gm),Poultry,1.55,APU0000706111
2015-03-01,2015,3,"Chicken, fresh, whole",lb. (453.6 gm),Poultry,1.545,APU0000706111
2015-04-01,2015,4,"Chicken, fresh, whole",lb. (453.6 gm),Poultry,1.539,APU0000706111
2015-05-01,2015,5,"Chicken, fresh, whole",lb. (453.6 gm),Poultry,1.483,APU0000706111
2015-06-01,2015,6,"Chicken, fresh, whole",lb. (453.6 gm),Poultry,1.515,APU0000706111
2015-07-01,2015,7,"Chicken, fresh, whole",lb. (453.6 gm),Poultry,1.487,APU0000706111
2015-08-01,2015,8,"Chicken, fresh, whole",lb. (453.6 gm),Poultry,1.428,APU0000706111
2015-09-01,2015,9,"Chicken, fresh, whole",lb. (453.6 gm),Poultry,1.415,APU0000706111
2015-10-01,2015,10,"Chicken, fresh, whole",lb. (453.6 gm),Poultry,1.43,APU0000706111
2015-11-01,2015,11,"Chicken, fresh, whole",lb. (453.6 gm),Poultry,1.484,APU0000706111
2015-12-01,2015,12,"Chicken, fresh, whole",lb. (453.6 gm),Poultry,1.437,APU0000706111
2016-01-01,2016,1,"Chicken, fresh, whole",lb. (453.6 gm),Poultry,1.429,APU0000706111
2016-02-01,2016,2,"Chicken, fresh, whole",lb. (453.6 gm),Poultry,1.478,APU0000706111
2016-03-01,2016,3,"Chicken, fresh, whole",lb. (453.6 gm),Poultry,1.463,APU0000706111
2016-04-01,2016,4,"Chicken, fresh, whole",lb. (453.6 gm),Poultry,1.496,APU0000706111
2016-05-01,2016,5,"Chicken, fresh, whole",lb. (453.6 gm),Poultry,1.489,APU0000706111
2016-06-01,2016,6,"Chicken, fresh, whole",lb. (453.6 gm),Poultry,1.408,APU0000706111
2016-07-01,2016,7,"Chicken, fresh, whole",lb. (453.6 gm),Poultry,1.445,APU0000706111
2016-08-01,2016,8,"Chicken, fresh, whole",lb. (453.6 gm),Poultry,1.426,APU0000706111
2016-09-01,2016,9,"Chicken, fresh, whole",lb. (453.6 gm),Poultry,1.487,APU0000706111
2016-10-01,2016,10,"Chicken, fresh, whole",lb. (453.6 gm),Poultry,1.502,APU0000706111
2016-11-01,2016,11,"Chicken, fresh, whole",lb. (453.6 gm),Poultry,1.478,APU0000706111
2016-12-01,2016,12,"Chicken, fresh, whole",lb. (453.6 gm),Poultry,1.463,APU0000706111
2017-01-01,2017,1,"Chicken, fresh, whole",lb. (453.6 gm),Poultry,1.418,APU0000706111
2017-02-01,2017,2,"Chicken, fresh, whole",lb. (453.6 gm),Poultry,1.473,APU0000706111
2017-03-01,2017,3,"Chicken, fresh, whole",lb. (453.6 gm),Poultry,1.462,APU0000706111
2017-04-01,2017,4,"Chicken, fresh, whole",lb. (453.6 gm),Poultry,1.444,APU0000706111
2017-05-01,2017,5,"Chicken, fresh, whole",lb. (453.6 gm),Poultry,1.499,APU0000706111
2017-06-01,2017,6,"Chicken, fresh, whole",lb. (453.6 gm),Poultry,1.497,APU0000706111
2017-07-01,2017,7,"Chicken, fresh, whole",lb. (453.6 gm),Poultry,1.496,APU0000706111
2017-08-01,2017,8,"Chicken, fresh, whole",lb. (453.6 gm),Poultry,1.489,APU0000706111
2017-09-01,2017,9,"Chicken, fresh, whole",lb. (453.6 gm),Poultry,1.48,APU0000706111
2017-10-01,2017,10,"Chicken, fresh, whole",lb. (453.6 gm),Poultry,1.484,APU0000706111
2017-11-01,2017,11,"Chicken, fresh, whole",lb. (453.6 gm),Poultry,1.451,APU0000706111
2017-12-01,2017,12,"Chicken, fresh, whole",lb. (453.6 gm),Poultry,1.47,APU0000706111
2018-01-01,2018,1,"Chicken, fresh, whole",lb. (453.6 gm),Poultry,1.509,APU0000706111
2018-02-01,2018,2,"Chicken, fresh, whole",lb. (453.6 gm),Poultry,1.478,APU0000706111
2018-03-01,2018,3,"Chicken, fresh, whole",lb. (453.6 gm),Poultry,1.502,APU0000706111
2018-04-01,2018,4,"Chicken, fresh, whole",lb. (453.6 gm),Poultry,1.511,APU0000706111
2018-05-01,2018,5,"Chicken, fresh, whole",lb. (453.6 gm),Poultry,1.523,APU0000706111
2018-06-01,2018,6,"Chicken, fresh, whole",lb. (453.6 gm),Poultry,1.514,APU0000706111
2018-07-01,2018,7,"Chicken, fresh, whole",lb. (453.6 gm),Poultry,1.519,APU0000706111
2018-08-01,2018,8,"Chicken, fresh, whole",lb. (453.6 gm),Poultry,1.511,APU0000706111
2018-09-01,2018,9,"Chicken, fresh, whole",lb. (453.6 gm),Poultry,1.487,APU0000706111
2018-10-01,2018,10,"Chicken, fresh, whole",lb. (453.6 gm),Poultry,1.444,APU0000706111
2018-11-01,2018,11,"Chicken, fresh, whole",lb. (453.6 gm),Poultry,1.501,APU0000706111
2018-12-01,2018,12,"Chicken, fresh, whole",lb. (453.6 gm),Poultry,1.466,APU0000706111
2019-01-01,2019,1,"Chicken, fresh, whole",lb. (453.6 gm),Poultry,1.473,APU0000706111
2019-02-01,2019,2,"Chicken, fresh, whole",lb. (453.6 gm),Poultry,1.486,APU0000706111
2019-03-01,2019,3,"Chicken, fresh, whole",lb. (453.6 gm),Poultry,1.468,APU0000706111
2019-04-01,2019,4,"Chicken, fresh, whole",lb. (453.6 gm),Poultry,1.463,APU0000706111
2019-05-01,2019,5,"Chicken, fresh, whole",lb. (453.6 gm),Poultry,1.479,APU0000706111
2019-06-01,2019,6,"Chicken, fresh, whole",lb. (453.6 gm),Poultry,1.59,APU0000706111
2019-07-01,2019,7,"Chicken, fresh, whole",lb. (453.6 gm),Poultry,1.562,APU0000706111
2019-08-01,2019,8,"Chicken, fresh, whole",lb. (453.6 gm),Poultry,1.514,APU0000706111
2019-09-01,2019,9,"Chicken, fresh, whole",lb. (453.6 gm),Poultry,1.487,APU0000706111
2019-10-01,2019,10,"Chicken, fresh, whole",lb. (453.6 gm),Poultry,1.538,APU0000706111
2019-11-01,2019,11,"Chicken, fresh, whole",lb. (453.6 gm),Poultry,1.43,APU0000706111
2019-12-01,2019,12,"Chicken, fresh, whole",lb. (453.6 gm),Poultry,1.45,APU0000706111
2020-01-01,2020,1,"Chicken, fresh, whole",lb. (453.6 gm),Poultry,1.409,APU0000706111
2020-02-01,2020,2,"Chicken, fresh, whole",lb. (453.6 gm),Poultry,1.362,APU0000706111
2020-03-01,2020,3,"Chicken, fresh, whole",lb. (453.6 gm),Poultry,1.4,APU0000706111
2020-04-01,2020,4,"Chicken, fresh, whole",lb. (453.6 gm),Poultry,1.571,APU0000706111
2020-06-01,2020,6,"Chicken, fresh, whole",lb. (453.6 gm),Poultry,1.747,APU0000706111
2020-07-01,2020,7,"Chicken, fresh, whole",lb. (453.6 gm),Poultry,1.712,APU0000706111
2020-08-01,2020,8,"Chicken, fresh, whole",lb. (453.6 gm),Poultry,1.609,APU0000706111
2020-09-01,2020,9,"Chicken, fresh, whole",lb. (453.6 gm),Poultry,1.542,APU0000706111
2020-10-01,2020,10,"Chicken, fresh, whole",lb. (453.6 gm),Poultry,1.58,APU0000706111
2020-11-01,2020,11,"Chicken, fresh, whole",lb. (453.6 gm),Poultry,1.639,APU0000706111
2020-12-01,2020,12,"Chicken, fresh, whole",lb. (453.6 gm),Poultry,1.621,APU0000706111
2021-01-01,2021,1,"Chicken, fresh, whole",lb. (453.6 gm),Poultry,1.595,APU0000706111
2021-02-01,2021,2,"Chicken, fresh, whole",lb. (453.6 gm),Poultry,1.583,APU0000706111
2021-03-01,2021,3,"Chicken, fresh, whole",lb. (453.6 gm),Poultry,1.543,APU0000706111
2021-04-01,2021,4,"Chicken, fresh, whole",lb. (453.6 gm),Poultry,1.515,APU0000706111
2021-05-01,2021,5,"Chicken, fresh, whole",lb. (453.6 gm),Poultry,1.486,APU0000706111
2021-06-01,2021,6,"Chicken, fresh, whole",lb. (453.6 gm),Poultry,1.474,APU0000706111
2021-07-01,2021,7,"Chicken, fresh, whole",lb. (453.6 gm),Poultry,1.435,APU0000706111
2021-08-01,2021,8,"Chicken, fresh, whole",lb. (453.6 gm),Poultry,1.472,APU0000706111
2021-09-01,2021,9,"Chicken, fresh, whole",lb. (453.6 gm),Poultry,1.504,APU0000706111
2021-10-01,2021,10,"Chicken, fresh, whole",lb. (453.6 gm),Poultry,1.523,APU0000706111
2021-11-01,2021,11,"Chicken, fresh, whole",lb. (453.6 gm),Poultry,1.583,APU0000706111
2021-12-01,2021,12,"Chicken, fresh, whole",lb. (453.6 gm),Poultry,1.606,APU0000706111
2022-01-01,2022,1,"Chicken, fresh, whole",lb. (453.6 gm),Poultry,1.622,APU0000706111
2022-02-01,2022,2,"Chicken, fresh, whole",lb. (453.6 gm),Poultry,1.632,APU0000706111
2022-03-01,2022,3,"Chicken, fresh, whole",lb. (453.6 gm),Poultry,1.724,APU0000706111
2022-04-01,2022,4,"Chicken, fresh, whole",lb. (453.6 gm),Poultry,1.794,APU0000706111
2022-05-01,2022,5,"Chicken, fresh, whole",lb. (453.6 gm),Poultry,1.824,APU0000706111
2022-06-01,2022,6,"Chicken, fresh, whole",lb. (453.6 gm),Poultry,1.826,APU0000706111
2022-07-01,2022,7,"Chicken, fresh, whole",lb. (453.6 gm),Poultry,1.88,APU0000706111
2022-08-01,2022,8,"Chicken, fresh, whole",lb. (453.6 gm),Poultry,1.879,APU0000706111
2022-09-01,2022,9,"Chicken, fresh, whole",lb. (453.6 gm),Poultry,1.891,APU0000706111
2022-10-01,2022,10,"Chicken, fresh, whole",lb. (453.6 gm),Poultry,1.863,APU0000706111
2022-11-01,2022,11,"Chicken, fresh, whole",lb. (453.6 gm),Poultry,1.843,APU0000706111
2022-12-01,2022,12,"Chicken, fresh, whole",lb. (453.6 gm),Poultry,1.83,APU0000706111
2023-01-01,2023,1,"Chicken, fresh, whole",lb. (453.6 gm),Poultry,1.855,APU0000706111
2023-02-01,2023,2,"Chicken, fresh, whole",lb. (453.6 gm),Poultry,1.894,APU0000706111
2023-03-01,2023,3,"Chicken, fresh, whole",lb. (453.6 gm),Poultry,1.868,APU0000706111
2023-04-01,2023,4,"Chicken, fresh, whole",lb. (453.6 gm),Poultry,1.873,APU0000706111
2023-05-01,2023,5,"Chicken, fresh, whole",lb. (453.6 gm),Poultry,1.92,APU0000706111
2023-06-01,2023,6,"Chicken, fresh, whole",lb. (453.6 gm),Poultry,1.953,APU0000706111
2023-07-01,2023,7,"Chicken, fresh, whole",lb. (453.6 gm),Poultry,1.891,APU0000706111
2023-08-01,2023,8,"Chicken, fresh, whole",lb. (453.6 gm),Poultry,1.958,APU0000706111
2023-09-01,2023,9,"Chicken, fresh, whole",lb. (453.6 gm),Poultry,1.901,APU0000706111
2023-10-01,2023,10,"Chicken, fresh, whole",lb. (453.6 gm),Poultry,1.926,APU0000706111
2023-11-01,2023,11,"Chicken, fresh, whole",lb. (453.6 gm),Poultry,1.976,APU0000706111
2023-12-01,2023,12,"Chicken, fresh, whole",lb. (453.6 gm),Poultry,1.955,APU0000706111
2024-01-01,2024,1,"Chicken, fresh, whole",lb. (453.6 gm),Poultry,1.987,APU0000706111
2024-02-01,2024,2,"Chicken, fresh, whole",lb. (453.6 gm),Poultry,1.951,APU0000706111
2024-03-01,2024,3,"Chicken, fresh, whole",lb. (453.6 gm),Poultry,1.991,APU0000706111
2024-04-01,2024,4,"Chicken, fresh, whole",lb. (453.6 gm),Poultry,1.953,APU0000706111
2024-05-01,2024,5,"Chicken, fresh, whole",lb. (453.6 gm),Poultry,2.013,APU0000706111
2024-06-01,2024,6,"Chicken, fresh, whole",lb. (453.6 gm),Poultry,2.007,APU0000706111
2024-07-01,2024,7,"Chicken, fresh, whole",lb. (453.6 gm),Poultry,1.988,APU0000706111
2024-08-01,2024,8,"Chicken, fresh, whole",lb. (453.6 gm),Poultry,1.988,APU0000706111
2024-09-01,2024,9,"Chicken, fresh, whole",lb. (453.6 gm),Poultry,1.979,APU0000706111
2024-10-01,2024,10,"Chicken, fresh, whole",lb. (453.6 gm),Poultry,1.987,APU0000706111
2024-11-01,2024,11,"Chicken, fresh, whole",lb. (453.6 gm),Poultry,2.076,APU0000706111
2024-12-01,2024,12,"Chicken, fresh, whole",lb. (453.6 gm),Poultry,2.061,APU0000706111
2025-01-01,2025,1,"Chicken, fresh, whole",lb. (453.6 gm),Poultry,2.061,APU0000706111
2025-02-01,2025,2,"Chicken, fresh, whole",lb. (453.6 gm),Poultry,2.051,APU0000706111
2025-03-01,2025,3,"Chicken, fresh, whole",lb. (453.6 gm),Poultry,2.064,APU0000706111
2025-04-01,2025,4,"Chicken, fresh, whole",lb. (453.6 gm),Poultry,2.059,APU0000706111
2025-05-01,2025,5,"Chicken, fresh, whole",lb. (453.6 gm),Poultry,2.061,APU0000706111
2025-06-01,2025,6,"Chicken, fresh, whole",lb. (453.6 gm),Poultry,2.086,APU0000706111
2025-07-01,2025,7,"Chicken, fresh, whole",lb. (453.6 gm),Poultry,2.078,APU0000706111
2025-08-01,2025,8,"Chicken, fresh, whole",lb. (453.6 gm),Poultry,2.076,APU0000706111
2025-09-01,2025,9,"Chicken, fresh, whole",lb. (453.6 gm),Poultry,2.061,APU0000706111
2025-11-01,2025,11,"Chicken, fresh, whole",lb. (453.6 gm),Poultry,2.044,APU0000706111
2025-12-01,2025,12,"Chicken, fresh, whole",lb. (453.6 gm),Poultry,2.02,APU0000706111
2026-01-01,2026,1,"Chicken, fresh, whole",lb. (453.6 gm),Poultry,2.041,APU0000706111
2026-02-01,2026,2,"Chicken, fresh, whole",lb. (453.6 gm),Poultry,2.049,APU0000706111
2026-03-01,2026,3,"Chicken, fresh, whole",lb. (453.6 gm),Poultry,2.033,APU0000706111
2026-04-01,2026,4,"Chicken, fresh, whole",lb. (453.6 gm),Poultry,2.026,APU0000706111
2026-05-01,2026,5,"Chicken, fresh, whole",lb. (453.6 gm),Poultry,2.036,APU0000706111
2026-06-01,2026,6,"Chicken, fresh, whole",lb. (453.6 gm),Poultry,2.044,APU0000706111
2026-07-01,2026,7,"Chicken, fresh, whole",lb. (453.6 gm),Poultry,2.005,APU0000706111
2015-01-01,2015,1,"Chops, boneless",lb. (453.6 gm),Pork and deli,4.484,APU0000704212
2015-02-01,2015,2,"Chops, boneless",lb. (453.6 gm),Pork and deli,4.468,APU0000704212
2015-03-01,2015,3,"Chops, boneless",lb. (453.6 gm),Pork and deli,4.196,APU0000704212
2015-04-01,2015,4,"Chops, boneless",lb. (453.6 gm),Pork and deli,4.227,APU0000704212
2015-05-01,2015,5,"Chops, boneless",lb. (453.6 gm),Pork and deli,4.273,APU0000704212
2015-06-01,2015,6,"Chops, boneless",lb. (453.6 gm),Pork and deli,4.326,APU0000704212
2015-07-01,2015,7,"Chops, boneless",lb. (453.6 gm),Pork and deli,4.47,APU0000704212
2015-08-01,2015,8,"Chops, boneless",lb. (453.6 gm),Pork and deli,4.396,APU0000704212
2015-09-01,2015,9,"Chops, boneless",lb. (453.6 gm),Pork and deli,4.357,APU0000704212
2015-10-01,2015,10,"Chops, boneless",lb. (453.6 gm),Pork and deli,4.355,APU0000704212
2015-11-01,2015,11,"Chops, boneless",lb. (453.6 gm),Pork and deli,4.153,APU0000704212
2015-12-01,2015,12,"Chops, boneless",lb. (453.6 gm),Pork and deli,4.223,APU0000704212
2016-01-01,2016,1,"Chops, boneless",lb. (453.6 gm),Pork and deli,4.143,APU0000704212
2016-02-01,2016,2,"Chops, boneless",lb. (453.6 gm),Pork and deli,4.169,APU0000704212
2016-03-01,2016,3,"Chops, boneless",lb. (453.6 gm),Pork and deli,4.146,APU0000704212
2016-04-01,2016,4,"Chops, boneless",lb. (453.6 gm),Pork and deli,4.13,APU0000704212
2016-05-01,2016,5,"Chops, boneless",lb. (453.6 gm),Pork and deli,4.15,APU0000704212
2016-06-01,2016,6,"Chops, boneless",lb. (453.6 gm),Pork and deli,4.289,APU0000704212
2016-07-01,2016,7,"Chops, boneless",lb. (453.6 gm),Pork and deli,4.292,APU0000704212
2016-08-01,2016,8,"Chops, boneless",lb. (453.6 gm),Pork and deli,4.197,APU0000704212
2016-09-01,2016,9,"Chops, boneless",lb. (453.6 gm),Pork and deli,4.031,APU0000704212
2016-10-01,2016,10,"Chops, boneless",lb. (453.6 gm),Pork and deli,3.945,APU0000704212
2016-11-01,2016,11,"Chops, boneless",lb. (453.6 gm),Pork and deli,3.812,APU0000704212
2016-12-01,2016,12,"Chops, boneless",lb. (453.6 gm),Pork and deli,3.751,APU0000704212
2017-01-01,2017,1,"Chops, boneless",lb. (453.6 gm),Pork and deli,3.727,APU0000704212
2017-02-01,2017,2,"Chops, boneless",lb. (453.6 gm),Pork and deli,3.814,APU0000704212
2017-03-01,2017,3,"Chops, boneless",lb. (453.6 gm),Pork and deli,3.822,APU0000704212
2017-04-01,2017,4,"Chops, boneless",lb. (453.6 gm),Pork and deli,3.802,APU0000704212
2017-05-01,2017,5,"Chops, boneless",lb. (453.6 gm),Pork and deli,3.832,APU0000704212
2017-06-01,2017,6,"Chops, boneless",lb. (453.6 gm),Pork and deli,3.875,APU0000704212
2017-07-01,2017,7,"Chops, boneless",lb. (453.6 gm),Pork and deli,3.821,APU0000704212
2017-08-01,2017,8,"Chops, boneless",lb. (453.6 gm),Pork and deli,3.917,APU0000704212
2017-09-01,2017,9,"Chops, boneless",lb. (453.6 gm),Pork and deli,3.809,APU0000704212
2017-10-01,2017,10,"Chops, boneless",lb. (453.6 gm),Pork and deli,3.812,APU0000704212
2017-11-01,2017,11,"Chops, boneless",lb. (453.6 gm),Pork and deli,3.802,APU0000704212
2017-12-01,2017,12,"Chops, boneless",lb. (453.6 gm),Pork and deli,3.664,APU0000704212
2018-01-01,2018,1,"Chops, boneless",lb. (453.6 gm),Pork and deli,3.694,APU0000704212
2018-02-01,2018,2,"Chops, boneless",lb. (453.6 gm),Pork and deli,3.718,APU0000704212
2018-03-01,2018,3,"Chops, boneless",lb. (453.6 gm),Pork and deli,3.696,APU0000704212
2018-04-01,2018,4,"Chops, boneless",lb. (453.6 gm),Pork and deli,3.73,APU0000704212
2018-05-01,2018,5,"Chops, boneless",lb. (453.6 gm),Pork and deli,3.686,APU0000704212
2018-06-01,2018,6,"Chops, boneless",lb. (453.6 gm),Pork and deli,3.665,APU0000704212
2018-07-01,2018,7,"Chops, boneless",lb. (453.6 gm),Pork and deli,3.79,APU0000704212
2018-08-01,2018,8,"Chops, boneless",lb. (453.6 gm),Pork and deli,3.83,APU0000704212
2018-09-01,2018,9,"Chops, boneless",lb. (453.6 gm),Pork and deli,3.699,APU0000704212
2018-10-01,2018,10,"Chops, boneless",lb. (453.6 gm),Pork and deli,3.786,APU0000704212
2018-11-01,2018,11,"Chops, boneless",lb. (453.6 gm),Pork and deli,3.734,APU0000704212
2018-12-01,2018,12,"Chops, boneless",lb. (453.6 gm),Pork and deli,3.74,APU0000704212
2019-01-01,2019,1,"Chops, boneless",lb. (453.6 gm),Pork and deli,3.666,APU0000704212
2019-02-01,2019,2,"Chops, boneless",lb. (453.6 gm),Pork and deli,3.716,APU0000704212
2019-03-01,2019,3,"Chops, boneless",lb. (453.6 gm),Pork and deli,3.762,APU0000704212
2019-04-01,2019,4,"Chops, boneless",lb. (453.6 gm),Pork and deli,3.804,APU0000704212
2019-05-01,2019,5,"Chops, boneless",lb. (453.6 gm),Pork and deli,3.833,APU0000704212
2019-06-01,2019,6,"Chops, boneless",lb. (453.6 gm),Pork and deli,3.69,APU0000704212
2019-07-01,2019,7,"Chops, boneless",lb. (453.6 gm),Pork and deli,3.83,APU0000704212
2019-08-01,2019,8,"Chops, boneless",lb. (453.6 gm),Pork and deli,3.784,APU0000704212
2019-09-01,2019,9,"Chops, boneless",lb. (453.6 gm),Pork and deli,3.761,APU0000704212
2019-10-01,2019,10,"Chops, boneless",lb. (453.6 gm),Pork and deli,3.715,APU0000704212
2019-11-01,2019,11,"Chops, boneless",lb. (453.6 gm),Pork and deli,3.786,APU0000704212
2019-12-01,2019,12,"Chops, boneless",lb. (453.6 gm),Pork and deli,3.805,APU0000704212
2020-01-01,2020,1,"Chops, boneless",lb. (453.6 gm),Pork and deli,3.854,APU0000704212
2020-02-01,2020,2,"Chops, boneless",lb. (453.6 gm),Pork and deli,3.813,APU0000704212
2020-03-01,2020,3,"Chops, boneless",lb. (453.6 gm),Pork and deli,3.791,APU0000704212
2020-04-01,2020,4,"Chops, boneless",lb. (453.6 gm),Pork and deli,4.014,APU0000704212
2020-05-01,2020,5,"Chops, boneless",lb. (453.6 gm),Pork and deli,4.409,APU0000704212
2020-06-01,2020,6,"Chops, boneless",lb. (453.6 gm),Pork and deli,4.689,APU0000704212
2020-07-01,2020,7,"Chops, boneless",lb. (453.6 gm),Pork and deli,4.355,APU0000704212
2020-08-01,2020,8,"Chops, boneless",lb. (453.6 gm),Pork and deli,4.343,APU0000704212
2020-09-01,2020,9,"Chops, boneless",lb. (453.6 gm),Pork and deli,4.369,APU0000704212
2020-10-01,2020,10,"Chops, boneless",lb. (453.6 gm),Pork and deli,4.138,APU0000704212
2020-11-01,2020,11,"Chops, boneless",lb. (453.6 gm),Pork and deli,4.289,APU0000704212
2020-12-01,2020,12,"Chops, boneless",lb. (453.6 gm),Pork and deli,4.134,APU0000704212
2021-01-01,2021,1,"Chops, boneless",lb. (453.6 gm),Pork and deli,4.204,APU0000704212
2021-02-01,2021,2,"Chops, boneless",lb. (453.6 gm),Pork and deli,4.137,APU0000704212
2021-03-01,2021,3,"Chops, boneless",lb. (453.6 gm),Pork and deli,4.253,APU0000704212
2021-04-01,2021,4,"Chops, boneless",lb. (453.6 gm),Pork and deli,4.328,APU0000704212
2021-05-01,2021,5,"Chops, boneless",lb. (453.6 gm),Pork and deli,4.362,APU0000704212
2021-06-01,2021,6,"Chops, boneless",lb. (453.6 gm),Pork and deli,4.541,APU0000704212
2021-07-01,2021,7,"Chops, boneless",lb. (453.6 gm),Pork and deli,4.455,APU0000704212
2021-08-01,2021,8,"Chops, boneless",lb. (453.6 gm),Pork and deli,4.469,APU0000704212
2021-09-01,2021,9,"Chops, boneless",lb. (453.6 gm),Pork and deli,4.393,APU0000704212
2021-10-01,2021,10,"Chops, boneless",lb. (453.6 gm),Pork and deli,4.495,APU0000704212
2021-11-01,2021,11,"Chops, boneless",lb. (453.6 gm),Pork and deli,4.43,APU0000704212
2021-12-01,2021,12,"Chops, boneless",lb. (453.6 gm),Pork and deli,4.409,APU0000704212
2022-01-01,2022,1,"Chops, boneless",lb. (453.6 gm),Pork and deli,4.374,APU0000704212
2022-02-01,2022,2,"Chops, boneless",lb. (453.6 gm),Pork and deli,4.449,APU0000704212
2022-03-01,2022,3,"Chops, boneless",lb. (453.6 gm),Pork and deli,4.446,APU0000704212
2022-04-01,2022,4,"Chops, boneless",lb. (453.6 gm),Pork and deli,4.575,APU0000704212
2022-05-01,2022,5,"Chops, boneless",lb. (453.6 gm),Pork and deli,4.512,APU0000704212
2022-06-01,2022,6,"Chops, boneless",lb. (453.6 gm),Pork and deli,4.418,APU0000704212
2022-07-01,2022,7,"Chops, boneless",lb. (453.6 gm),Pork and deli,4.459,APU0000704212
2022-08-01,2022,8,"Chops, boneless",lb. (453.6 gm),Pork and deli,4.597,APU0000704212
2022-09-01,2022,9,"Chops, boneless",lb. (453.6 gm),Pork and deli,4.487,APU0000704212
2022-10-01,2022,10,"Chops, boneless",lb. (453.6 gm),Pork and deli,4.492,APU0000704212
2022-11-01,2022,11,"Chops, boneless",lb. (453.6 gm),Pork and deli,4.488,APU0000704212
2022-12-01,2022,12,"Chops, boneless",lb. (453.6 gm),Pork and deli,4.555,APU0000704212
2023-01-01,2023,1,"Chops, boneless",lb. (453.6 gm),Pork and deli,4.283,APU0000704212
2023-02-01,2023,2,"Chops, boneless",lb. (453.6 gm),Pork and deli,4.494,APU0000704212
2023-03-01,2023,3,"Chops, boneless",lb. (453.6 gm),Pork and deli,4.321,APU0000704212
2023-04-01,2023,4,"Chops, boneless",lb. (453.6 gm),Pork and deli,4.489,APU0000704212
2023-05-01,2023,5,"Chops, boneless",lb. (453.6 gm),Pork and deli,4.474,APU0000704212
2023-06-01,2023,6,"Chops, boneless",lb. (453.6 gm),Pork and deli,4.521,APU0000704212
2023-07-01,2023,7,"Chops, boneless",lb. (453.6 gm),Pork and deli,4.473,APU0000704212
2023-08-01,2023,8,"Chops, boneless",lb. (453.6 gm),Pork and deli,4.556,APU0000704212
2023-09-01,2023,9,"Chops, boneless",lb. (453.6 gm),Pork and deli,4.558,APU0000704212
2023-10-01,2023,10,"Chops, boneless",lb. (453.6 gm),Pork and deli,4.767,APU0000704212
2023-11-01,2023,11,"Chops, boneless",lb. (453.6 gm),Pork and deli,4.629,APU0000704212
2023-12-01,2023,12,"Chops, boneless",lb. (453.6 gm),Pork and deli,4.557,APU0000704212
2024-01-01,2024,1,"Chops, boneless",lb. (453.6 gm),Pork and deli,4.524,APU0000704212
2024-02-01,2024,2,"Chops, boneless",lb. (453.6 gm),Pork and deli,4.377,APU0000704212
2024-03-01,2024,3,"Chops, boneless",lb. (453.6 gm),Pork and deli,4.527,APU0000704212
2024-04-01,2024,4,"Chops, boneless",lb. (453.6 gm),Pork and deli,4.511,APU0000704212
2024-05-01,2024,5,"Chops, boneless",lb. (453.6 gm),Pork and deli,4.634,APU0000704212
2024-06-01,2024,6,"Chops, boneless",lb. (453.6 gm),Pork and deli,4.589,APU0000704212
2024-07-01,2024,7,"Chops, boneless",lb. (453.6 gm),Pork and deli,4.652,APU0000704212
2024-08-01,2024,8,"Chops, boneless",lb. (453.6 gm),Pork and deli,4.622,APU0000704212
2024-09-01,2024,9,"Chops, boneless",lb. (453.6 gm),Pork and deli,4.615,APU0000704212
2024-10-01,2024,10,"Chops, boneless",lb. (453.6 gm),Pork and deli,4.585,APU0000704212
2024-11-01,2024,11,"Chops, boneless",lb. (453.6 gm),Pork and deli,4.874,APU0000704212
2024-12-01,2024,12,"Chops, boneless",lb. (453.6 gm),Pork and deli,4.658,APU0000704212
2025-01-01,2025,1,"Chops, boneless",lb. (453.6 gm),Pork and deli,4.53,APU0000704212
2025-02-01,2025,2,"Chops, boneless",lb. (453.6 gm),Pork and deli,4.558,APU0000704212
2025-03-01,2025,3,"Chops, boneless",lb. (453.6 gm),Pork and deli,4.771,APU0000704212
2025-04-01,2025,4,"Chops, boneless",lb. (453.6 gm),Pork and deli,4.609,APU0000704212
2025-05-01,2025,5,"Chops, boneless",lb. (453.6 gm),Pork and deli,4.601,APU0000704212
2025-06-01,2025,6,"Chops, boneless",lb. (453.6 gm),Pork and deli,4.618,APU0000704212
2025-07-01,2025,7,"Chops, boneless",lb. (453.6 gm),Pork and deli,4.691,APU0000704212
2025-08-01,2025,8,"Chops, boneless",lb. (453.6 gm),Pork and deli,4.688,APU0000704212
2025-09-01,2025,9,"Chops, boneless",lb. (453.6 gm),Pork and deli,4.748,APU0000704212
2025-11-01,2025,11,"Chops, boneless",lb. (453.6 gm),Pork and deli,4.391,APU0000704212
2025-12-01,2025,12,"Chops, boneless",lb. (453.6 gm),Pork and deli,4.671,APU0000704212
2026-01-01,2026,1,"Chops, boneless",lb. (453.6 gm),Pork and deli,4.433,APU0000704212
2026-02-01,2026,2,"Chops, boneless",lb. (453.6 gm),Pork and deli,4.496,APU0000704212
2026-03-01,2026,3,"Chops, boneless",lb. (453.6 gm),Pork and deli,4.484,APU0000704212
2026-04-01,2026,4,"Chops, boneless",lb. (453.6 gm),Pork and deli,4.699,APU0000704212
2026-05-01,2026,5,"Chops, boneless",lb. (453.6 gm),Pork and deli,4.616,APU0000704212
2026-06-01,2026,6,"Chops, boneless",lb. (453.6 gm),Pork and deli,4.555,APU0000704212
2026-07-01,2026,7,"Chops, boneless",lb. (453.6 gm),Pork and deli,4.573,APU0000704212
2015-01-01,2015,1,"Chops, center cut, bone-in",lb. (453.6 gm),Pork and deli,4.167,APU0000704211
2015-02-01,2015,2,"Chops, center cut, bone-in",lb. (453.6 gm),Pork and deli,4.138,APU0000704211
2015-03-01,2015,3,"Chops, center cut, bone-in",lb. (453.6 gm),Pork and deli,4.224,APU0000704211
2015-04-01,2015,4,"Chops, center cut, bone-in",lb. (453.6 gm),Pork and deli,4.141,APU0000704211
2015-05-01,2015,5,"Chops, center cut, bone-in",lb. (453.6 gm),Pork and deli,4.132,APU0000704211
2015-06-01,2015,6,"Chops, center cut, bone-in",lb. (453.6 gm),Pork and deli,3.965,APU0000704211
2015-07-01,2015,7,"Chops, center cut, bone-in",lb. (453.6 gm),Pork and deli,4.062,APU0000704211
2015-08-01,2015,8,"Chops, center cut, bone-in",lb. (453.6 gm),Pork and deli,4.042,APU0000704211
2015-09-01,2015,9,"Chops, center cut, bone-in",lb. (453.6 gm),Pork and deli,4.107,APU0000704211
2015-10-01,2015,10,"Chops, center cut, bone-in",lb. (453.6 gm),Pork and deli,4.106,APU0000704211
2015-11-01,2015,11,"Chops, center cut, bone-in",lb. (453.6 gm),Pork and deli,4.104,APU0000704211
2015-12-01,2015,12,"Chops, center cut, bone-in",lb. (453.6 gm),Pork and deli,4.089,APU0000704211
2016-01-01,2016,1,"Chops, center cut, bone-in",lb. (453.6 gm),Pork and deli,3.714,APU0000704211
2016-02-01,2016,2,"Chops, center cut, bone-in",lb. (453.6 gm),Pork and deli,3.841,APU0000704211
2016-03-01,2016,3,"Chops, center cut, bone-in",lb. (453.6 gm),Pork and deli,3.901,APU0000704211
2016-04-01,2016,4,"Chops, center cut, bone-in",lb. (453.6 gm),Pork and deli,4.028,APU0000704211
2016-05-01,2016,5,"Chops, center cut, bone-in",lb. (453.6 gm),Pork and deli,3.968,APU0000704211
2016-06-01,2016,6,"Chops, center cut, bone-in",lb. (453.6 gm),Pork and deli,3.94,APU0000704211
2016-07-01,2016,7,"Chops, center cut, bone-in",lb. (453.6 gm),Pork and deli,3.986,APU0000704211
2016-08-01,2016,8,"Chops, center cut, bone-in",lb. (453.6 gm),Pork and deli,3.926,APU0000704211
2016-09-01,2016,9,"Chops, center cut, bone-in",lb. (453.6 gm),Pork and deli,3.89,APU0000704211
2016-10-01,2016,10,"Chops, center cut, bone-in",lb. (453.6 gm),Pork and deli,3.92,APU0000704211
2016-11-01,2016,11,"Chops, center cut, bone-in",lb. (453.6 gm),Pork and deli,3.703,APU0000704211
2016-12-01,2016,12,"Chops, center cut, bone-in",lb. (453.6 gm),Pork and deli,3.633,APU0000704211
2017-01-01,2017,1,"Chops, center cut, bone-in",lb. (453.6 gm),Pork and deli,3.639,APU0000704211
2017-02-01,2017,2,"Chops, center cut, bone-in",lb. (453.6 gm),Pork and deli,3.625,APU0000704211
2017-03-01,2017,3,"Chops, center cut, bone-in",lb. (453.6 gm),Pork and deli,3.699,APU0000704211
2017-04-01,2017,4,"Chops, center cut, bone-in",lb. (453.6 gm),Pork and deli,3.639,APU0000704211
2017-05-01,2017,5,"Chops, center cut, bone-in",lb. (453.6 gm),Pork and deli,3.746,APU0000704211
2017-06-01,2017,6,"Chops, center cut, bone-in",lb. (453.6 gm),Pork and deli,3.625,APU0000704211
2017-07-01,2017,7,"Chops, center cut, bone-in",lb. (453.6 gm),Pork and deli,3.793,APU0000704211
2017-08-01,2017,8,"Chops, center cut, bone-in",lb. (453.6 gm),Pork and deli,3.76,APU0000704211
2017-09-01,2017,9,"Chops, center cut, bone-in",lb. (453.6 gm),Pork and deli,3.896,APU0000704211
2017-10-01,2017,10,"Chops, center cut, bone-in",lb. (453.6 gm),Pork and deli,3.708,APU0000704211
2017-11-01,2017,11,"Chops, center cut, bone-in",lb. (453.6 gm),Pork and deli,3.87,APU0000704211
2017-12-01,2017,12,"Chops, center cut, bone-in",lb. (453.6 gm),Pork and deli,3.809,APU0000704211
2018-01-01,2018,1,"Chops, center cut, bone-in",lb. (453.6 gm),Pork and deli,3.814,APU0000704211
2018-02-01,2018,2,"Chops, center cut, bone-in",lb. (453.6 gm),Pork and deli,3.718,APU0000704211
2018-03-01,2018,3,"Chops, center cut, bone-in",lb. (453.6 gm),Pork and deli,3.702,APU0000704211
2018-04-01,2018,4,"Chops, center cut, bone-in",lb. (453.6 gm),Pork and deli,4.004,APU0000704211
2018-05-01,2018,5,"Chops, center cut, bone-in",lb. (453.6 gm),Pork and deli,3.829,APU0000704211
2018-06-01,2018,6,"Chops, center cut, bone-in",lb. (453.6 gm),Pork and deli,3.811,APU0000704211
2018-07-01,2018,7,"Chops, center cut, bone-in",lb. (453.6 gm),Pork and deli,3.558,APU0000704211
2018-08-01,2018,8,"Chops, center cut, bone-in",lb. (453.6 gm),Pork and deli,3.843,APU0000704211
2018-09-01,2018,9,"Chops, center cut, bone-in",lb. (453.6 gm),Pork and deli,3.799,APU0000704211
2018-10-01,2018,10,"Chops, center cut, bone-in",lb. (453.6 gm),Pork and deli,3.889,APU0000704211
2018-11-01,2018,11,"Chops, center cut, bone-in",lb. (453.6 gm),Pork and deli,3.736,APU0000704211
2018-12-01,2018,12,"Chops, center cut, bone-in",lb. (453.6 gm),Pork and deli,3.947,APU0000704211
2019-01-01,2019,1,"Chops, center cut, bone-in",lb. (453.6 gm),Pork and deli,3.576,APU0000704211
2019-02-01,2019,2,"Chops, center cut, bone-in",lb. (453.6 gm),Pork and deli,3.852,APU0000704211
2019-03-01,2019,3,"Chops, center cut, bone-in",lb. (453.6 gm),Pork and deli,3.648,APU0000704211
2019-04-01,2019,4,"Chops, center cut, bone-in",lb. (453.6 gm),Pork and deli,3.779,APU0000704211
2019-05-01,2019,5,"Chops, center cut, bone-in",lb. (453.6 gm),Pork and deli,4.019,APU0000704211
2019-06-01,2019,6,"Chops, center cut, bone-in",lb. (453.6 gm),Pork and deli,3.941,APU0000704211
2019-07-01,2019,7,"Chops, center cut, bone-in",lb. (453.6 gm),Pork and deli,4.041,APU0000704211
2019-08-01,2019,8,"Chops, center cut, bone-in",lb. (453.6 gm),Pork and deli,3.982,APU0000704211
2019-09-01,2019,9,"Chops, center cut, bone-in",lb. (453.6 gm),Pork and deli,3.841,APU0000704211
2019-10-01,2019,10,"Chops, center cut, bone-in",lb. (453.6 gm),Pork and deli,3.773,APU0000704211
2019-11-01,2019,11,"Chops, center cut, bone-in",lb. (453.6 gm),Pork and deli,3.85,APU0000704211
2019-12-01,2019,12,"Chops, center cut, bone-in",lb. (453.6 gm),Pork and deli,3.772,APU0000704211
2020-01-01,2020,1,"Chops, center cut, bone-in",lb. (453.6 gm),Pork and deli,3.781,APU0000704211
2020-02-01,2020,2,"Chops, center cut, bone-in",lb. (453.6 gm),Pork and deli,3.92,APU0000704211
2020-03-01,2020,3,"Chops, center cut, bone-in",lb. (453.6 gm),Pork and deli,3.907,APU0000704211
2020-04-01,2020,4,"Chops, center cut, bone-in",lb. (453.6 gm),Pork and deli,4.148,APU0000704211
2020-05-01,2020,5,"Chops, center cut, bone-in",lb. (453.6 gm),Pork and deli,4.371,APU0000704211
2020-06-01,2020,6,"Chops, center cut, bone-in",lb. (453.6 gm),Pork and deli,4.544,APU0000704211
2020-07-01,2020,7,"Chops, center cut, bone-in",lb. (453.6 gm),Pork and deli,4.351,APU0000704211
2020-08-01,2020,8,"Chops, center cut, bone-in",lb. (453.6 gm),Pork and deli,4.06,APU0000704211
2020-09-01,2020,9,"Chops, center cut, bone-in",lb. (453.6 gm),Pork and deli,4.066,APU0000704211
2020-10-01,2020,10,"Chops, center cut, bone-in",lb. (453.6 gm),Pork and deli,3.947,APU0000704211
2020-11-01,2020,11,"Chops, center cut, bone-in",lb. (453.6 gm),Pork and deli,4.054,APU0000704211
2020-12-01,2020,12,"Chops, center cut, bone-in",lb. (453.6 gm),Pork and deli,4.248,APU0000704211
2021-01-01,2021,1,"Chops, center cut, bone-in",lb. (453.6 gm),Pork and deli,3.943,APU0000704211
2021-02-01,2021,2,"Chops, center cut, bone-in",lb. (453.6 gm),Pork and deli,3.963,APU0000704211
2021-03-01,2021,3,"Chops, center cut, bone-in",lb. (453.6 gm),Pork and deli,4.067,APU0000704211
2021-04-01,2021,4,"Chops, center cut, bone-in",lb. (453.6 gm),Pork and deli,4.161,APU0000704211
2021-05-01,2021,5,"Chops, center cut, bone-in",lb. (453.6 gm),Pork and deli,4.162,APU0000704211
2021-06-01,2021,6,"Chops, center cut, bone-in",lb. (453.6 gm),Pork and deli,4.351,APU0000704211
2021-07-01,2021,7,"Chops, center cut, bone-in",lb. (453.6 gm),Pork and deli,4.322,APU0000704211
2021-08-01,2021,8,"Chops, center cut, bone-in",lb. (453.6 gm),Pork and deli,4.326,APU0000704211
2021-09-01,2021,9,"Chops, center cut, bone-in",lb. (453.6 gm),Pork and deli,4.233,APU0000704211
2021-10-01,2021,10,"Chops, center cut, bone-in",lb. (453.6 gm),Pork and deli,4.394,APU0000704211
2021-11-01,2021,11,"Chops, center cut, bone-in",lb. (453.6 gm),Pork and deli,4.356,APU0000704211
2021-12-01,2021,12,"Chops, center cut, bone-in",lb. (453.6 gm),Pork and deli,4.357,APU0000704211
2022-01-01,2022,1,"Chops, center cut, bone-in",lb. (453.6 gm),Pork and deli,4.392,APU0000704211
2022-02-01,2022,2,"Chops, center cut, bone-in",lb. (453.6 gm),Pork and deli,4.367,APU0000704211
2022-03-01,2022,3,"Chops, center cut, bone-in",lb. (453.6 gm),Pork and deli,4.679,APU0000704211
2022-04-01,2022,4,"Chops, center cut, bone-in",lb. (453.6 gm),Pork and deli,4.587,APU0000704211
2022-05-01,2022,5,"Chops, center cut, bone-in",lb. (453.6 gm),Pork and deli,4.463,APU0000704211
2022-06-01,2022,6,"Chops, center cut, bone-in",lb. (453.6 gm),Pork and deli,4.468,APU0000704211
2022-07-01,2022,7,"Chops, center cut, bone-in",lb. (453.6 gm),Pork and deli,4.62,APU0000704211
2022-08-01,2022,8,"Chops, center cut, bone-in",lb. (453.6 gm),Pork and deli,4.559,APU0000704211
2022-09-01,2022,9,"Chops, center cut, bone-in",lb. (453.6 gm),Pork and deli,4.595,APU0000704211
2022-10-01,2022,10,"Chops, center cut, bone-in",lb. (453.6 gm),Pork and deli,4.578,APU0000704211
2022-11-01,2022,11,"Chops, center cut, bone-in",lb. (453.6 gm),Pork and deli,4.572,APU0000704211
2022-12-01,2022,12,"Chops, center cut, bone-in",lb. (453.6 gm),Pork and deli,4.674,APU0000704211
2023-01-01,2023,1,"Chops, center cut, bone-in",lb. (453.6 gm),Pork and deli,4.573,APU0000704211
2023-02-01,2023,2,"Chops, center cut, bone-in",lb. (453.6 gm),Pork and deli,4.611,APU0000704211
2023-03-01,2023,3,"Chops, center cut, bone-in",lb. (453.6 gm),Pork and deli,4.617,APU0000704211
2023-04-01,2023,4,"Chops, center cut, bone-in",lb. (453.6 gm),Pork and deli,4.505,APU0000704211
2023-05-01,2023,5,"Chops, center cut, bone-in",lb. (453.6 gm),Pork and deli,4.51,APU0000704211
2023-06-01,2023,6,"Chops, center cut, bone-in",lb. (453.6 gm),Pork and deli,4.562,APU0000704211
2023-07-01,2023,7,"Chops, center cut, bone-in",lb. (453.6 gm),Pork and deli,4.448,APU0000704211
2023-08-01,2023,8,"Chops, center cut, bone-in",lb. (453.6 gm),Pork and deli,4.63,APU0000704211
2023-09-01,2023,9,"Chops, center cut, bone-in",lb. (453.6 gm),Pork and deli,4.552,APU0000704211
2023-10-01,2023,10,"Chops, center cut, bone-in",lb. (453.6 gm),Pork and deli,4.426,APU0000704211
2023-11-01,2023,11,"Chops, center cut, bone-in",lb. (453.6 gm),Pork and deli,4.278,APU0000704211
2023-12-01,2023,12,"Chops, center cut, bone-in",lb. (453.6 gm),Pork and deli,4.327,APU0000704211
2024-01-01,2024,1,"Chops, center cut, bone-in",lb. (453.6 gm),Pork and deli,4.534,APU0000704211
2024-02-01,2024,2,"Chops, center cut, bone-in",lb. (453.6 gm),Pork and deli,4.4,APU0000704211
2024-03-01,2024,3,"Chops, center cut, bone-in",lb. (453.6 gm),Pork and deli,4.333,APU0000704211
2024-04-01,2024,4,"Chops, center cut, bone-in",lb. (453.6 gm),Pork and deli,4.332,APU0000704211
2024-05-01,2024,5,"Chops, center cut, bone-in",lb. (453.6 gm),Pork and deli,4.545,APU0000704211
2024-06-01,2024,6,"Chops, center cut, bone-in",lb. (453.6 gm),Pork and deli,4.616,APU0000704211
2024-07-01,2024,7,"Chops, center cut, bone-in",lb. (453.6 gm),Pork and deli,4.568,APU0000704211
2024-08-01,2024,8,"Chops, center cut, bone-in",lb. (453.6 gm),Pork and deli,4.64,APU0000704211
2024-09-01,2024,9,"Chops, center cut, bone-in",lb. (453.6 gm),Pork and deli,4.62,APU0000704211
2024-10-01,2024,10,"Chops, center cut, bone-in",lb. (453.6 gm),Pork and deli,4.487,APU0000704211
2024-11-01,2024,11,"Chops, center cut, bone-in",lb. (453.6 gm),Pork and deli,4.647,APU0000704211
2024-12-01,2024,12,"Chops, center cut, bone-in",lb. (453.6 gm),Pork and deli,4.58,APU0000704211
2025-01-01,2025,1,"Chops, center cut, bone-in",lb. (453.6 gm),Pork and deli,4.625,APU0000704211
2025-02-01,2025,2,"Chops, center cut, bone-in",lb. (453.6 gm),Pork and deli,4.463,APU0000704211
2025-03-01,2025,3,"Chops, center cut, bone-in",lb. (453.6 gm),Pork and deli,4.498,APU0000704211
2025-04-01,2025,4,"Chops, center cut, bone-in",lb. (453.6 gm),Pork and deli,4.454,APU0000704211
2025-05-01,2025,5,"Chops, center cut, bone-in",lb. (453.6 gm),Pork and deli,4.505,APU0000704211
2025-06-01,2025,6,"Chops, center cut, bone-in",lb. (453.6 gm),Pork and deli,4.617,APU0000704211
2025-07-01,2025,7,"Chops, center cut, bone-in",lb. (453.6 gm),Pork and deli,4.607,APU0000704211
2025-08-01,2025,8,"Chops, center cut, bone-in",lb. (453.6 gm),Pork and deli,4.6,APU0000704211
2025-09-01,2025,9,"Chops, center cut, bone-in",lb. (453.6 gm),Pork and deli,4.603,APU0000704211
2025-11-01,2025,11,"Chops, center cut, bone-in",lb. (453.6 gm),Pork and deli,4.526,APU0000704211
2025-12-01,2025,12,"Chops, center cut, bone-in",lb. (453.6 gm),Pork and deli,4.716,APU0000704211
2026-01-01,2026,1,"Chops, center cut, bone-in",lb. (453.6 gm),Pork and deli,4.453,APU0000704211
2026-02-01,2026,2,"Chops, center cut, bone-in",lb. (453.6 gm),Pork and deli,4.564,APU0000704211
2026-03-01,2026,3,"Chops, center cut, bone-in",lb. (453.6 gm),Pork and deli,4.571,APU0000704211
2026-04-01,2026,4,"Chops, center cut, bone-in",lb. (453.6 gm),Pork and deli,4.597,APU0000704211
2026-05-01,2026,5,"Chops, center cut, bone-in",lb. (453.6 gm),Pork and deli,4.905,APU0000704211
2015-01-01,2015,1,"Chuck roast, USDA Choice, boneless",lb. (453.6 gm),Beef,5.624,APU0000703213
2015-02-01,2015,2,"Chuck roast, USDA Choice, boneless",lb. (453.6 gm),Beef,5.546,APU0000703213
2015-03-01,2015,3,"Chuck roast, USDA Choice, boneless",lb. (453.6 gm),Beef,5.563,APU0000703213
2015-04-01,2015,4,"Chuck roast, USDA Choice, boneless",lb. (453.6 gm),Beef,5.659,APU0000703213
2015-05-01,2015,5,"Chuck roast, USDA Choice, boneless",lb. (453.6 gm),Beef,5.7,APU0000703213
2015-06-01,2015,6,"Chuck roast, USDA Choice, boneless",lb. (453.6 gm),Beef,5.704,APU0000703213
2015-07-01,2015,7,"Chuck roast, USDA Choice, boneless",lb. (453.6 gm),Beef,5.677,APU0000703213
2015-08-01,2015,8,"Chuck roast, USDA Choice, boneless",lb. (453.6 gm),Beef,5.639,APU0000703213
2015-09-01,2015,9,"Chuck roast, USDA Choice, boneless",lb. (453.6 gm),Beef,5.513,APU0000703213
2015-10-01,2015,10,"Chuck roast, USDA Choice, boneless",lb. (453.6 gm),Beef,5.546,APU0000703213
2015-11-01,2015,11,"Chuck roast, USDA Choice, boneless",lb. (453.6 gm),Beef,5.649,APU0000703213
2015-12-01,2015,12,"Chuck roast, USDA Choice, boneless",lb. (453.6 gm),Beef,5.414,APU0000703213
2016-01-01,2016,1,"Chuck roast, USDA Choice, boneless",lb. (453.6 gm),Beef,5.177,APU0000703213
2016-02-01,2016,2,"Chuck roast, USDA Choice, boneless",lb. (453.6 gm),Beef,5.346,APU0000703213
2016-03-01,2016,3,"Chuck roast, USDA Choice, boneless",lb. (453.6 gm),Beef,5.321,APU0000703213
2016-04-01,2016,4,"Chuck roast, USDA Choice, boneless",lb. (453.6 gm),Beef,5.194,APU0000703213
2016-05-01,2016,5,"Chuck roast, USDA Choice, boneless",lb. (453.6 gm),Beef,5.381,APU0000703213
2016-06-01,2016,6,"Chuck roast, USDA Choice, boneless",lb. (453.6 gm),Beef,5.323,APU0000703213
2016-07-01,2016,7,"Chuck roast, USDA Choice, boneless",lb. (453.6 gm),Beef,5.211,APU0000703213
2016-08-01,2016,8,"Chuck roast, USDA Choice, boneless",lb. (453.6 gm),Beef,5.124,APU0000703213
2016-09-01,2016,9,"Chuck roast, USDA Choice, boneless",lb. (453.6 gm),Beef,5.163,APU0000703213
2016-10-01,2016,10,"Chuck roast, USDA Choice, boneless",lb. (453.6 gm),Beef,5.129,APU0000703213
2016-11-01,2016,11,"Chuck roast, USDA Choice, boneless",lb. (453.6 gm),Beef,5.187,APU0000703213
2016-12-01,2016,12,"Chuck roast, USDA Choice, boneless",lb. (453.6 gm),Beef,5.104,APU0000703213
2017-01-01,2017,1,"Chuck roast, USDA Choice, boneless",lb. (453.6 gm),Beef,4.962,APU0000703213
2017-02-01,2017,2,"Chuck roast, USDA Choice, boneless",lb. (453.6 gm),Beef,5.186,APU0000703213
2017-03-01,2017,3,"Chuck roast, USDA Choice, boneless",lb. (453.6 gm),Beef,5.141,APU0000703213
2017-04-01,2017,4,"Chuck roast, USDA Choice, boneless",lb. (453.6 gm),Beef,5.126,APU0000703213
2017-05-01,2017,5,"Chuck roast, USDA Choice, boneless",lb. (453.6 gm),Beef,5.145,APU0000703213
2017-06-01,2017,6,"Chuck roast, USDA Choice, boneless",lb. (453.6 gm),Beef,5.342,APU0000703213
2017-07-01,2017,7,"Chuck roast, USDA Choice, boneless",lb. (453.6 gm),Beef,5.228,APU0000703213
2017-08-01,2017,8,"Chuck roast, USDA Choice, boneless",lb. (453.6 gm),Beef,5.189,APU0000703213
2017-09-01,2017,9,"Chuck roast, USDA Choice, boneless",lb. (453.6 gm),Beef,5.098,APU0000703213
2017-10-01,2017,10,"Chuck roast, USDA Choice, boneless",lb. (453.6 gm),Beef,5.124,APU0000703213
2017-11-01,2017,11,"Chuck roast, USDA Choice, boneless",lb. (453.6 gm),Beef,5.09,APU0000703213
2017-12-01,2017,12,"Chuck roast, USDA Choice, boneless",lb. (453.6 gm),Beef,5.12,APU0000703213
2018-01-01,2018,1,"Chuck roast, USDA Choice, boneless",lb. (453.6 gm),Beef,4.792,APU0000703213
2018-02-01,2018,2,"Chuck roast, USDA Choice, boneless",lb. (453.6 gm),Beef,4.996,APU0000703213
2018-03-01,2018,3,"Chuck roast, USDA Choice, boneless",lb. (453.6 gm),Beef,5.026,APU0000703213
2018-04-01,2018,4,"Chuck roast, USDA Choice, boneless",lb. (453.6 gm),Beef,5.168,APU0000703213
2018-05-01,2018,5,"Chuck roast, USDA Choice, boneless",lb. (453.6 gm),Beef,5.234,APU0000703213
2018-06-01,2018,6,"Chuck roast, USDA Choice, boneless",lb. (453.6 gm),Beef,5.301,APU0000703213
2018-07-01,2018,7,"Chuck roast, USDA Choice, boneless",lb. (453.6 gm),Beef,5.458,APU0000703213
2018-08-01,2018,8,"Chuck roast, USDA Choice, boneless",lb. (453.6 gm),Beef,5.399,APU0000703213
2018-09-01,2018,9,"Chuck roast, USDA Choice, boneless",lb. (453.6 gm),Beef,5.332,APU0000703213
2018-10-01,2018,10,"Chuck roast, USDA Choice, boneless",lb. (453.6 gm),Beef,5.173,APU0000703213
2018-11-01,2018,11,"Chuck roast, USDA Choice, boneless",lb. (453.6 gm),Beef,5.222,APU0000703213
2018-12-01,2018,12,"Chuck roast, USDA Choice, boneless",lb. (453.6 gm),Beef,5.122,APU0000703213
2019-01-01,2019,1,"Chuck roast, USDA Choice, boneless",lb. (453.6 gm),Beef,5.139,APU0000703213
2019-02-01,2019,2,"Chuck roast, USDA Choice, boneless",lb. (453.6 gm),Beef,5.145,APU0000703213
2019-03-01,2019,3,"Chuck roast, USDA Choice, boneless",lb. (453.6 gm),Beef,5.467,APU0000703213
2019-04-01,2019,4,"Chuck roast, USDA Choice, boneless",lb. (453.6 gm),Beef,5.246,APU0000703213
2019-05-01,2019,5,"Chuck roast, USDA Choice, boneless",lb. (453.6 gm),Beef,5.476,APU0000703213
2019-06-01,2019,6,"Chuck roast, USDA Choice, boneless",lb. (453.6 gm),Beef,5.517,APU0000703213
2019-07-01,2019,7,"Chuck roast, USDA Choice, boneless",lb. (453.6 gm),Beef,5.479,APU0000703213
2019-08-01,2019,8,"Chuck roast, USDA Choice, boneless",lb. (453.6 gm),Beef,5.279,APU0000703213
2019-09-01,2019,9,"Chuck roast, USDA Choice, boneless",lb. (453.6 gm),Beef,5.294,APU0000703213
2019-10-01,2019,10,"Chuck roast, USDA Choice, boneless",lb. (453.6 gm),Beef,5.131,APU0000703213
2019-11-01,2019,11,"Chuck roast, USDA Choice, boneless",lb. (453.6 gm),Beef,5.404,APU0000703213
2019-12-01,2019,12,"Chuck roast, USDA Choice, boneless",lb. (453.6 gm),Beef,5.646,APU0000703213
2020-01-01,2020,1,"Chuck roast, USDA Choice, boneless",lb. (453.6 gm),Beef,5.398,APU0000703213
2020-02-01,2020,2,"Chuck roast, USDA Choice, boneless",lb. (453.6 gm),Beef,5.368,APU0000703213
2020-03-01,2020,3,"Chuck roast, USDA Choice, boneless",lb. (453.6 gm),Beef,5.382,APU0000703213
2020-04-01,2020,4,"Chuck roast, USDA Choice, boneless",lb. (453.6 gm),Beef,5.786,APU0000703213
2020-05-01,2020,5,"Chuck roast, USDA Choice, boneless",lb. (453.6 gm),Beef,7.049,APU0000703213
2020-06-01,2020,6,"Chuck roast, USDA Choice, boneless",lb. (453.6 gm),Beef,7.165,APU0000703213
2020-07-01,2020,7,"Chuck roast, USDA Choice, boneless",lb. (453.6 gm),Beef,6.476,APU0000703213
2020-08-01,2020,8,"Chuck roast, USDA Choice, boneless",lb. (453.6 gm),Beef,5.972,APU0000703213
2020-09-01,2020,9,"Chuck roast, USDA Choice, boneless",lb. (453.6 gm),Beef,5.849,APU0000703213
2020-10-01,2020,10,"Chuck roast, USDA Choice, boneless",lb. (453.6 gm),Beef,5.749,APU0000703213
2020-11-01,2020,11,"Chuck roast, USDA Choice, boneless",lb. (453.6 gm),Beef,5.96,APU0000703213
2020-12-01,2020,12,"Chuck roast, USDA Choice, boneless",lb. (453.6 gm),Beef,6.008,APU0000703213
2021-01-01,2021,1,"Chuck roast, USDA Choice, boneless",lb. (453.6 gm),Beef,5.811,APU0000703213
2021-02-01,2021,2,"Chuck roast, USDA Choice, boneless",lb. (453.6 gm),Beef,5.991,APU0000703213
2021-03-01,2021,3,"Chuck roast, USDA Choice, boneless",lb. (453.6 gm),Beef,6.088,APU0000703213
2021-04-01,2021,4,"Chuck roast, USDA Choice, boneless",lb. (453.6 gm),Beef,5.949,APU0000703213
2021-05-01,2021,5,"Chuck roast, USDA Choice, boneless",lb. (453.6 gm),Beef,6.381,APU0000703213
2021-06-01,2021,6,"Chuck roast, USDA Choice, boneless",lb. (453.6 gm),Beef,6.635,APU0000703213
2021-07-01,2021,7,"Chuck roast, USDA Choice, boneless",lb. (453.6 gm),Beef,6.7,APU0000703213
2021-08-01,2021,8,"Chuck roast, USDA Choice, boneless",lb. (453.6 gm),Beef,6.8,APU0000703213
2021-09-01,2021,9,"Chuck roast, USDA Choice, boneless",lb. (453.6 gm),Beef,7.457,APU0000703213
2021-10-01,2021,10,"Chuck roast, USDA Choice, boneless",lb. (453.6 gm),Beef,7.397,APU0000703213
2021-11-01,2021,11,"Chuck roast, USDA Choice, boneless",lb. (453.6 gm),Beef,7.272,APU0000703213
2021-12-01,2021,12,"Chuck roast, USDA Choice, boneless",lb. (453.6 gm),Beef,6.922,APU0000703213
2022-01-01,2022,1,"Chuck roast, USDA Choice, boneless",lb. (453.6 gm),Beef,6.83,APU0000703213
2022-02-01,2022,2,"Chuck roast, USDA Choice, boneless",lb. (453.6 gm),Beef,6.83,APU0000703213
2022-03-01,2022,3,"Chuck roast, USDA Choice, boneless",lb. (453.6 gm),Beef,6.989,APU0000703213
2022-04-01,2022,4,"Chuck roast, USDA Choice, boneless",lb. (453.6 gm),Beef,7.012,APU0000703213
2022-05-01,2022,5,"Chuck roast, USDA Choice, boneless",lb. (453.6 gm),Beef,7.031,APU0000703213
2022-06-01,2022,6,"Chuck roast, USDA Choice, boneless",lb. (453.6 gm),Beef,6.705,APU0000703213
2022-07-01,2022,7,"Chuck roast, USDA Choice, boneless",lb. (453.6 gm),Beef,6.911,APU0000703213
2022-08-01,2022,8,"Chuck roast, USDA Choice, boneless",lb. (453.6 gm),Beef,6.975,APU0000703213
2022-09-01,2022,9,"Chuck roast, USDA Choice, boneless",lb. (453.6 gm),Beef,6.98,APU0000703213
2022-10-01,2022,10,"Chuck roast, USDA Choice, boneless",lb. (453.6 gm),Beef,6.73,APU0000703213
2022-11-01,2022,11,"Chuck roast, USDA Choice, boneless",lb. (453.6 gm),Beef,6.782,APU0000703213
2022-12-01,2022,12,"Chuck roast, USDA Choice, boneless",lb. (453.6 gm),Beef,6.857,APU0000703213
2023-01-01,2023,1,"Chuck roast, USDA Choice, boneless",lb. (453.6 gm),Beef,6.862,APU0000703213
2023-02-01,2023,2,"Chuck roast, USDA Choice, boneless",lb. (453.6 gm),Beef,6.819,APU0000703213
2023-03-01,2023,3,"Chuck roast, USDA Choice, boneless",lb. (453.6 gm),Beef,6.727,APU0000703213
2023-04-01,2023,4,"Chuck roast, USDA Choice, boneless",lb. (453.6 gm),Beef,6.76,APU0000703213
2023-05-01,2023,5,"Chuck roast, USDA Choice, boneless",lb. (453.6 gm),Beef,7.042,APU0000703213
2023-06-01,2023,6,"Chuck roast, USDA Choice, boneless",lb. (453.6 gm),Beef,7.011,APU0000703213
2023-07-01,2023,7,"Chuck roast, USDA Choice, boneless",lb. (453.6 gm),Beef,7.299,APU0000703213
2023-08-01,2023,8,"Chuck roast, USDA Choice, boneless",lb. (453.6 gm),Beef,7.298,APU0000703213
2023-09-01,2023,9,"Chuck roast, USDA Choice, boneless",lb. (453.6 gm),Beef,7.177,APU0000703213
2023-10-01,2023,10,"Chuck roast, USDA Choice, boneless",lb. (453.6 gm),Beef,7.305,APU0000703213
2023-11-01,2023,11,"Chuck roast, USDA Choice, boneless",lb. (453.6 gm),Beef,7.612,APU0000703213
2023-12-01,2023,12,"Chuck roast, USDA Choice, boneless",lb. (453.6 gm),Beef,7.378,APU0000703213
2024-01-01,2024,1,"Chuck roast, USDA Choice, boneless",lb. (453.6 gm),Beef,7.255,APU0000703213
2024-02-01,2024,2,"Chuck roast, USDA Choice, boneless",lb. (453.6 gm),Beef,7.513,APU0000703213
2024-03-01,2024,3,"Chuck roast, USDA Choice, boneless",lb. (453.6 gm),Beef,7.362,APU0000703213
2024-04-01,2024,4,"Chuck roast, USDA Choice, boneless",lb. (453.6 gm),Beef,7.516,APU0000703213
2024-05-01,2024,5,"Chuck roast, USDA Choice, boneless",lb. (453.6 gm),Beef,7.531,APU0000703213
2024-06-01,2024,6,"Chuck roast, USDA Choice, boneless",lb. (453.6 gm),Beef,7.649,APU0000703213
2024-07-01,2024,7,"Chuck roast, USDA Choice, boneless",lb. (453.6 gm),Beef,7.781,APU0000703213
2024-08-01,2024,8,"Chuck roast, USDA Choice, boneless",lb. (453.6 gm),Beef,7.692,APU0000703213
2024-09-01,2024,9,"Chuck roast, USDA Choice, boneless",lb. (453.6 gm),Beef,7.596,APU0000703213
2024-10-01,2024,10,"Chuck roast, USDA Choice, boneless",lb. (453.6 gm),Beef,7.301,APU0000703213
2024-11-01,2024,11,"Chuck roast, USDA Choice, boneless",lb. (453.6 gm),Beef,7.578,APU0000703213
2024-12-01,2024,12,"Chuck roast, USDA Choice, boneless",lb. (453.6 gm),Beef,7.769,APU0000703213
2025-01-01,2025,1,"Chuck roast, USDA Choice, boneless",lb. (453.6 gm),Beef,7.694,APU0000703213
2025-02-01,2025,2,"Chuck roast, USDA Choice, boneless",lb. (453.6 gm),Beef,8.104,APU0000703213
2025-03-01,2025,3,"Chuck roast, USDA Choice, boneless",lb. (453.6 gm),Beef,8.097,APU0000703213
2025-04-01,2025,4,"Chuck roast, USDA Choice, boneless",lb. (453.6 gm),Beef,7.98,APU0000703213
2025-05-01,2025,5,"Chuck roast, USDA Choice, boneless",lb. (453.6 gm),Beef,7.875,APU0000703213
2025-06-01,2025,6,"Chuck roast, USDA Choice, boneless",lb. (453.6 gm),Beef,8.197,APU0000703213
2025-07-01,2025,7,"Chuck roast, USDA Choice, boneless",lb. (453.6 gm),Beef,8.439,APU0000703213
2025-08-01,2025,8,"Chuck roast, USDA Choice, boneless",lb. (453.6 gm),Beef,8.845,APU0000703213
2025-09-01,2025,9,"Chuck roast, USDA Choice, boneless",lb. (453.6 gm),Beef,9.232,APU0000703213
2025-11-01,2025,11,"Chuck roast, USDA Choice, boneless",lb. (453.6 gm),Beef,9.343,APU0000703213
2025-12-01,2025,12,"Chuck roast, USDA Choice, boneless",lb. (453.6 gm),Beef,8.951,APU0000703213
2026-01-01,2026,1,"Chuck roast, USDA Choice, boneless",lb. (453.6 gm),Beef,8.709,APU0000703213
2026-02-01,2026,2,"Chuck roast, USDA Choice, boneless",lb. (453.6 gm),Beef,8.957,APU0000703213
2026-03-01,2026,3,"Chuck roast, USDA Choice, boneless",lb. (453.6 gm),Beef,8.833,APU0000703213
2026-04-01,2026,4,"Chuck roast, USDA Choice, boneless",lb. (453.6 gm),Beef,9.495,APU0000703213
2026-05-01,2026,5,"Chuck roast, USDA Choice, boneless",lb. (453.6 gm),Beef,9.607,APU0000703213
2026-06-01,2026,6,"Chuck roast, USDA Choice, boneless",lb. (453.6 gm),Beef,9.55,APU0000703213
2026-07-01,2026,7,"Chuck roast, USDA Choice, boneless",lb. (453.6 gm),Beef,9.631,APU0000703213
2015-01-01,2015,1,"Chuck roast, graded and ungraded, excluding USDA Prime and Choice",lb. (453.6 gm),Beef,5.335,APU0000703212
2015-02-01,2015,2,"Chuck roast, graded and ungraded, excluding USDA Prime and Choice",lb. (453.6 gm),Beef,5.31,APU0000703212
2015-03-01,2015,3,"Chuck roast, graded and ungraded, excluding USDA Prime and Choice",lb. (453.6 gm),Beef,5.362,APU0000703212
2015-04-01,2015,4,"Chuck roast, graded and ungraded, excluding USDA Prime and Choice",lb. (453.6 gm),Beef,5.348,APU0000703212
2015-05-01,2015,5,"Chuck roast, graded and ungraded, excluding USDA Prime and Choice",lb. (453.6 gm),Beef,5.295,APU0000703212
2015-06-01,2015,6,"Chuck roast, graded and ungraded, excluding USDA Prime and Choice",lb. (453.6 gm),Beef,5.327,APU0000703212
2015-07-01,2015,7,"Chuck roast, graded and ungraded, excluding USDA Prime and Choice",lb. (453.6 gm),Beef,5.235,APU0000703212
2015-08-01,2015,8,"Chuck roast, graded and ungraded, excluding USDA Prime and Choice",lb. (453.6 gm),Beef,5.179,APU0000703212
2015-09-01,2015,9,"Chuck roast, graded and ungraded, excluding USDA Prime and Choice",lb. (453.6 gm),Beef,5.134,APU0000703212
2015-10-01,2015,10,"Chuck roast, graded and ungraded, excluding USDA Prime and Choice",lb. (453.6 gm),Beef,5.104,APU0000703212
2015-11-01,2015,11,"Chuck roast, graded and ungraded, excluding USDA Prime and Choice",lb. (453.6 gm),Beef,5.009,APU0000703212
2015-12-01,2015,12,"Chuck roast, graded and ungraded, excluding USDA Prime and Choice",lb. (453.6 gm),Beef,4.783,APU0000703212
2016-01-01,2016,1,"Chuck roast, graded and ungraded, excluding USDA Prime and Choice",lb. (453.6 gm),Beef,4.756,APU0000703212
2016-02-01,2016,2,"Chuck roast, graded and ungraded, excluding USDA Prime and Choice",lb. (453.6 gm),Beef,5.026,APU0000703212
2016-03-01,2016,3,"Chuck roast, graded and ungraded, excluding USDA Prime and Choice",lb. (453.6 gm),Beef,5.136,APU0000703212
2016-04-01,2016,4,"Chuck roast, graded and ungraded, excluding USDA Prime and Choice",lb. (453.6 gm),Beef,5.097,APU0000703212
2016-05-01,2016,5,"Chuck roast, graded and ungraded, excluding USDA Prime and Choice",lb. (453.6 gm),Beef,5.143,APU0000703212
2016-06-01,2016,6,"Chuck roast, graded and ungraded, excluding USDA Prime and Choice",lb. (453.6 gm),Beef,4.896,APU0000703212
2016-07-01,2016,7,"Chuck roast, graded and ungraded, excluding USDA Prime and Choice",lb. (453.6 gm),Beef,4.944,APU0000703212
2016-08-01,2016,8,"Chuck roast, graded and ungraded, excluding USDA Prime and Choice",lb. (453.6 gm),Beef,4.927,APU0000703212
2016-09-01,2016,9,"Chuck roast, graded and ungraded, excluding USDA Prime and Choice",lb. (453.6 gm),Beef,4.88,APU0000703212
2016-10-01,2016,10,"Chuck roast, graded and ungraded, excluding USDA Prime and Choice",lb. (453.6 gm),Beef,4.836,APU0000703212
2016-11-01,2016,11,"Chuck roast, graded and ungraded, excluding USDA Prime and Choice",lb. (453.6 gm),Beef,4.704,APU0000703212
2016-12-01,2016,12,"Chuck roast, graded and ungraded, excluding USDA Prime and Choice",lb. (453.6 gm),Beef,4.484,APU0000703212
2017-01-01,2017,1,"Chuck roast, graded and ungraded, excluding USDA Prime and Choice",lb. (453.6 gm),Beef,4.516,APU0000703212
2017-02-01,2017,2,"Chuck roast, graded and ungraded, excluding USDA Prime and Choice",lb. (453.6 gm),Beef,4.265,APU0000703212
2017-03-01,2017,3,"Chuck roast, graded and ungraded, excluding USDA Prime and Choice",lb. (453.6 gm),Beef,4.404,APU0000703212
2017-04-01,2017,4,"Chuck roast, graded and ungraded, excluding USDA Prime and Choice",lb. (453.6 gm),Beef,4.474,APU0000703212
2017-05-01,2017,5,"Chuck roast, graded and ungraded, excluding USDA Prime and Choice",lb. (453.6 gm),Beef,4.766,APU0000703212
2017-06-01,2017,6,"Chuck roast, graded and ungraded, excluding USDA Prime and Choice",lb. (453.6 gm),Beef,5.03,APU0000703212
2017-07-01,2017,7,"Chuck roast, graded and ungraded, excluding USDA Prime and Choice",lb. (453.6 gm),Beef,5.02,APU0000703212
2017-08-01,2017,8,"Chuck roast, graded and ungraded, excluding USDA Prime and Choice",lb. (453.6 gm),Beef,4.813,APU0000703212
2017-09-01,2017,9,"Chuck roast, graded and ungraded, excluding USDA Prime and Choice",lb. (453.6 gm),Beef,4.901,APU0000703212
2017-10-01,2017,10,"Chuck roast, graded and ungraded, excluding USDA Prime and Choice",lb. (453.6 gm),Beef,4.697,APU0000703212
2017-11-01,2017,11,"Chuck roast, graded and ungraded, excluding USDA Prime and Choice",lb. (453.6 gm),Beef,4.591,APU0000703212
2017-12-01,2017,12,"Chuck roast, graded and ungraded, excluding USDA Prime and Choice",lb. (453.6 gm),Beef,4.624,APU0000703212
2015-01-01,2015,1,"Coffee, 100%, ground roast, all sizes",lb. (453.6 gm),Beef,4.738,APU0000717311
2015-02-01,2015,2,"Coffee, 100%, ground roast, all sizes",lb. (453.6 gm),Beef,4.91,APU0000717311
2015-03-01,2015,3,"Coffee, 100%, ground roast, all sizes",lb. (453.6 gm),Beef,4.827,APU0000717311
2015-04-01,2015,4,"Coffee, 100%, ground roast, all sizes",lb. (453.6 gm),Beef,4.99,APU0000717311
2015-05-01,2015,5,"Coffee, 100%, ground roast, all sizes",lb. (453.6 gm),Beef,4.715,APU0000717311
2015-06-01,2015,6,"Coffee, 100%, ground roast, all sizes",lb. (453.6 gm),Beef,4.686,APU0000717311
2015-07-01,2015,7,"Coffee, 100%, ground roast, all sizes",lb. (453.6 gm),Beef,4.79,APU0000717311
2015-08-01,2015,8,"Coffee, 100%, ground roast, all sizes",lb. (453.6 gm),Beef,4.808,APU0000717311
2015-09-01,2015,9,"Coffee, 100%, ground roast, all sizes",lb. (453.6 gm),Beef,4.669,APU0000717311
2015-10-01,2015,10,"Coffee, 100%, ground roast, all sizes",lb. (453.6 gm),Beef,4.609,APU0000717311
2015-11-01,2015,11,"Coffee, 100%, ground roast, all sizes",lb. (453.6 gm),Beef,4.412,APU0000717311
2015-12-01,2015,12,"Coffee, 100%, ground roast, all sizes",lb. (453.6 gm),Beef,4.486,APU0000717311
2016-01-01,2016,1,"Coffee, 100%, ground roast, all sizes",lb. (453.6 gm),Beef,4.498,APU0000717311
2016-02-01,2016,2,"Coffee, 100%, ground roast, all sizes",lb. (453.6 gm),Beef,4.447,APU0000717311
2016-03-01,2016,3,"Coffee, 100%, ground roast, all sizes",lb. (453.6 gm),Beef,4.405,APU0000717311
2016-04-01,2016,4,"Coffee, 100%, ground roast, all sizes",lb. (453.6 gm),Beef,4.428,APU0000717311
2016-05-01,2016,5,"Coffee, 100%, ground roast, all sizes",lb. (453.6 gm),Beef,4.443,APU0000717311
2016-06-01,2016,6,"Coffee, 100%, ground roast, all sizes",lb. (453.6 gm),Beef,4.481,APU0000717311
2016-07-01,2016,7,"Coffee, 100%, ground roast, all sizes",lb. (453.6 gm),Beef,4.428,APU0000717311
2016-08-01,2016,8,"Coffee, 100%, ground roast, all sizes",lb. (453.6 gm),Beef,4.316,APU0000717311
2016-09-01,2016,9,"Coffee, 100%, ground roast, all sizes",lb. (453.6 gm),Beef,4.372,APU0000717311
2016-10-01,2016,10,"Coffee, 100%, ground roast, all sizes",lb. (453.6 gm),Beef,4.309,APU0000717311
2016-11-01,2016,11,"Coffee, 100%, ground roast, all sizes",lb. (453.6 gm),Beef,4.306,APU0000717311
2016-12-01,2016,12,"Coffee, 100%, ground roast, all sizes",lb. (453.6 gm),Beef,4.281,APU0000717311
2017-01-01,2017,1,"Coffee, 100%, ground roast, all sizes",lb. (453.6 gm),Beef,4.468,APU0000717311
2017-02-01,2017,2,"Coffee, 100%, ground roast, all sizes",lb. (453.6 gm),Beef,4.583,APU0000717311
2017-03-01,2017,3,"Coffee, 100%, ground roast, all sizes",lb. (453.6 gm),Beef,4.65,APU0000717311
2017-04-01,2017,4,"Coffee, 100%, ground roast, all sizes",lb. (453.6 gm),Beef,4.622,APU0000717311
2017-05-01,2017,5,"Coffee, 100%, ground roast, all sizes",lb. (453.6 gm),Beef,4.597,APU0000717311
2017-06-01,2017,6,"Coffee, 100%, ground roast, all sizes",lb. (453.6 gm),Beef,4.545,APU0000717311
2017-07-01,2017,7,"Coffee, 100%, ground roast, all sizes",lb. (453.6 gm),Beef,4.335,APU0000717311
2017-08-01,2017,8,"Coffee, 100%, ground roast, all sizes",lb. (453.6 gm),Beef,4.373,APU0000717311
2017-09-01,2017,9,"Coffee, 100%, ground roast, all sizes",lb. (453.6 gm),Beef,4.323,APU0000717311
2017-10-01,2017,10,"Coffee, 100%, ground roast, all sizes",lb. (453.6 gm),Beef,4.327,APU0000717311
2017-11-01,2017,11,"Coffee, 100%, ground roast, all sizes",lb. (453.6 gm),Beef,4.324,APU0000717311
2017-12-01,2017,12,"Coffee, 100%, ground roast, all sizes",lb. (453.6 gm),Beef,4.285,APU0000717311
2018-01-01,2018,1,"Coffee, 100%, ground roast, all sizes",lb. (453.6 gm),Beef,4.291,APU0000717311
2018-02-01,2018,2,"Coffee, 100%, ground roast, all sizes",lb. (453.6 gm),Beef,4.267,APU0000717311
2018-03-01,2018,3,"Coffee, 100%, ground roast, all sizes",lb. (453.6 gm),Beef,4.343,APU0000717311
2018-04-01,2018,4,"Coffee, 100%, ground roast, all sizes",lb. (453.6 gm),Beef,4.313,APU0000717311
2018-05-01,2018,5,"Coffee, 100%, ground roast, all sizes",lb. (453.6 gm),Beef,4.294,APU0000717311
2018-09-01,2018,9,"Coffee, 100%, ground roast, all sizes",lb. (453.6 gm),Beef,4.306,APU0000717311
2019-10-01,2019,10,"Coffee, 100%, ground roast, all sizes",lb. (453.6 gm),Beef,4.174,APU0000717311
2019-11-01,2019,11,"Coffee, 100%, ground roast, all sizes",lb. (453.6 gm),Beef,4.197,APU0000717311
2019-12-01,2019,12,"Coffee, 100%, ground roast, all sizes",lb. (453.6 gm),Beef,4.053,APU0000717311
2020-01-01,2020,1,"Coffee, 100%, ground roast, all sizes",lb. (453.6 gm),Beef,4.174,APU0000717311
2020-02-01,2020,2,"Coffee, 100%, ground roast, all sizes",lb. (453.6 gm),Beef,4.25,APU0000717311
2020-03-01,2020,3,"Coffee, 100%, ground roast, all sizes",lb. (453.6 gm),Beef,4.334,APU0000717311
2020-04-01,2020,4,"Coffee, 100%, ground roast, all sizes",lb. (453.6 gm),Beef,4.396,APU0000717311
2020-05-01,2020,5,"Coffee, 100%, ground roast, all sizes",lb. (453.6 gm),Beef,4.466,APU0000717311
2020-06-01,2020,6,"Coffee, 100%, ground roast, all sizes",lb. (453.6 gm),Beef,4.517,APU0000717311
2020-07-01,2020,7,"Coffee, 100%, ground roast, all sizes",lb. (453.6 gm),Beef,4.536,APU0000717311
2020-08-01,2020,8,"Coffee, 100%, ground roast, all sizes",lb. (453.6 gm),Beef,4.504,APU0000717311
2020-09-01,2020,9,"Coffee, 100%, ground roast, all sizes",lb. (453.6 gm),Beef,4.487,APU0000717311
2020-10-01,2020,10,"Coffee, 100%, ground roast, all sizes",lb. (453.6 gm),Beef,4.522,APU0000717311
2020-11-01,2020,11,"Coffee, 100%, ground roast, all sizes",lb. (453.6 gm),Beef,4.485,APU0000717311
2020-12-01,2020,12,"Coffee, 100%, ground roast, all sizes",lb. (453.6 gm),Beef,4.52,APU0000717311
2021-01-01,2021,1,"Coffee, 100%, ground roast, all sizes",lb. (453.6 gm),Beef,4.591,APU0000717311
2021-02-01,2021,2,"Coffee, 100%, ground roast, all sizes",lb. (453.6 gm),Beef,4.673,APU0000717311
2021-03-01,2021,3,"Coffee, 100%, ground roast, all sizes",lb. (453.6 gm),Beef,4.671,APU0000717311
2021-04-01,2021,4,"Coffee, 100%, ground roast, all sizes",lb. (453.6 gm),Beef,4.752,APU0000717311
2021-05-01,2021,5,"Coffee, 100%, ground roast, all sizes",lb. (453.6 gm),Beef,4.566,APU0000717311
2021-06-01,2021,6,"Coffee, 100%, ground roast, all sizes",lb. (453.6 gm),Beef,4.605,APU0000717311
2021-07-01,2021,7,"Coffee, 100%, ground roast, all sizes",lb. (453.6 gm),Beef,4.562,APU0000717311
2021-08-01,2021,8,"Coffee, 100%, ground roast, all sizes",lb. (453.6 gm),Beef,4.726,APU0000717311
2021-09-01,2021,9,"Coffee, 100%, ground roast, all sizes",lb. (453.6 gm),Beef,4.733,APU0000717311
2021-10-01,2021,10,"Coffee, 100%, ground roast, all sizes",lb. (453.6 gm),Beef,4.8,APU0000717311
2021-11-01,2021,11,"Coffee, 100%, ground roast, all sizes",lb. (453.6 gm),Beef,4.816,APU0000717311
2021-12-01,2021,12,"Coffee, 100%, ground roast, all sizes",lb. (453.6 gm),Beef,4.965,APU0000717311
2022-01-01,2022,1,"Coffee, 100%, ground roast, all sizes",lb. (453.6 gm),Beef,5.135,APU0000717311
2022-02-01,2022,2,"Coffee, 100%, ground roast, all sizes",lb. (453.6 gm),Beef,5.247,APU0000717311
2022-03-01,2022,3,"Coffee, 100%, ground roast, all sizes",lb. (453.6 gm),Beef,5.41,APU0000717311
2022-04-01,2022,4,"Coffee, 100%, ground roast, all sizes",lb. (453.6 gm),Beef,5.529,APU0000717311
2022-05-01,2022,5,"Coffee, 100%, ground roast, all sizes",lb. (453.6 gm),Beef,5.835,APU0000717311
2022-06-01,2022,6,"Coffee, 100%, ground roast, all sizes",lb. (453.6 gm),Beef,5.793,APU0000717311
2022-07-01,2022,7,"Coffee, 100%, ground roast, all sizes",lb. (453.6 gm),Beef,6.112,APU0000717311
2022-08-01,2022,8,"Coffee, 100%, ground roast, all sizes",lb. (453.6 gm),Beef,6.235,APU0000717311
2022-09-01,2022,9,"Coffee, 100%, ground roast, all sizes",lb. (453.6 gm),Beef,6.17,APU0000717311
2022-10-01,2022,10,"Coffee, 100%, ground roast, all sizes",lb. (453.6 gm),Beef,6.408,APU0000717311
2022-11-01,2022,11,"Coffee, 100%, ground roast, all sizes",lb. (453.6 gm),Beef,6.356,APU0000717311
2022-12-01,2022,12,"Coffee, 100%, ground roast, all sizes",lb. (453.6 gm),Beef,6.465,APU0000717311
2023-01-01,2023,1,"Coffee, 100%, ground roast, all sizes",lb. (453.6 gm),Beef,6.358,APU0000717311
2023-02-01,2023,2,"Coffee, 100%, ground roast, all sizes",lb. (453.6 gm),Beef,6.351,APU0000717311
2023-03-01,2023,3,"Coffee, 100%, ground roast, all sizes",lb. (453.6 gm),Beef,6.184,APU0000717311
2023-04-01,2023,4,"Coffee, 100%, ground roast, all sizes",lb. (453.6 gm),Beef,6.04,APU0000717311
2023-05-01,2023,5,"Coffee, 100%, ground roast, all sizes",lb. (453.6 gm),Beef,6.094,APU0000717311
2023-06-01,2023,6,"Coffee, 100%, ground roast, all sizes",lb. (453.6 gm),Beef,6.091,APU0000717311
2023-07-01,2023,7,"Coffee, 100%, ground roast, all sizes",lb. (453.6 gm),Beef,6.141,APU0000717311
2023-08-01,2023,8,"Coffee, 100%, ground roast, all sizes",lb. (453.6 gm),Beef,6.091,APU0000717311
2023-09-01,2023,9,"Coffee, 100%, ground roast, all sizes",lb. (453.6 gm),Beef,6.085,APU0000717311
2023-10-01,2023,10,"Coffee, 100%, ground roast, all sizes",lb. (453.6 gm),Beef,6.178,APU0000717311
2023-11-01,2023,11,"Coffee, 100%, ground roast, all sizes",lb. (453.6 gm),Beef,6.169,APU0000717311
2023-12-01,2023,12,"Coffee, 100%, ground roast, all sizes",lb. (453.6 gm),Beef,6.092,APU0000717311
2024-01-01,2024,1,"Coffee, 100%, ground roast, all sizes",lb. (453.6 gm),Beef,6.124,APU0000717311
2024-02-01,2024,2,"Coffee, 100%, ground roast, all sizes",lb. (453.6 gm),Beef,6.094,APU0000717311
2024-03-01,2024,3,"Coffee, 100%, ground roast, all sizes",lb. (453.6 gm),Beef,5.964,APU0000717311
2024-04-01,2024,4,"Coffee, 100%, ground roast, all sizes",lb. (453.6 gm),Beef,6.063,APU0000717311
2024-05-01,2024,5,"Coffee, 100%, ground roast, all sizes",lb. (453.6 gm),Beef,5.991,APU0000717311
2024-06-01,2024,6,"Coffee, 100%, ground roast, all sizes",lb. (453.6 gm),Beef,6.253,APU0000717311
2024-07-01,2024,7,"Coffee, 100%, ground roast, all sizes",lb. (453.6 gm),Beef,6.307,APU0000717311
2024-08-01,2024,8,"Coffee, 100%, ground roast, all sizes",lb. (453.6 gm),Beef,6.311,APU0000717311
2024-09-01,2024,9,"Coffee, 100%, ground roast, all sizes",lb. (453.6 gm),Beef,6.47,APU0000717311
2024-10-01,2024,10,"Coffee, 100%, ground roast, all sizes",lb. (453.6 gm),Beef,6.644,APU0000717311
2024-11-01,2024,11,"Coffee, 100%, ground roast, all sizes",lb. (453.6 gm),Beef,6.868,APU0000717311
2024-12-01,2024,12,"Coffee, 100%, ground roast, all sizes",lb. (453.6 gm),Beef,6.776,APU0000717311
2025-01-01,2025,1,"Coffee, 100%, ground roast, all sizes",lb. (453.6 gm),Beef,7.019,APU0000717311
2025-02-01,2025,2,"Coffee, 100%, ground roast, all sizes",lb. (453.6 gm),Beef,7.246,APU0000717311
2025-03-01,2025,3,"Coffee, 100%, ground roast, all sizes",lb. (453.6 gm),Beef,7.385,APU0000717311
2025-04-01,2025,4,"Coffee, 100%, ground roast, all sizes",lb. (453.6 gm),Beef,7.536,APU0000717311
2025-05-01,2025,5,"Coffee, 100%, ground roast, all sizes",lb. (453.6 gm),Beef,7.931,APU0000717311
2025-06-01,2025,6,"Coffee, 100%, ground roast, all sizes",lb. (453.6 gm),Beef,8.132,APU0000717311
2025-07-01,2025,7,"Coffee, 100%, ground roast, all sizes",lb. (453.6 gm),Beef,8.414,APU0000717311
2025-08-01,2025,8,"Coffee, 100%, ground roast, all sizes",lb. (453.6 gm),Beef,8.872,APU0000717311
2025-09-01,2025,9,"Coffee, 100%, ground roast, all sizes",lb. (453.6 gm),Beef,9.139,APU0000717311
2025-11-01,2025,11,"Coffee, 100%, ground roast, all sizes",lb. (453.6 gm),Beef,9.258,APU0000717311
2025-12-01,2025,12,"Coffee, 100%, ground roast, all sizes",lb. (453.6 gm),Beef,9.053,APU0000717311
2026-01-01,2026,1,"Coffee, 100%, ground roast, all sizes",lb. (453.6 gm),Beef,9.366,APU0000717311
2026-02-01,2026,2,"Coffee, 100%, ground roast, all sizes",lb. (453.6 gm),Beef,9.459,APU0000717311
2026-03-01,2026,3,"Coffee, 100%, ground roast, all sizes",lb. (453.6 gm),Beef,9.608,APU0000717311
2026-04-01,2026,4,"Coffee, 100%, ground roast, all sizes",lb. (453.6 gm),Beef,9.723,APU0000717311
2026-05-01,2026,5,"Coffee, 100%, ground roast, all sizes",lb. (453.6 gm),Beef,9.511,APU0000717311
2026-06-01,2026,6,"Coffee, 100%, ground roast, all sizes",lb. (453.6 gm),Beef,9.457,APU0000717311
2026-07-01,2026,7,"Coffee, 100%, ground roast, all sizes",lb. (453.6 gm),Beef,9.317,APU0000717311
2015-01-01,2015,1,"Cookies, chocolate chip",lb. (453.6 gm),Bakery and grains,3.428,APU0000702421
2015-02-01,2015,2,"Cookies, chocolate chip",lb. (453.6 gm),Bakery and grains,3.477,APU0000702421
2015-03-01,2015,3,"Cookies, chocolate chip",lb. (453.6 gm),Bakery and grains,3.486,APU0000702421
2015-04-01,2015,4,"Cookies, chocolate chip",lb. (453.6 gm),Bakery and grains,3.335,APU0000702421
2015-05-01,2015,5,"Cookies, chocolate chip",lb. (453.6 gm),Bakery and grains,3.212,APU0000702421
2015-06-01,2015,6,"Cookies, chocolate chip",lb. (453.6 gm),Bakery and grains,3.286,APU0000702421
2015-07-01,2015,7,"Cookies, chocolate chip",lb. (453.6 gm),Bakery and grains,3.305,APU0000702421
2015-08-01,2015,8,"Cookies, chocolate chip",lb. (453.6 gm),Bakery and grains,3.233,APU0000702421
2015-09-01,2015,9,"Cookies, chocolate chip",lb. (453.6 gm),Bakery and grains,3.366,APU0000702421
2015-10-01,2015,10,"Cookies, chocolate chip",lb. (453.6 gm),Bakery and grains,3.391,APU0000702421
2015-11-01,2015,11,"Cookies, chocolate chip",lb. (453.6 gm),Bakery and grains,3.413,APU0000702421
2015-12-01,2015,12,"Cookies, chocolate chip",lb. (453.6 gm),Bakery and grains,3.316,APU0000702421
2016-01-01,2016,1,"Cookies, chocolate chip",lb. (453.6 gm),Bakery and grains,3.33,APU0000702421
2016-02-01,2016,2,"Cookies, chocolate chip",lb. (453.6 gm),Bakery and grains,3.289,APU0000702421
2016-03-01,2016,3,"Cookies, chocolate chip",lb. (453.6 gm),Bakery and grains,3.4,APU0000702421
2016-04-01,2016,4,"Cookies, chocolate chip",lb. (453.6 gm),Bakery and grains,3.42,APU0000702421
2016-05-01,2016,5,"Cookies, chocolate chip",lb. (453.6 gm),Bakery and grains,3.423,APU0000702421
2016-06-01,2016,6,"Cookies, chocolate chip",lb. (453.6 gm),Bakery and grains,3.32,APU0000702421
2016-07-01,2016,7,"Cookies, chocolate chip",lb. (453.6 gm),Bakery and grains,3.217,APU0000702421
2016-08-01,2016,8,"Cookies, chocolate chip",lb. (453.6 gm),Bakery and grains,3.219,APU0000702421
2016-09-01,2016,9,"Cookies, chocolate chip",lb. (453.6 gm),Bakery and grains,3.3,APU0000702421
2016-10-01,2016,10,"Cookies, chocolate chip",lb. (453.6 gm),Bakery and grains,3.47,APU0000702421
2016-11-01,2016,11,"Cookies, chocolate chip",lb. (453.6 gm),Bakery and grains,3.366,APU0000702421
2016-12-01,2016,12,"Cookies, chocolate chip",lb. (453.6 gm),Bakery and grains,3.409,APU0000702421
2017-01-01,2017,1,"Cookies, chocolate chip",lb. (453.6 gm),Bakery and grains,3.397,APU0000702421
2017-02-01,2017,2,"Cookies, chocolate chip",lb. (453.6 gm),Bakery and grains,3.39,APU0000702421
2017-03-01,2017,3,"Cookies, chocolate chip",lb. (453.6 gm),Bakery and grains,3.346,APU0000702421
2017-04-01,2017,4,"Cookies, chocolate chip",lb. (453.6 gm),Bakery and grains,3.404,APU0000702421
2017-05-01,2017,5,"Cookies, chocolate chip",lb. (453.6 gm),Bakery and grains,3.506,APU0000702421
2017-06-01,2017,6,"Cookies, chocolate chip",lb. (453.6 gm),Bakery and grains,3.575,APU0000702421
2017-07-01,2017,7,"Cookies, chocolate chip",lb. (453.6 gm),Bakery and grains,3.467,APU0000702421
2017-08-01,2017,8,"Cookies, chocolate chip",lb. (453.6 gm),Bakery and grains,3.568,APU0000702421
2017-09-01,2017,9,"Cookies, chocolate chip",lb. (453.6 gm),Bakery and grains,3.494,APU0000702421
2017-10-01,2017,10,"Cookies, chocolate chip",lb. (453.6 gm),Bakery and grains,3.511,APU0000702421
2017-11-01,2017,11,"Cookies, chocolate chip",lb. (453.6 gm),Bakery and grains,3.639,APU0000702421
2017-12-01,2017,12,"Cookies, chocolate chip",lb. (453.6 gm),Bakery and grains,3.601,APU0000702421
2018-01-01,2018,1,"Cookies, chocolate chip",lb. (453.6 gm),Bakery and grains,3.681,APU0000702421
2018-02-01,2018,2,"Cookies, chocolate chip",lb. (453.6 gm),Bakery and grains,3.725,APU0000702421
2018-03-01,2018,3,"Cookies, chocolate chip",lb. (453.6 gm),Bakery and grains,3.579,APU0000702421
2018-04-01,2018,4,"Cookies, chocolate chip",lb. (453.6 gm),Bakery and grains,3.328,APU0000702421
2018-05-01,2018,5,"Cookies, chocolate chip",lb. (453.6 gm),Bakery and grains,3.4,APU0000702421
2018-06-01,2018,6,"Cookies, chocolate chip",lb. (453.6 gm),Bakery and grains,3.49,APU0000702421
2018-07-01,2018,7,"Cookies, chocolate chip",lb. (453.6 gm),Bakery and grains,3.481,APU0000702421
2018-08-01,2018,8,"Cookies, chocolate chip",lb. (453.6 gm),Bakery and grains,3.351,APU0000702421
2018-09-01,2018,9,"Cookies, chocolate chip",lb. (453.6 gm),Bakery and grains,3.451,APU0000702421
2018-10-01,2018,10,"Cookies, chocolate chip",lb. (453.6 gm),Bakery and grains,3.456,APU0000702421
2018-11-01,2018,11,"Cookies, chocolate chip",lb. (453.6 gm),Bakery and grains,3.527,APU0000702421
2018-12-01,2018,12,"Cookies, chocolate chip",lb. (453.6 gm),Bakery and grains,3.527,APU0000702421
2019-01-01,2019,1,"Cookies, chocolate chip",lb. (453.6 gm),Bakery and grains,3.466,APU0000702421
2019-02-01,2019,2,"Cookies, chocolate chip",lb. (453.6 gm),Bakery and grains,3.516,APU0000702421
2019-03-01,2019,3,"Cookies, chocolate chip",lb. (453.6 gm),Bakery and grains,3.311,APU0000702421
2019-04-01,2019,4,"Cookies, chocolate chip",lb. (453.6 gm),Bakery and grains,3.426,APU0000702421
2019-05-01,2019,5,"Cookies, chocolate chip",lb. (453.6 gm),Bakery and grains,3.352,APU0000702421
2019-06-01,2019,6,"Cookies, chocolate chip",lb. (453.6 gm),Bakery and grains,3.504,APU0000702421
2019-07-01,2019,7,"Cookies, chocolate chip",lb. (453.6 gm),Bakery and grains,3.468,APU0000702421
2019-08-01,2019,8,"Cookies, chocolate chip",lb. (453.6 gm),Bakery and grains,3.496,APU0000702421
2019-09-01,2019,9,"Cookies, chocolate chip",lb. (453.6 gm),Bakery and grains,3.587,APU0000702421
2019-10-01,2019,10,"Cookies, chocolate chip",lb. (453.6 gm),Bakery and grains,3.602,APU0000702421
2019-11-01,2019,11,"Cookies, chocolate chip",lb. (453.6 gm),Bakery and grains,3.603,APU0000702421
2019-12-01,2019,12,"Cookies, chocolate chip",lb. (453.6 gm),Bakery and grains,3.584,APU0000702421
2020-01-01,2020,1,"Cookies, chocolate chip",lb. (453.6 gm),Bakery and grains,3.525,APU0000702421
2020-02-01,2020,2,"Cookies, chocolate chip",lb. (453.6 gm),Bakery and grains,3.551,APU0000702421
2020-03-01,2020,3,"Cookies, chocolate chip",lb. (453.6 gm),Bakery and grains,3.633,APU0000702421
2020-04-01,2020,4,"Cookies, chocolate chip",lb. (453.6 gm),Bakery and grains,3.826,APU0000702421
2020-05-01,2020,5,"Cookies, chocolate chip",lb. (453.6 gm),Bakery and grains,3.617,APU0000702421
2020-06-01,2020,6,"Cookies, chocolate chip",lb. (453.6 gm),Bakery and grains,3.717,APU0000702421
2020-07-01,2020,7,"Cookies, chocolate chip",lb. (453.6 gm),Bakery and grains,3.696,APU0000702421
2020-08-01,2020,8,"Cookies, chocolate chip",lb. (453.6 gm),Bakery and grains,3.769,APU0000702421
2020-09-01,2020,9,"Cookies, chocolate chip",lb. (453.6 gm),Bakery and grains,3.659,APU0000702421
2020-10-01,2020,10,"Cookies, chocolate chip",lb. (453.6 gm),Bakery and grains,3.848,APU0000702421
2020-11-01,2020,11,"Cookies, chocolate chip",lb. (453.6 gm),Bakery and grains,3.767,APU0000702421
2020-12-01,2020,12,"Cookies, chocolate chip",lb. (453.6 gm),Bakery and grains,3.793,APU0000702421
2021-01-01,2021,1,"Cookies, chocolate chip",lb. (453.6 gm),Bakery and grains,3.669,APU0000702421
2021-02-01,2021,2,"Cookies, chocolate chip",lb. (453.6 gm),Bakery and grains,3.8,APU0000702421
2021-03-01,2021,3,"Cookies, chocolate chip",lb. (453.6 gm),Bakery and grains,3.964,APU0000702421
2021-04-01,2021,4,"Cookies, chocolate chip",lb. (453.6 gm),Bakery and grains,3.939,APU0000702421
2021-05-01,2021,5,"Cookies, chocolate chip",lb. (453.6 gm),Bakery and grains,4.019,APU0000702421
2021-06-01,2021,6,"Cookies, chocolate chip",lb. (453.6 gm),Bakery and grains,4.068,APU0000702421
2021-07-01,2021,7,"Cookies, chocolate chip",lb. (453.6 gm),Bakery and grains,4.065,APU0000702421
2021-08-01,2021,8,"Cookies, chocolate chip",lb. (453.6 gm),Bakery and grains,4.065,APU0000702421
2021-09-01,2021,9,"Cookies, chocolate chip",lb. (453.6 gm),Bakery and grains,3.981,APU0000702421
2021-10-01,2021,10,"Cookies, chocolate chip",lb. (453.6 gm),Bakery and grains,3.815,APU0000702421
2021-11-01,2021,11,"Cookies, chocolate chip",lb. (453.6 gm),Bakery and grains,3.999,APU0000702421
2021-12-01,2021,12,"Cookies, chocolate chip",lb. (453.6 gm),Bakery and grains,4.089,APU0000702421
2022-01-01,2022,1,"Cookies, chocolate chip",lb. (453.6 gm),Bakery and grains,4.223,APU0000702421
2022-02-01,2022,2,"Cookies, chocolate chip",lb. (453.6 gm),Bakery and grains,4.15,APU0000702421
2022-03-01,2022,3,"Cookies, chocolate chip",lb. (453.6 gm),Bakery and grains,4.147,APU0000702421
2022-04-01,2022,4,"Cookies, chocolate chip",lb. (453.6 gm),Bakery and grains,4.174,APU0000702421
2022-05-01,2022,5,"Cookies, chocolate chip",lb. (453.6 gm),Bakery and grains,4.505,APU0000702421
2022-06-01,2022,6,"Cookies, chocolate chip",lb. (453.6 gm),Bakery and grains,4.567,APU0000702421
2022-07-01,2022,7,"Cookies, chocolate chip",lb. (453.6 gm),Bakery and grains,4.654,APU0000702421
2022-08-01,2022,8,"Cookies, chocolate chip",lb. (453.6 gm),Bakery and grains,4.676,APU0000702421
2022-09-01,2022,9,"Cookies, chocolate chip",lb. (453.6 gm),Bakery and grains,4.796,APU0000702421
2022-10-01,2022,10,"Cookies, chocolate chip",lb. (453.6 gm),Bakery and grains,4.869,APU0000702421
2022-11-01,2022,11,"Cookies, chocolate chip",lb. (453.6 gm),Bakery and grains,4.942,APU0000702421
2022-12-01,2022,12,"Cookies, chocolate chip",lb. (453.6 gm),Bakery and grains,4.974,APU0000702421
2023-01-01,2023,1,"Cookies, chocolate chip",lb. (453.6 gm),Bakery and grains,5.058,APU0000702421
2023-02-01,2023,2,"Cookies, chocolate chip",lb. (453.6 gm),Bakery and grains,5.177,APU0000702421
2023-03-01,2023,3,"Cookies, chocolate chip",lb. (453.6 gm),Bakery and grains,5.234,APU0000702421
2023-04-01,2023,4,"Cookies, chocolate chip",lb. (453.6 gm),Bakery and grains,5.193,APU0000702421
2023-05-01,2023,5,"Cookies, chocolate chip",lb. (453.6 gm),Bakery and grains,5.153,APU0000702421
2023-06-01,2023,6,"Cookies, chocolate chip",lb. (453.6 gm),Bakery and grains,5.111,APU0000702421
2023-07-01,2023,7,"Cookies, chocolate chip",lb. (453.6 gm),Bakery and grains,5.091,APU0000702421
2023-08-01,2023,8,"Cookies, chocolate chip",lb. (453.6 gm),Bakery and grains,5.056,APU0000702421
2023-09-01,2023,9,"Cookies, chocolate chip",lb. (453.6 gm),Bakery and grains,5.113,APU0000702421
2023-10-01,2023,10,"Cookies, chocolate chip",lb. (453.6 gm),Bakery and grains,5.129,APU0000702421
2023-11-01,2023,11,"Cookies, chocolate chip",lb. (453.6 gm),Bakery and grains,5.044,APU0000702421
2023-12-01,2023,12,"Cookies, chocolate chip",lb. (453.6 gm),Bakery and grains,5.117,APU0000702421
2024-01-01,2024,1,"Cookies, chocolate chip",lb. (453.6 gm),Bakery and grains,5.019,APU0000702421
2024-02-01,2024,2,"Cookies, chocolate chip",lb. (453.6 gm),Bakery and grains,5.248,APU0000702421
2024-03-01,2024,3,"Cookies, chocolate chip",lb. (453.6 gm),Bakery and grains,5.145,APU0000702421
2024-04-01,2024,4,"Cookies, chocolate chip",lb. (453.6 gm),Bakery and grains,5.121,APU0000702421
2024-05-01,2024,5,"Cookies, chocolate chip",lb. (453.6 gm),Bakery and grains,5.124,APU0000702421
2024-06-01,2024,6,"Cookies, chocolate chip",lb. (453.6 gm),Bakery and grains,5.017,APU0000702421
2024-07-01,2024,7,"Cookies, chocolate chip",lb. (453.6 gm),Bakery and grains,5.102,APU0000702421
2024-08-01,2024,8,"Cookies, chocolate chip",lb. (453.6 gm),Bakery and grains,5.046,APU0000702421
2024-09-01,2024,9,"Cookies, chocolate chip",lb. (453.6 gm),Bakery and grains,5.173,APU0000702421
2024-10-01,2024,10,"Cookies, chocolate chip",lb. (453.6 gm),Bakery and grains,4.852,APU0000702421
2024-11-01,2024,11,"Cookies, chocolate chip",lb. (453.6 gm),Bakery and grains,4.918,APU0000702421
2024-12-01,2024,12,"Cookies, chocolate chip",lb. (453.6 gm),Bakery and grains,4.773,APU0000702421
2025-01-01,2025,1,"Cookies, chocolate chip",lb. (453.6 gm),Bakery and grains,4.895,APU0000702421
2025-02-01,2025,2,"Cookies, chocolate chip",lb. (453.6 gm),Bakery and grains,4.658,APU0000702421
2025-03-01,2025,3,"Cookies, chocolate chip",lb. (453.6 gm),Bakery and grains,4.863,APU0000702421
2025-04-01,2025,4,"Cookies, chocolate chip",lb. (453.6 gm),Bakery and grains,4.956,APU0000702421
2025-05-01,2025,5,"Cookies, chocolate chip",lb. (453.6 gm),Bakery and grains,5.049,APU0000702421
2025-06-01,2025,6,"Cookies, chocolate chip",lb. (453.6 gm),Bakery and grains,5.108,APU0000702421
2025-07-01,2025,7,"Cookies, chocolate chip",lb. (453.6 gm),Bakery and grains,5.264,APU0000702421
2025-08-01,2025,8,"Cookies, chocolate chip",lb. (453.6 gm),Bakery and grains,5.122,APU0000702421
2025-09-01,2025,9,"Cookies, chocolate chip",lb. (453.6 gm),Bakery and grains,5.15,APU0000702421
2025-11-01,2025,11,"Cookies, chocolate chip",lb. (453.6 gm),Bakery and grains,5.331,APU0000702421
2025-12-01,2025,12,"Cookies, chocolate chip",lb. (453.6 gm),Bakery and grains,5.128,APU0000702421
2026-01-01,2026,1,"Cookies, chocolate chip",lb. (453.6 gm),Bakery and grains,5.352,APU0000702421
2026-02-01,2026,2,"Cookies, chocolate chip",lb. (453.6 gm),Bakery and grains,5.255,APU0000702421
2026-03-01,2026,3,"Cookies, chocolate chip",lb. (453.6 gm),Bakery and grains,5.309,APU0000702421
2026-04-01,2026,4,"Cookies, chocolate chip",lb. (453.6 gm),Bakery and grains,5.182,APU0000702421
2026-05-01,2026,5,"Cookies, chocolate chip",lb. (453.6 gm),Bakery and grains,5.181,APU0000702421
2026-06-01,2026,6,"Cookies, chocolate chip",lb. (453.6 gm),Bakery and grains,4.964,APU0000702421
2026-07-01,2026,7,"Cookies, chocolate chip",lb. (453.6 gm),Bakery and grains,5.008,APU0000702421
2015-01-01,2015,1,"Corn, canned, any style, all sizes",lb. (453.6 gm),Vegetables,1.022,APU0000714221
2015-02-01,2015,2,"Corn, canned, any style, all sizes",lb. (453.6 gm),Vegetables,1.05,APU0000714221
2015-03-01,2015,3,"Corn, canned, any style, all sizes",lb. (453.6 gm),Vegetables,1.033,APU0000714221
2015-04-01,2015,4,"Corn, canned, any style, all sizes",lb. (453.6 gm),Vegetables,1.035,APU0000714221
2023-10-01,2023,10,"Corn, canned, any style, all sizes",lb. (453.6 gm),Vegetables,1.353,APU0000714221
2023-11-01,2023,11,"Corn, canned, any style, all sizes",lb. (453.6 gm),Vegetables,1.243,APU0000714221
2023-12-01,2023,12,"Corn, canned, any style, all sizes",lb. (453.6 gm),Vegetables,1.31,APU0000714221
2024-01-01,2024,1,"Corn, canned, any style, all sizes",lb. (453.6 gm),Vegetables,1.379,APU0000714221
2024-02-01,2024,2,"Corn, canned, any style, all sizes",lb. (453.6 gm),Vegetables,1.392,APU0000714221
2024-03-01,2024,3,"Corn, canned, any style, all sizes",lb. (453.6 gm),Vegetables,1.396,APU0000714221
2024-04-01,2024,4,"Corn, canned, any style, all sizes",lb. (453.6 gm),Vegetables,1.402,APU0000714221
2024-05-01,2024,5,"Corn, canned, any style, all sizes",lb. (453.6 gm),Vegetables,1.334,APU0000714221
2024-06-01,2024,6,"Corn, canned, any style, all sizes",lb. (453.6 gm),Vegetables,1.351,APU0000714221
2024-07-01,2024,7,"Corn, canned, any style, all sizes",lb. (453.6 gm),Vegetables,1.366,APU0000714221
2024-08-01,2024,8,"Corn, canned, any style, all sizes",lb. (453.6 gm),Vegetables,1.311,APU0000714221
2024-09-01,2024,9,"Corn, canned, any style, all sizes",lb. (453.6 gm),Vegetables,1.35,APU0000714221
2024-10-01,2024,10,"Corn, canned, any style, all sizes",lb. (453.6 gm),Vegetables,1.33,APU0000714221
2024-11-01,2024,11,"Corn, canned, any style, all sizes",lb. (453.6 gm),Vegetables,1.294,APU0000714221
2024-12-01,2024,12,"Corn, canned, any style, all sizes",lb. (453.6 gm),Vegetables,1.304,APU0000714221
2025-01-01,2025,1,"Corn, canned, any style, all sizes",lb. (453.6 gm),Vegetables,1.33,APU0000714221
2025-02-01,2025,2,"Corn, canned, any style, all sizes",lb. (453.6 gm),Vegetables,1.351,APU0000714221
2025-03-01,2025,3,"Corn, canned, any style, all sizes",lb. (453.6 gm),Vegetables,1.341,APU0000714221
2025-04-01,2025,4,"Corn, canned, any style, all sizes",lb. (453.6 gm),Vegetables,1.331,APU0000714221
2025-05-01,2025,5,"Corn, canned, any style, all sizes",lb. (453.6 gm),Vegetables,1.446,APU0000714221
2025-06-01,2025,6,"Corn, canned, any style, all sizes",lb. (453.6 gm),Vegetables,1.414,APU0000714221
2025-07-01,2025,7,"Corn, canned, any style, all sizes",lb. (453.6 gm),Vegetables,1.415,APU0000714221
2025-08-01,2025,8,"Corn, canned, any style, all sizes",lb. (453.6 gm),Vegetables,1.4,APU0000714221
2025-09-01,2025,9,"Corn, canned, any style, all sizes",lb. (453.6 gm),Vegetables,1.422,APU0000714221
2025-11-01,2025,11,"Corn, canned, any style, all sizes",lb. (453.6 gm),Vegetables,1.174,APU0000714221
2025-12-01,2025,12,"Corn, canned, any style, all sizes",lb. (453.6 gm),Vegetables,1.164,APU0000714221
2026-01-01,2026,1,"Corn, canned, any style, all sizes",lb. (453.6 gm),Vegetables,1.298,APU0000714221
2026-02-01,2026,2,"Corn, canned, any style, all sizes",lb. (453.6 gm),Vegetables,1.312,APU0000714221
2026-03-01,2026,3,"Corn, canned, any style, all sizes",lb. (453.6 gm),Vegetables,1.311,APU0000714221
2026-04-01,2026,4,"Corn, canned, any style, all sizes",lb. (453.6 gm),Vegetables,1.293,APU0000714221
2026-05-01,2026,5,"Corn, canned, any style, all sizes",lb. (453.6 gm),Vegetables,1.315,APU0000714221
2026-06-01,2026,6,"Corn, canned, any style, all sizes",lb. (453.6 gm),Vegetables,1.286,APU0000714221
2026-07-01,2026,7,"Corn, canned, any style, all sizes",lb. (453.6 gm),Vegetables,1.284,APU0000714221
2015-01-01,2015,1,"Eggs, grade A, large",doz.,Eggs,2.113,APU0000708111
2015-02-01,2015,2,"Eggs, grade A, large",doz.,Eggs,2.088,APU0000708111
2015-03-01,2015,3,"Eggs, grade A, large",doz.,Eggs,2.133,APU0000708111
2015-04-01,2015,4,"Eggs, grade A, large",doz.,Eggs,2.065,APU0000708111
2015-05-01,2015,5,"Eggs, grade A, large",doz.,Eggs,1.962,APU0000708111
2015-06-01,2015,6,"Eggs, grade A, large",doz.,Eggs,2.57,APU0000708111
2015-07-01,2015,7,"Eggs, grade A, large",doz.,Eggs,2.57,APU0000708111
2015-08-01,2015,8,"Eggs, grade A, large",doz.,Eggs,2.943,APU0000708111
2015-09-01,2015,9,"Eggs, grade A, large",doz.,Eggs,2.966,APU0000708111
2015-10-01,2015,10,"Eggs, grade A, large",doz.,Eggs,2.808,APU0000708111
2015-11-01,2015,11,"Eggs, grade A, large",doz.,Eggs,2.664,APU0000708111
2015-12-01,2015,12,"Eggs, grade A, large",doz.,Eggs,2.751,APU0000708111
2016-01-01,2016,1,"Eggs, grade A, large",doz.,Eggs,2.328,APU0000708111
2016-02-01,2016,2,"Eggs, grade A, large",doz.,Eggs,2.267,APU0000708111
2016-03-01,2016,3,"Eggs, grade A, large",doz.,Eggs,2.081,APU0000708111
2016-04-01,2016,4,"Eggs, grade A, large",doz.,Eggs,1.793,APU0000708111
2016-05-01,2016,5,"Eggs, grade A, large",doz.,Eggs,1.684,APU0000708111
2016-06-01,2016,6,"Eggs, grade A, large",doz.,Eggs,1.491,APU0000708111
2016-07-01,2016,7,"Eggs, grade A, large",doz.,Eggs,1.546,APU0000708111
2016-08-01,2016,8,"Eggs, grade A, large",doz.,Eggs,1.455,APU0000708111
2016-09-01,2016,9,"Eggs, grade A, large",doz.,Eggs,1.471,APU0000708111
2016-10-01,2016,10,"Eggs, grade A, large",doz.,Eggs,1.39,APU0000708111
2016-11-01,2016,11,"Eggs, grade A, large",doz.,Eggs,1.321,APU0000708111
2016-12-01,2016,12,"Eggs, grade A, large",doz.,Eggs,1.383,APU0000708111
2017-01-01,2017,1,"Eggs, grade A, large",doz.,Eggs,1.599,APU0000708111
2017-02-01,2017,2,"Eggs, grade A, large",doz.,Eggs,1.464,APU0000708111
2017-03-01,2017,3,"Eggs, grade A, large",doz.,Eggs,1.404,APU0000708111
2017-04-01,2017,4,"Eggs, grade A, large",doz.,Eggs,1.409,APU0000708111
2017-05-01,2017,5,"Eggs, grade A, large",doz.,Eggs,1.414,APU0000708111
2017-06-01,2017,6,"Eggs, grade A, large",doz.,Eggs,1.332,APU0000708111
2017-07-01,2017,7,"Eggs, grade A, large",doz.,Eggs,1.333,APU0000708111
2017-08-01,2017,8,"Eggs, grade A, large",doz.,Eggs,1.367,APU0000708111
2017-09-01,2017,9,"Eggs, grade A, large",doz.,Eggs,1.422,APU0000708111
2017-10-01,2017,10,"Eggs, grade A, large",doz.,Eggs,1.54,APU0000708111
2017-11-01,2017,11,"Eggs, grade A, large",doz.,Eggs,1.506,APU0000708111
2017-12-01,2017,12,"Eggs, grade A, large",doz.,Eggs,1.815,APU0000708111
2018-01-01,2018,1,"Eggs, grade A, large",doz.,Eggs,1.769,APU0000708111
2018-02-01,2018,2,"Eggs, grade A, large",doz.,Eggs,1.755,APU0000708111
2018-03-01,2018,3,"Eggs, grade A, large",doz.,Eggs,1.831,APU0000708111
2018-04-01,2018,4,"Eggs, grade A, large",doz.,Eggs,2.081,APU0000708111
2018-05-01,2018,5,"Eggs, grade A, large",doz.,Eggs,1.987,APU0000708111
2018-06-01,2018,6,"Eggs, grade A, large",doz.,Eggs,1.628,APU0000708111
2018-07-01,2018,7,"Eggs, grade A, large",doz.,Eggs,1.725,APU0000708111
2018-08-01,2018,8,"Eggs, grade A, large",doz.,Eggs,1.622,APU0000708111
2018-09-01,2018,9,"Eggs, grade A, large",doz.,Eggs,1.651,APU0000708111
2018-10-01,2018,10,"Eggs, grade A, large",doz.,Eggs,1.66,APU0000708111
2018-11-01,2018,11,"Eggs, grade A, large",doz.,Eggs,1.596,APU0000708111
2018-12-01,2018,12,"Eggs, grade A, large",doz.,Eggs,1.595,APU0000708111
2019-01-01,2019,1,"Eggs, grade A, large",doz.,Eggs,1.554,APU0000708111
2019-02-01,2019,2,"Eggs, grade A, large",doz.,Eggs,1.557,APU0000708111
2019-03-01,2019,3,"Eggs, grade A, large",doz.,Eggs,1.544,APU0000708111
2019-04-01,2019,4,"Eggs, grade A, large",doz.,Eggs,1.463,APU0000708111
2019-05-01,2019,5,"Eggs, grade A, large",doz.,Eggs,1.362,APU0000708111
2019-06-01,2019,6,"Eggs, grade A, large",doz.,Eggs,1.203,APU0000708111
2019-07-01,2019,7,"Eggs, grade A, large",doz.,Eggs,1.243,APU0000708111
2019-08-01,2019,8,"Eggs, grade A, large",doz.,Eggs,1.219,APU0000708111
2019-09-01,2019,9,"Eggs, grade A, large",doz.,Eggs,1.383,APU0000708111
2019-10-01,2019,10,"Eggs, grade A, large",doz.,Eggs,1.282,APU0000708111
2019-11-01,2019,11,"Eggs, grade A, large",doz.,Eggs,1.405,APU0000708111
2019-12-01,2019,12,"Eggs, grade A, large",doz.,Eggs,1.535,APU0000708111
2020-01-01,2020,1,"Eggs, grade A, large",doz.,Eggs,1.461,APU0000708111
2020-02-01,2020,2,"Eggs, grade A, large",doz.,Eggs,1.449,APU0000708111
2020-03-01,2020,3,"Eggs, grade A, large",doz.,Eggs,1.525,APU0000708111
2020-04-01,2020,4,"Eggs, grade A, large",doz.,Eggs,2.019,APU0000708111
2020-05-01,2020,5,"Eggs, grade A, large",doz.,Eggs,1.64,APU0000708111
2020-06-01,2020,6,"Eggs, grade A, large",doz.,Eggs,1.554,APU0000708111
2020-07-01,2020,7,"Eggs, grade A, large",doz.,Eggs,1.401,APU0000708111
2020-08-01,2020,8,"Eggs, grade A, large",doz.,Eggs,1.328,APU0000708111
2020-09-01,2020,9,"Eggs, grade A, large",doz.,Eggs,1.353,APU0000708111
2020-10-01,2020,10,"Eggs, grade A, large",doz.,Eggs,1.408,APU0000708111
2020-11-01,2020,11,"Eggs, grade A, large",doz.,Eggs,1.45,APU0000708111
2020-12-01,2020,12,"Eggs, grade A, large",doz.,Eggs,1.481,APU0000708111
2021-01-01,2021,1,"Eggs, grade A, large",doz.,Eggs,1.466,APU0000708111
2021-02-01,2021,2,"Eggs, grade A, large",doz.,Eggs,1.597,APU0000708111
2021-03-01,2021,3,"Eggs, grade A, large",doz.,Eggs,1.625,APU0000708111
2021-04-01,2021,4,"Eggs, grade A, large",doz.,Eggs,1.62,APU0000708111
2021-05-01,2021,5,"Eggs, grade A, large",doz.,Eggs,1.625,APU0000708111
2021-06-01,2021,6,"Eggs, grade A, large",doz.,Eggs,1.642,APU0000708111
2021-07-01,2021,7,"Eggs, grade A, large",doz.,Eggs,1.642,APU0000708111
2021-08-01,2021,8,"Eggs, grade A, large",doz.,Eggs,1.709,APU0000708111
2021-09-01,2021,9,"Eggs, grade A, large",doz.,Eggs,1.835,APU0000708111
2021-10-01,2021,10,"Eggs, grade A, large",doz.,Eggs,1.821,APU0000708111
2021-11-01,2021,11,"Eggs, grade A, large",doz.,Eggs,1.718,APU0000708111
2021-12-01,2021,12,"Eggs, grade A, large",doz.,Eggs,1.788,APU0000708111
2022-01-01,2022,1,"Eggs, grade A, large",doz.,Eggs,1.929,APU0000708111
2022-02-01,2022,2,"Eggs, grade A, large",doz.,Eggs,2.005,APU0000708111
2022-03-01,2022,3,"Eggs, grade A, large",doz.,Eggs,2.046,APU0000708111
2022-04-01,2022,4,"Eggs, grade A, large",doz.,Eggs,2.52,APU0000708111
2022-05-01,2022,5,"Eggs, grade A, large",doz.,Eggs,2.863,APU0000708111
2022-06-01,2022,6,"Eggs, grade A, large",doz.,Eggs,2.707,APU0000708111
2022-07-01,2022,7,"Eggs, grade A, large",doz.,Eggs,2.936,APU0000708111
2022-08-01,2022,8,"Eggs, grade A, large",doz.,Eggs,3.116,APU0000708111
2022-09-01,2022,9,"Eggs, grade A, large",doz.,Eggs,2.902,APU0000708111
2022-10-01,2022,10,"Eggs, grade A, large",doz.,Eggs,3.419,APU0000708111
2022-11-01,2022,11,"Eggs, grade A, large",doz.,Eggs,3.589,APU0000708111
2022-12-01,2022,12,"Eggs, grade A, large",doz.,Eggs,4.25,APU0000708111
2023-01-01,2023,1,"Eggs, grade A, large",doz.,Eggs,4.823,APU0000708111
2023-02-01,2023,2,"Eggs, grade A, large",doz.,Eggs,4.211,APU0000708111
2023-03-01,2023,3,"Eggs, grade A, large",doz.,Eggs,3.446,APU0000708111
2023-04-01,2023,4,"Eggs, grade A, large",doz.,Eggs,3.27,APU0000708111
2023-05-01,2023,5,"Eggs, grade A, large",doz.,Eggs,2.666,APU0000708111
2023-06-01,2023,6,"Eggs, grade A, large",doz.,Eggs,2.219,APU0000708111
2023-07-01,2023,7,"Eggs, grade A, large",doz.,Eggs,2.094,APU0000708111
2023-08-01,2023,8,"Eggs, grade A, large",doz.,Eggs,2.043,APU0000708111
2023-09-01,2023,9,"Eggs, grade A, large",doz.,Eggs,2.065,APU0000708111
2023-10-01,2023,10,"Eggs, grade A, large",doz.,Eggs,2.072,APU0000708111
2023-11-01,2023,11,"Eggs, grade A, large",doz.,Eggs,2.138,APU0000708111
2023-12-01,2023,12,"Eggs, grade A, large",doz.,Eggs,2.507,APU0000708111
2024-01-01,2024,1,"Eggs, grade A, large",doz.,Eggs,2.522,APU0000708111
2024-02-01,2024,2,"Eggs, grade A, large",doz.,Eggs,2.996,APU0000708111
2024-03-01,2024,3,"Eggs, grade A, large",doz.,Eggs,2.992,APU0000708111
2024-04-01,2024,4,"Eggs, grade A, large",doz.,Eggs,2.864,APU0000708111
2024-05-01,2024,5,"Eggs, grade A, large",doz.,Eggs,2.699,APU0000708111
2024-06-01,2024,6,"Eggs, grade A, large",doz.,Eggs,2.715,APU0000708111
2024-07-01,2024,7,"Eggs, grade A, large",doz.,Eggs,3.08,APU0000708111
2024-08-01,2024,8,"Eggs, grade A, large",doz.,Eggs,3.204,APU0000708111
2024-09-01,2024,9,"Eggs, grade A, large",doz.,Eggs,3.821,APU0000708111
2024-10-01,2024,10,"Eggs, grade A, large",doz.,Eggs,3.37,APU0000708111
2024-11-01,2024,11,"Eggs, grade A, large",doz.,Eggs,3.649,APU0000708111
2024-12-01,2024,12,"Eggs, grade A, large",doz.,Eggs,4.146,APU0000708111
2025-01-01,2025,1,"Eggs, grade A, large",doz.,Eggs,4.953,APU0000708111
2025-02-01,2025,2,"Eggs, grade A, large",doz.,Eggs,5.897,APU0000708111
2025-03-01,2025,3,"Eggs, grade A, large",doz.,Eggs,6.227,APU0000708111
2025-04-01,2025,4,"Eggs, grade A, large",doz.,Eggs,5.122,APU0000708111
2025-05-01,2025,5,"Eggs, grade A, large",doz.,Eggs,4.548,APU0000708111
2025-06-01,2025,6,"Eggs, grade A, large",doz.,Eggs,3.775,APU0000708111
2025-07-01,2025,7,"Eggs, grade A, large",doz.,Eggs,3.599,APU0000708111
2025-08-01,2025,8,"Eggs, grade A, large",doz.,Eggs,3.587,APU0000708111
2025-09-01,2025,9,"Eggs, grade A, large",doz.,Eggs,3.488,APU0000708111
2025-11-01,2025,11,"Eggs, grade A, large",doz.,Eggs,2.86,APU0000708111
2025-12-01,2025,12,"Eggs, grade A, large",doz.,Eggs,2.712,APU0000708111
2026-01-01,2026,1,"Eggs, grade A, large",doz.,Eggs,2.577,APU0000708111
2026-02-01,2026,2,"Eggs, grade A, large",doz.,Eggs,2.5,APU0000708111
2026-03-01,2026,3,"Eggs, grade A, large",doz.,Eggs,2.348,APU0000708111
2026-04-01,2026,4,"Eggs, grade A, large",doz.,Eggs,2.25,APU0000708111
2026-05-01,2026,5,"Eggs, grade A, large",doz.,Eggs,2.191,APU0000708111
2026-06-01,2026,6,"Eggs, grade A, large",doz.,Eggs,2.141,APU0000708111
2026-07-01,2026,7,"Eggs, grade A, large",doz.,Eggs,2.189,APU0000708111
2015-01-01,2015,1,Electricity,KWH,Energy,0.138,APU000072610
2015-02-01,2015,2,Electricity,KWH,Energy,0.138,APU000072610
2015-03-01,2015,3,Electricity,KWH,Energy,0.136,APU000072610
2015-04-01,2015,4,Electricity,KWH,Energy,0.137,APU000072610
2015-05-01,2015,5,Electricity,KWH,Energy,0.137,APU000072610
2015-06-01,2015,6,Electricity,KWH,Energy,0.143,APU000072610
2015-07-01,2015,7,Electricity,KWH,Energy,0.142,APU000072610
2015-08-01,2015,8,Electricity,KWH,Energy,0.142,APU000072610
2015-09-01,2015,9,Electricity,KWH,Energy,0.141,APU000072610
2015-10-01,2015,10,Electricity,KWH,Energy,0.136,APU000072610
2015-11-01,2015,11,Electricity,KWH,Energy,0.134,APU000072610
2015-12-01,2015,12,Electricity,KWH,Energy,0.133,APU000072610
2016-01-01,2016,1,Electricity,KWH,Energy,0.134,APU000072610
2016-02-01,2016,2,Electricity,KWH,Energy,0.134,APU000072610
2016-03-01,2016,3,Electricity,KWH,Energy,0.134,APU000072610
2016-04-01,2016,4,Electricity,KWH,Energy,0.134,APU000072610
2016-05-01,2016,5,Electricity,KWH,Energy,0.133,APU000072610
2016-06-01,2016,6,Electricity,KWH,Energy,0.138,APU000072610
2016-07-01,2016,7,Electricity,KWH,Energy,0.139,APU000072610
2016-08-01,2016,8,Electricity,KWH,Energy,0.139,APU000072610
2016-09-01,2016,9,Electricity,KWH,Energy,0.139,APU000072610
2016-10-01,2016,10,Electricity,KWH,Energy,0.134,APU000072610
2016-11-01,2016,11,Electricity,KWH,Energy,0.131,APU000072610
2016-12-01,2016,12,Electricity,KWH,Energy,0.133,APU000072610
2017-01-01,2017,1,Electricity,KWH,Energy,0.134,APU000072610
2017-02-01,2017,2,Electricity,KWH,Energy,0.135,APU000072610
2017-03-01,2017,3,Electricity,KWH,Energy,0.134,APU000072610
2017-04-01,2017,4,Electricity,KWH,Energy,0.135,APU000072610
2017-05-01,2017,5,Electricity,KWH,Energy,0.137,APU000072610
2017-06-01,2017,6,Electricity,KWH,Energy,0.142,APU000072610
2017-07-01,2017,7,Electricity,KWH,Energy,0.143,APU000072610
2017-08-01,2017,8,Electricity,KWH,Energy,0.142,APU000072610
2017-09-01,2017,9,Electricity,KWH,Energy,0.142,APU000072610
2017-10-01,2017,10,Electricity,KWH,Energy,0.137,APU000072610
2017-11-01,2017,11,Electricity,KWH,Energy,0.136,APU000072610
2017-12-01,2017,12,Electricity,KWH,Energy,0.136,APU000072610
2018-01-01,2018,1,Electricity,KWH,Energy,0.135,APU000072610
2018-02-01,2018,2,Electricity,KWH,Energy,0.135,APU000072610
2018-03-01,2018,3,Electricity,KWH,Energy,0.135,APU000072610
2018-04-01,2018,4,Electricity,KWH,Energy,0.134,APU000072610
2018-05-01,2018,5,Electricity,KWH,Energy,0.136,APU000072610
2018-06-01,2018,6,Electricity,KWH,Energy,0.139,APU000072610
2018-07-01,2018,7,Electricity,KWH,Energy,0.139,APU000072610
2018-08-01,2018,8,Electricity,KWH,Energy,0.139,APU000072610
2018-09-01,2018,9,Electricity,KWH,Energy,0.138,APU000072610
2018-10-01,2018,10,Electricity,KWH,Energy,0.136,APU000072610
2018-11-01,2018,11,Electricity,KWH,Energy,0.134,APU000072610
2018-12-01,2018,12,Electricity,KWH,Energy,0.135,APU000072610
2019-01-01,2019,1,Electricity,KWH,Energy,0.135,APU000072610
2019-02-01,2019,2,Electricity,KWH,Energy,0.136,APU000072610
2019-03-01,2019,3,Electricity,KWH,Energy,0.135,APU000072610
2019-04-01,2019,4,Electricity,KWH,Energy,0.135,APU000072610
2019-05-01,2019,5,Electricity,KWH,Energy,0.136,APU000072610
2019-06-01,2019,6,Electricity,KWH,Energy,0.139,APU000072610
2019-07-01,2019,7,Electricity,KWH,Energy,0.14,APU000072610
2019-08-01,2019,8,Electricity,KWH,Energy,0.139,APU000072610
2019-09-01,2019,9,Electricity,KWH,Energy,0.139,APU000072610
2019-10-01,2019,10,Electricity,KWH,Energy,0.136,APU000072610
2019-11-01,2019,11,Electricity,KWH,Energy,0.133,APU000072610
2019-12-01,2019,12,Electricity,KWH,Energy,0.133,APU000072610
2020-01-01,2020,1,Electricity,KWH,Energy,0.134,APU000072610
2020-02-01,2020,2,Electricity,KWH,Energy,0.134,APU000072610
2020-03-01,2020,3,Electricity,KWH,Energy,0.134,APU000072610
2020-04-01,2020,4,Electricity,KWH,Energy,0.133,APU000072610
2020-05-01,2020,5,Electricity,KWH,Energy,0.134,APU000072610
2020-06-01,2020,6,Electricity,KWH,Energy,0.137,APU000072610
2020-07-01,2020,7,Electricity,KWH,Energy,0.137,APU000072610
2020-08-01,2020,8,Electricity,KWH,Energy,0.137,APU000072610
2020-09-01,2020,9,Electricity,KWH,Energy,0.137,APU000072610
2020-10-01,2020,10,Electricity,KWH,Energy,0.135,APU000072610
2020-11-01,2020,11,Electricity,KWH,Energy,0.136,APU000072610
2020-12-01,2020,12,Electricity,KWH,Energy,0.136,APU000072610
2021-01-01,2021,1,Electricity,KWH,Energy,0.136,APU000072610
2021-02-01,2021,2,Electricity,KWH,Energy,0.137,APU000072610
2021-03-01,2021,3,Electricity,KWH,Energy,0.138,APU000072610
2021-04-01,2021,4,Electricity,KWH,Energy,0.139,APU000072610
2021-05-01,2021,5,Electricity,KWH,Energy,0.14,APU000072610
2021-06-01,2021,6,Electricity,KWH,Energy,0.142,APU000072610
2021-07-01,2021,7,Electricity,KWH,Energy,0.143,APU000072610
2021-08-01,2021,8,Electricity,KWH,Energy,0.144,APU000072610
2021-09-01,2021,9,Electricity,KWH,Energy,0.144,APU000072610
2021-10-01,2021,10,Electricity,KWH,Energy,0.142,APU000072610
2021-11-01,2021,11,Electricity,KWH,Energy,0.142,APU000072610
2021-12-01,2021,12,Electricity,KWH,Energy,0.142,APU000072610
2022-01-01,2022,1,Electricity,KWH,Energy,0.147,APU000072610
2022-02-01,2022,2,Electricity,KWH,Energy,0.148,APU000072610
2022-03-01,2022,3,Electricity,KWH,Energy,0.15,APU000072610
2022-04-01,2022,4,Electricity,KWH,Energy,0.151,APU000072610
2022-05-01,2022,5,Electricity,KWH,Energy,0.154,APU000072610
2022-06-01,2022,6,Electricity,KWH,Energy,0.16,APU000072610
2022-07-01,2022,7,Electricity,KWH,Energy,0.164,APU000072610
2022-08-01,2022,8,Electricity,KWH,Energy,0.167,APU000072610
2022-09-01,2022,9,Electricity,KWH,Energy,0.167,APU000072610
2022-10-01,2022,10,Electricity,KWH,Energy,0.166,APU000072610
2022-11-01,2022,11,Electricity,KWH,Energy,0.163,APU000072610
2022-12-01,2022,12,Electricity,KWH,Energy,0.165,APU000072610
2023-01-01,2023,1,Electricity,KWH,Energy,0.168,APU000072610
2023-02-01,2023,2,Electricity,KWH,Energy,0.168,APU000072610
2023-03-01,2023,3,Electricity,KWH,Energy,0.166,APU000072610
2023-04-01,2023,4,Electricity,KWH,Energy,0.165,APU000072610
2023-05-01,2023,5,Electricity,KWH,Energy,0.165,APU000072610
2023-06-01,2023,6,Electricity,KWH,Energy,0.17,APU000072610
2023-07-01,2023,7,Electricity,KWH,Energy,0.169,APU000072610
2023-08-01,2023,8,Electricity,KWH,Energy,0.17,APU000072610
2023-09-01,2023,9,Electricity,KWH,Energy,0.171,APU000072610
2023-10-01,2023,10,Electricity,KWH,Energy,0.169,APU000072610
2023-11-01,2023,11,Electricity,KWH,Energy,0.168,APU000072610
2023-12-01,2023,12,Electricity,KWH,Energy,0.169,APU000072610
2024-01-01,2024,1,Electricity,KWH,Energy,0.173,APU000072610
2024-02-01,2024,2,Electricity,KWH,Energy,0.173,APU000072610
2024-03-01,2024,3,Electricity,KWH,Energy,0.174,APU000072610
2024-04-01,2024,4,Electricity,KWH,Energy,0.173,APU000072610
2024-05-01,2024,5,Electricity,KWH,Energy,0.175,APU000072610
2024-06-01,2024,6,Electricity,KWH,Energy,0.178,APU000072610
2024-07-01,2024,7,Electricity,KWH,Energy,0.178,APU000072610
2024-08-01,2024,8,Electricity,KWH,Energy,0.177,APU000072610
2024-09-01,2024,9,Electricity,KWH,Energy,0.178,APU000072610
2024-10-01,2024,10,Electricity,KWH,Energy,0.177,APU000072610
2024-11-01,2024,11,Electricity,KWH,Energy,0.176,APU000072610
2024-12-01,2024,12,Electricity,KWH,Energy,0.176,APU000072610
2025-01-01,2025,1,Electricity,KWH,Energy,0.179,APU000072610
2025-02-01,2025,2,Electricity,KWH,Energy,0.179,APU000072610
2025-03-01,2025,3,Electricity,KWH,Energy,0.181,APU000072610
2025-04-01,2025,4,Electricity,KWH,Energy,0.181,APU000072610
2025-05-01,2025,5,Electricity,KWH,Energy,0.182,APU000072610
2025-06-01,2025,6,Electricity,KWH,Energy,0.19,APU000072610
2025-07-01,2025,7,Electricity,KWH,Energy,0.189,APU000072610
2025-08-01,2025,8,Electricity,KWH,Energy,0.19,APU000072610
2025-09-01,2025,9,Electricity,KWH,Energy,0.188,APU000072610
2025-11-01,2025,11,Electricity,KWH,Energy,0.189,APU000072610
2025-12-01,2025,12,Electricity,KWH,Energy,0.189,APU000072610
2026-01-01,2026,1,Electricity,KWH,Energy,0.192,APU000072610
2026-02-01,2026,2,Electricity,KWH,Energy,0.189,APU000072610
2026-03-01,2026,3,Electricity,KWH,Energy,0.19,APU000072610
2026-04-01,2026,4,Electricity,KWH,Energy,0.194,APU000072610
2026-05-01,2026,5,Electricity,KWH,Energy,0.196,APU000072610
2026-06-01,2026,6,Electricity,KWH,Energy,0.198,APU000072610
2026-07-01,2026,7,Electricity,KWH,Energy,0.197,APU000072610
2015-01-01,2015,1,"Flour, white, all purpose",lb. (453.6 gm),Bakery and grains,0.545,APU0000701111
2015-02-01,2015,2,"Flour, white, all purpose",lb. (453.6 gm),Bakery and grains,0.525,APU0000701111
2015-03-01,2015,3,"Flour, white, all purpose",lb. (453.6 gm),Bakery and grains,0.518,APU0000701111
2015-04-01,2015,4,"Flour, white, all purpose",lb. (453.6 gm),Bakery and grains,0.509,APU0000701111
2015-05-01,2015,5,"Flour, white, all purpose",lb. (453.6 gm),Bakery and grains,0.52,APU0000701111
2015-06-01,2015,6,"Flour, white, all purpose",lb. (453.6 gm),Bakery and grains,0.519,APU0000701111
2015-07-01,2015,7,"Flour, white, all purpose",lb. (453.6 gm),Bakery and grains,0.515,APU0000701111
2015-08-01,2015,8,"Flour, white, all purpose",lb. (453.6 gm),Bakery and grains,0.524,APU0000701111
2015-09-01,2015,9,"Flour, white, all purpose",lb. (453.6 gm),Bakery and grains,0.517,APU0000701111
2015-10-01,2015,10,"Flour, white, all purpose",lb. (453.6 gm),Bakery and grains,0.511,APU0000701111
2015-11-01,2015,11,"Flour, white, all purpose",lb. (453.6 gm),Bakery and grains,0.496,APU0000701111
2015-12-01,2015,12,"Flour, white, all purpose",lb. (453.6 gm),Bakery and grains,0.501,APU0000701111
2016-01-01,2016,1,"Flour, white, all purpose",lb. (453.6 gm),Bakery and grains,0.522,APU0000701111
2016-02-01,2016,2,"Flour, white, all purpose",lb. (453.6 gm),Bakery and grains,0.522,APU0000701111
2016-03-01,2016,3,"Flour, white, all purpose",lb. (453.6 gm),Bakery and grains,0.512,APU0000701111
2016-04-01,2016,4,"Flour, white, all purpose",lb. (453.6 gm),Bakery and grains,0.521,APU0000701111
2016-05-01,2016,5,"Flour, white, all purpose",lb. (453.6 gm),Bakery and grains,0.525,APU0000701111
2016-06-01,2016,6,"Flour, white, all purpose",lb. (453.6 gm),Bakery and grains,0.529,APU0000701111
2016-07-01,2016,7,"Flour, white, all purpose",lb. (453.6 gm),Bakery and grains,0.543,APU0000701111
2016-08-01,2016,8,"Flour, white, all purpose",lb. (453.6 gm),Bakery and grains,0.546,APU0000701111
2016-09-01,2016,9,"Flour, white, all purpose",lb. (453.6 gm),Bakery and grains,0.547,APU0000701111
2016-10-01,2016,10,"Flour, white, all purpose",lb. (453.6 gm),Bakery and grains,0.523,APU0000701111
2016-11-01,2016,11,"Flour, white, all purpose",lb. (453.6 gm),Bakery and grains,0.507,APU0000701111
2016-12-01,2016,12,"Flour, white, all purpose",lb. (453.6 gm),Bakery and grains,0.503,APU0000701111
2017-01-01,2017,1,"Flour, white, all purpose",lb. (453.6 gm),Bakery and grains,0.53,APU0000701111
2017-02-01,2017,2,"Flour, white, all purpose",lb. (453.6 gm),Bakery and grains,0.526,APU0000701111
2017-03-01,2017,3,"Flour, white, all purpose",lb. (453.6 gm),Bakery and grains,0.531,APU0000701111
2017-04-01,2017,4,"Flour, white, all purpose",lb. (453.6 gm),Bakery and grains,0.516,APU0000701111
2017-05-01,2017,5,"Flour, white, all purpose",lb. (453.6 gm),Bakery and grains,0.517,APU0000701111
2017-06-01,2017,6,"Flour, white, all purpose",lb. (453.6 gm),Bakery and grains,0.507,APU0000701111
2017-07-01,2017,7,"Flour, white, all purpose",lb. (453.6 gm),Bakery and grains,0.512,APU0000701111
2017-08-01,2017,8,"Flour, white, all purpose",lb. (453.6 gm),Bakery and grains,0.512,APU0000701111
2017-09-01,2017,9,"Flour, white, all purpose",lb. (453.6 gm),Bakery and grains,0.505,APU0000701111
2017-10-01,2017,10,"Flour, white, all purpose",lb. (453.6 gm),Bakery and grains,0.5,APU0000701111
2017-11-01,2017,11,"Flour, white, all purpose",lb. (453.6 gm),Bakery and grains,0.469,APU0000701111
2017-12-01,2017,12,"Flour, white, all purpose",lb. (453.6 gm),Bakery and grains,0.462,APU0000701111
2018-01-01,2018,1,"Flour, white, all purpose",lb. (453.6 gm),Bakery and grains,0.471,APU0000701111
2018-02-01,2018,2,"Flour, white, all purpose",lb. (453.6 gm),Bakery and grains,0.47,APU0000701111
2018-03-01,2018,3,"Flour, white, all purpose",lb. (453.6 gm),Bakery and grains,0.468,APU0000701111
2018-04-01,2018,4,"Flour, white, all purpose",lb. (453.6 gm),Bakery and grains,0.472,APU0000701111
2018-05-01,2018,5,"Flour, white, all purpose",lb. (453.6 gm),Bakery and grains,0.469,APU0000701111
2018-06-01,2018,6,"Flour, white, all purpose",lb. (453.6 gm),Bakery and grains,0.469,APU0000701111
2018-07-01,2018,7,"Flour, white, all purpose",lb. (453.6 gm),Bakery and grains,0.468,APU0000701111
2018-08-01,2018,8,"Flour, white, all purpose",lb. (453.6 gm),Bakery and grains,0.464,APU0000701111
2018-09-01,2018,9,"Flour, white, all purpose",lb. (453.6 gm),Bakery and grains,0.467,APU0000701111
2018-10-01,2018,10,"Flour, white, all purpose",lb. (453.6 gm),Bakery and grains,0.453,APU0000701111
2018-11-01,2018,11,"Flour, white, all purpose",lb. (453.6 gm),Bakery and grains,0.433,APU0000701111
2018-12-01,2018,12,"Flour, white, all purpose",lb. (453.6 gm),Bakery and grains,0.437,APU0000701111
2019-01-01,2019,1,"Flour, white, all purpose",lb. (453.6 gm),Bakery and grains,0.439,APU0000701111
2019-02-01,2019,2,"Flour, white, all purpose",lb. (453.6 gm),Bakery and grains,0.443,APU0000701111
2019-03-01,2019,3,"Flour, white, all purpose",lb. (453.6 gm),Bakery and grains,0.445,APU0000701111
2019-04-01,2019,4,"Flour, white, all purpose",lb. (453.6 gm),Bakery and grains,0.434,APU0000701111
2019-05-01,2019,5,"Flour, white, all purpose",lb. (453.6 gm),Bakery and grains,0.454,APU0000701111
2019-06-01,2019,6,"Flour, white, all purpose",lb. (453.6 gm),Bakery and grains,0.448,APU0000701111
2019-07-01,2019,7,"Flour, white, all purpose",lb. (453.6 gm),Bakery and grains,0.454,APU0000701111
2019-08-01,2019,8,"Flour, white, all purpose",lb. (453.6 gm),Bakery and grains,0.45,APU0000701111
2019-09-01,2019,9,"Flour, white, all purpose",lb. (453.6 gm),Bakery and grains,0.449,APU0000701111
2019-10-01,2019,10,"Flour, white, all purpose",lb. (453.6 gm),Bakery and grains,0.432,APU0000701111
2019-11-01,2019,11,"Flour, white, all purpose",lb. (453.6 gm),Bakery and grains,0.417,APU0000701111
2019-12-01,2019,12,"Flour, white, all purpose",lb. (453.6 gm),Bakery and grains,0.429,APU0000701111
2020-01-01,2020,1,"Flour, white, all purpose",lb. (453.6 gm),Bakery and grains,0.438,APU0000701111
2020-02-01,2020,2,"Flour, white, all purpose",lb. (453.6 gm),Bakery and grains,0.438,APU0000701111
2020-03-01,2020,3,"Flour, white, all purpose",lb. (453.6 gm),Bakery and grains,0.442,APU0000701111
2020-05-01,2020,5,"Flour, white, all purpose",lb. (453.6 gm),Bakery and grains,0.461,APU0000701111
2020-06-01,2020,6,"Flour, white, all purpose",lb. (453.6 gm),Bakery and grains,0.468,APU0000701111
2020-07-01,2020,7,"Flour, white, all purpose",lb. (453.6 gm),Bakery and grains,0.461,APU0000701111
2020-08-01,2020,8,"Flour, white, all purpose",lb. (453.6 gm),Bakery and grains,0.459,APU0000701111
2020-09-01,2020,9,"Flour, white, all purpose",lb. (453.6 gm),Bakery and grains,0.451,APU0000701111
2020-10-01,2020,10,"Flour, white, all purpose",lb. (453.6 gm),Bakery and grains,0.452,APU0000701111
2020-11-01,2020,11,"Flour, white, all purpose",lb. (453.6 gm),Bakery and grains,0.445,APU0000701111
2020-12-01,2020,12,"Flour, white, all purpose",lb. (453.6 gm),Bakery and grains,0.45,APU0000701111
2021-01-01,2021,1,"Flour, white, all purpose",lb. (453.6 gm),Bakery and grains,0.446,APU0000701111
2021-02-01,2021,2,"Flour, white, all purpose",lb. (453.6 gm),Bakery and grains,0.44,APU0000701111
2021-03-01,2021,3,"Flour, white, all purpose",lb. (453.6 gm),Bakery and grains,0.436,APU0000701111
2021-04-01,2021,4,"Flour, white, all purpose",lb. (453.6 gm),Bakery and grains,0.437,APU0000701111
2021-05-01,2021,5,"Flour, white, all purpose",lb. (453.6 gm),Bakery and grains,0.439,APU0000701111
2021-06-01,2021,6,"Flour, white, all purpose",lb. (453.6 gm),Bakery and grains,0.356,APU0000701111
2021-07-01,2021,7,"Flour, white, all purpose",lb. (453.6 gm),Bakery and grains,0.368,APU0000701111
2021-08-01,2021,8,"Flour, white, all purpose",lb. (453.6 gm),Bakery and grains,0.371,APU0000701111
2021-09-01,2021,9,"Flour, white, all purpose",lb. (453.6 gm),Bakery and grains,0.382,APU0000701111
2021-10-01,2021,10,"Flour, white, all purpose",lb. (453.6 gm),Bakery and grains,0.396,APU0000701111
2021-11-01,2021,11,"Flour, white, all purpose",lb. (453.6 gm),Bakery and grains,0.386,APU0000701111
2021-12-01,2021,12,"Flour, white, all purpose",lb. (453.6 gm),Bakery and grains,0.388,APU0000701111
2022-01-01,2022,1,"Flour, white, all purpose",lb. (453.6 gm),Bakery and grains,0.424,APU0000701111
2022-02-01,2022,2,"Flour, white, all purpose",lb. (453.6 gm),Bakery and grains,0.428,APU0000701111
2022-03-01,2022,3,"Flour, white, all purpose",lb. (453.6 gm),Bakery and grains,0.448,APU0000701111
2022-04-01,2022,4,"Flour, white, all purpose",lb. (453.6 gm),Bakery and grains,0.455,APU0000701111
2022-05-01,2022,5,"Flour, white, all purpose",lb. (453.6 gm),Bakery and grains,0.456,APU0000701111
2022-06-01,2022,6,"Flour, white, all purpose",lb. (453.6 gm),Bakery and grains,0.498,APU0000701111
2022-07-01,2022,7,"Flour, white, all purpose",lb. (453.6 gm),Bakery and grains,0.533,APU0000701111
2022-08-01,2022,8,"Flour, white, all purpose",lb. (453.6 gm),Bakery and grains,0.549,APU0000701111
2022-09-01,2022,9,"Flour, white, all purpose",lb. (453.6 gm),Bakery and grains,0.556,APU0000701111
2022-10-01,2022,10,"Flour, white, all purpose",lb. (453.6 gm),Bakery and grains,0.534,APU0000701111
2022-11-01,2022,11,"Flour, white, all purpose",lb. (453.6 gm),Bakery and grains,0.524,APU0000701111
2022-12-01,2022,12,"Flour, white, all purpose",lb. (453.6 gm),Bakery and grains,0.522,APU0000701111
2023-01-01,2023,1,"Flour, white, all purpose",lb. (453.6 gm),Bakery and grains,0.54,APU0000701111
2023-02-01,2023,2,"Flour, white, all purpose",lb. (453.6 gm),Bakery and grains,0.55,APU0000701111
2023-03-01,2023,3,"Flour, white, all purpose",lb. (453.6 gm),Bakery and grains,0.546,APU0000701111
2023-04-01,2023,4,"Flour, white, all purpose",lb. (453.6 gm),Bakery and grains,0.542,APU0000701111
2023-05-01,2023,5,"Flour, white, all purpose",lb. (453.6 gm),Bakery and grains,0.544,APU0000701111
2023-06-01,2023,6,"Flour, white, all purpose",lb. (453.6 gm),Bakery and grains,0.551,APU0000701111
2023-07-01,2023,7,"Flour, white, all purpose",lb. (453.6 gm),Bakery and grains,0.564,APU0000701111
2023-08-01,2023,8,"Flour, white, all purpose",lb. (453.6 gm),Bakery and grains,0.566,APU0000701111
2023-09-01,2023,9,"Flour, white, all purpose",lb. (453.6 gm),Bakery and grains,0.565,APU0000701111
2023-10-01,2023,10,"Flour, white, all purpose",lb. (453.6 gm),Bakery and grains,0.562,APU0000701111
2023-11-01,2023,11,"Flour, white, all purpose",lb. (453.6 gm),Bakery and grains,0.541,APU0000701111
2023-12-01,2023,12,"Flour, white, all purpose",lb. (453.6 gm),Bakery and grains,0.538,APU0000701111
2024-01-01,2024,1,"Flour, white, all purpose",lb. (453.6 gm),Bakery and grains,0.554,APU0000701111
2024-02-01,2024,2,"Flour, white, all purpose",lb. (453.6 gm),Bakery and grains,0.558,APU0000701111
2024-03-01,2024,3,"Flour, white, all purpose",lb. (453.6 gm),Bakery and grains,0.565,APU0000701111
2024-04-01,2024,4,"Flour, white, all purpose",lb. (453.6 gm),Bakery and grains,0.574,APU0000701111
2024-05-01,2024,5,"Flour, white, all purpose",lb. (453.6 gm),Bakery and grains,0.57,APU0000701111
2024-06-01,2024,6,"Flour, white, all purpose",lb. (453.6 gm),Bakery and grains,0.575,APU0000701111
2024-07-01,2024,7,"Flour, white, all purpose",lb. (453.6 gm),Bakery and grains,0.574,APU0000701111
2024-08-01,2024,8,"Flour, white, all purpose",lb. (453.6 gm),Bakery and grains,0.574,APU0000701111
2024-09-01,2024,9,"Flour, white, all purpose",lb. (453.6 gm),Bakery and grains,0.573,APU0000701111
2024-10-01,2024,10,"Flour, white, all purpose",lb. (453.6 gm),Bakery and grains,0.566,APU0000701111
2024-11-01,2024,11,"Flour, white, all purpose",lb. (453.6 gm),Bakery and grains,0.552,APU0000701111
2024-12-01,2024,12,"Flour, white, all purpose",lb. (453.6 gm),Bakery and grains,0.548,APU0000701111
2025-01-01,2025,1,"Flour, white, all purpose",lb. (453.6 gm),Bakery and grains,0.561,APU0000701111
2025-02-01,2025,2,"Flour, white, all purpose",lb. (453.6 gm),Bakery and grains,0.561,APU0000701111
2025-03-01,2025,3,"Flour, white, all purpose",lb. (453.6 gm),Bakery and grains,0.565,APU0000701111
2025-04-01,2025,4,"Flour, white, all purpose",lb. (453.6 gm),Bakery and grains,0.557,APU0000701111
2025-05-01,2025,5,"Flour, white, all purpose",lb. (453.6 gm),Bakery and grains,0.562,APU0000701111
2025-06-01,2025,6,"Flour, white, all purpose",lb. (453.6 gm),Bakery and grains,0.574,APU0000701111
2025-07-01,2025,7,"Flour, white, all purpose",lb. (453.6 gm),Bakery and grains,0.557,APU0000701111
2025-08-01,2025,8,"Flour, white, all purpose",lb. (453.6 gm),Bakery and grains,0.557,APU0000701111
2025-09-01,2025,9,"Flour, white, all purpose",lb. (453.6 gm),Bakery and grains,0.563,APU0000701111
2025-11-01,2025,11,"Flour, white, all purpose",lb. (453.6 gm),Bakery and grains,0.552,APU0000701111
2025-12-01,2025,12,"Flour, white, all purpose",lb. (453.6 gm),Bakery and grains,0.554,APU0000701111
2026-01-01,2026,1,"Flour, white, all purpose",lb. (453.6 gm),Bakery and grains,0.565,APU0000701111
2026-02-01,2026,2,"Flour, white, all purpose",lb. (453.6 gm),Bakery and grains,0.549,APU0000701111
2026-03-01,2026,3,"Flour, white, all purpose",lb. (453.6 gm),Bakery and grains,0.549,APU0000701111
2026-04-01,2026,4,"Flour, white, all purpose",lb. (453.6 gm),Bakery and grains,0.543,APU0000701111
2026-05-01,2026,5,"Flour, white, all purpose",lb. (453.6 gm),Bakery and grains,0.544,APU0000701111
2026-06-01,2026,6,"Flour, white, all purpose",lb. (453.6 gm),Bakery and grains,0.544,APU0000701111
2026-07-01,2026,7,"Flour, white, all purpose",lb. (453.6 gm),Bakery and grains,0.543,APU0000701111
2015-10-01,2015,10,"Frankfurters, all meat or all beef",lb. (453.6 gm),Pork and deli,3.515,APU0000705111
2015-11-01,2015,11,"Frankfurters, all meat or all beef",lb. (453.6 gm),Pork and deli,3.59,APU0000705111
2015-12-01,2015,12,"Frankfurters, all meat or all beef",lb. (453.6 gm),Pork and deli,3.605,APU0000705111
2016-01-01,2016,1,"Frankfurters, all meat or all beef",lb. (453.6 gm),Pork and deli,3.473,APU0000705111
2016-02-01,2016,2,"Frankfurters, all meat or all beef",lb. (453.6 gm),Pork and deli,3.579,APU0000705111
2016-03-01,2016,3,"Frankfurters, all meat or all beef",lb. (453.6 gm),Pork and deli,3.621,APU0000705111
2016-04-01,2016,4,"Frankfurters, all meat or all beef",lb. (453.6 gm),Pork and deli,3.441,APU0000705111
2016-05-01,2016,5,"Frankfurters, all meat or all beef",lb. (453.6 gm),Pork and deli,3.195,APU0000705111
2016-06-01,2016,6,"Frankfurters, all meat or all beef",lb. (453.6 gm),Pork and deli,3.083,APU0000705111
2016-07-01,2016,7,"Frankfurters, all meat or all beef",lb. (453.6 gm),Pork and deli,2.913,APU0000705111
2016-08-01,2016,8,"Frankfurters, all meat or all beef",lb. (453.6 gm),Pork and deli,3.122,APU0000705111
2016-09-01,2016,9,"Frankfurters, all meat or all beef",lb. (453.6 gm),Pork and deli,3.341,APU0000705111
2016-10-01,2016,10,"Frankfurters, all meat or all beef",lb. (453.6 gm),Pork and deli,3.115,APU0000705111
2016-11-01,2016,11,"Frankfurters, all meat or all beef",lb. (453.6 gm),Pork and deli,2.949,APU0000705111
2016-12-01,2016,12,"Frankfurters, all meat or all beef",lb. (453.6 gm),Pork and deli,3.048,APU0000705111
2017-01-01,2017,1,"Frankfurters, all meat or all beef",lb. (453.6 gm),Pork and deli,3.036,APU0000705111
2017-02-01,2017,2,"Frankfurters, all meat or all beef",lb. (453.6 gm),Pork and deli,2.958,APU0000705111
2017-03-01,2017,3,"Frankfurters, all meat or all beef",lb. (453.6 gm),Pork and deli,3.081,APU0000705111
2017-04-01,2017,4,"Frankfurters, all meat or all beef",lb. (453.6 gm),Pork and deli,2.963,APU0000705111
2017-05-01,2017,5,"Frankfurters, all meat or all beef",lb. (453.6 gm),Pork and deli,2.651,APU0000705111
2017-06-01,2017,6,"Frankfurters, all meat or all beef",lb. (453.6 gm),Pork and deli,2.602,APU0000705111
2017-07-01,2017,7,"Frankfurters, all meat or all beef",lb. (453.6 gm),Pork and deli,2.689,APU0000705111
2017-08-01,2017,8,"Frankfurters, all meat or all beef",lb. (453.6 gm),Pork and deli,2.708,APU0000705111
2017-09-01,2017,9,"Frankfurters, all meat or all beef",lb. (453.6 gm),Pork and deli,2.824,APU0000705111
2017-10-01,2017,10,"Frankfurters, all meat or all beef",lb. (453.6 gm),Pork and deli,2.978,APU0000705111
2017-11-01,2017,11,"Frankfurters, all meat or all beef",lb. (453.6 gm),Pork and deli,2.801,APU0000705111
2017-12-01,2017,12,"Frankfurters, all meat or all beef",lb. (453.6 gm),Pork and deli,2.925,APU0000705111
2018-01-01,2018,1,"Frankfurters, all meat or all beef",lb. (453.6 gm),Pork and deli,2.837,APU0000705111
2018-02-01,2018,2,"Frankfurters, all meat or all beef",lb. (453.6 gm),Pork and deli,2.887,APU0000705111
2018-03-01,2018,3,"Frankfurters, all meat or all beef",lb. (453.6 gm),Pork and deli,2.95,APU0000705111
2018-04-01,2018,4,"Frankfurters, all meat or all beef",lb. (453.6 gm),Pork and deli,3.024,APU0000705111
2018-05-01,2018,5,"Frankfurters, all meat or all beef",lb. (453.6 gm),Pork and deli,2.746,APU0000705111
2018-06-01,2018,6,"Frankfurters, all meat or all beef",lb. (453.6 gm),Pork and deli,2.772,APU0000705111
2018-07-01,2018,7,"Frankfurters, all meat or all beef",lb. (453.6 gm),Pork and deli,2.899,APU0000705111
2018-08-01,2018,8,"Frankfurters, all meat or all beef",lb. (453.6 gm),Pork and deli,2.832,APU0000705111
2018-09-01,2018,9,"Frankfurters, all meat or all beef",lb. (453.6 gm),Pork and deli,2.826,APU0000705111
2018-10-01,2018,10,"Frankfurters, all meat or all beef",lb. (453.6 gm),Pork and deli,3.049,APU0000705111
2018-11-01,2018,11,"Frankfurters, all meat or all beef",lb. (453.6 gm),Pork and deli,3.043,APU0000705111
2018-12-01,2018,12,"Frankfurters, all meat or all beef",lb. (453.6 gm),Pork and deli,3.116,APU0000705111
2019-01-01,2019,1,"Frankfurters, all meat or all beef",lb. (453.6 gm),Pork and deli,3.049,APU0000705111
2019-02-01,2019,2,"Frankfurters, all meat or all beef",lb. (453.6 gm),Pork and deli,3.175,APU0000705111
2019-03-01,2019,3,"Frankfurters, all meat or all beef",lb. (453.6 gm),Pork and deli,3.219,APU0000705111
2019-04-01,2019,4,"Frankfurters, all meat or all beef",lb. (453.6 gm),Pork and deli,3.163,APU0000705111
2019-05-01,2019,5,"Frankfurters, all meat or all beef",lb. (453.6 gm),Pork and deli,3.031,APU0000705111
2019-06-01,2019,6,"Frankfurters, all meat or all beef",lb. (453.6 gm),Pork and deli,2.866,APU0000705111
2019-07-01,2019,7,"Frankfurters, all meat or all beef",lb. (453.6 gm),Pork and deli,2.91,APU0000705111
2019-08-01,2019,8,"Frankfurters, all meat or all beef",lb. (453.6 gm),Pork and deli,2.971,APU0000705111
2019-09-01,2019,9,"Frankfurters, all meat or all beef",lb. (453.6 gm),Pork and deli,2.91,APU0000705111
2019-10-01,2019,10,"Frankfurters, all meat or all beef",lb. (453.6 gm),Pork and deli,3.09,APU0000705111
2019-11-01,2019,11,"Frankfurters, all meat or all beef",lb. (453.6 gm),Pork and deli,3.408,APU0000705111
2019-12-01,2019,12,"Frankfurters, all meat or all beef",lb. (453.6 gm),Pork and deli,3.401,APU0000705111
2020-01-01,2020,1,"Frankfurters, all meat or all beef",lb. (453.6 gm),Pork and deli,3.405,APU0000705111
2020-02-01,2020,2,"Frankfurters, all meat or all beef",lb. (453.6 gm),Pork and deli,3.352,APU0000705111
2020-03-01,2020,3,"Frankfurters, all meat or all beef",lb. (453.6 gm),Pork and deli,3.347,APU0000705111
2020-04-01,2020,4,"Frankfurters, all meat or all beef",lb. (453.6 gm),Pork and deli,3.52,APU0000705111
2020-05-01,2020,5,"Frankfurters, all meat or all beef",lb. (453.6 gm),Pork and deli,3.473,APU0000705111
2020-06-01,2020,6,"Frankfurters, all meat or all beef",lb. (453.6 gm),Pork and deli,3.663,APU0000705111
2020-07-01,2020,7,"Frankfurters, all meat or all beef",lb. (453.6 gm),Pork and deli,3.632,APU0000705111
2020-08-01,2020,8,"Frankfurters, all meat or all beef",lb. (453.6 gm),Pork and deli,3.603,APU0000705111
2020-09-01,2020,9,"Frankfurters, all meat or all beef",lb. (453.6 gm),Pork and deli,3.416,APU0000705111
2020-10-01,2020,10,"Frankfurters, all meat or all beef",lb. (453.6 gm),Pork and deli,3.558,APU0000705111
2020-11-01,2020,11,"Frankfurters, all meat or all beef",lb. (453.6 gm),Pork and deli,3.692,APU0000705111
2020-12-01,2020,12,"Frankfurters, all meat or all beef",lb. (453.6 gm),Pork and deli,3.787,APU0000705111
2021-01-01,2021,1,"Frankfurters, all meat or all beef",lb. (453.6 gm),Pork and deli,3.669,APU0000705111
2021-02-01,2021,2,"Frankfurters, all meat or all beef",lb. (453.6 gm),Pork and deli,3.766,APU0000705111
2021-03-01,2021,3,"Frankfurters, all meat or all beef",lb. (453.6 gm),Pork and deli,3.83,APU0000705111
2021-04-01,2021,4,"Frankfurters, all meat or all beef",lb. (453.6 gm),Pork and deli,3.808,APU0000705111
2021-05-01,2021,5,"Frankfurters, all meat or all beef",lb. (453.6 gm),Pork and deli,3.652,APU0000705111
2021-06-01,2021,6,"Frankfurters, all meat or all beef",lb. (453.6 gm),Pork and deli,3.735,APU0000705111
2021-07-01,2021,7,"Frankfurters, all meat or all beef",lb. (453.6 gm),Pork and deli,3.929,APU0000705111
2021-08-01,2021,8,"Frankfurters, all meat or all beef",lb. (453.6 gm),Pork and deli,3.697,APU0000705111
2021-09-01,2021,9,"Frankfurters, all meat or all beef",lb. (453.6 gm),Pork and deli,4.105,APU0000705111
2021-10-01,2021,10,"Frankfurters, all meat or all beef",lb. (453.6 gm),Pork and deli,4.257,APU0000705111
2021-11-01,2021,11,"Frankfurters, all meat or all beef",lb. (453.6 gm),Pork and deli,4.854,APU0000705111
2021-12-01,2021,12,"Frankfurters, all meat or all beef",lb. (453.6 gm),Pork and deli,4.789,APU0000705111
2022-01-01,2022,1,"Frankfurters, all meat or all beef",lb. (453.6 gm),Pork and deli,4.991,APU0000705111
2022-02-01,2022,2,"Frankfurters, all meat or all beef",lb. (453.6 gm),Pork and deli,4.962,APU0000705111
2022-03-01,2022,3,"Frankfurters, all meat or all beef",lb. (453.6 gm),Pork and deli,5.181,APU0000705111
2022-04-01,2022,4,"Frankfurters, all meat or all beef",lb. (453.6 gm),Pork and deli,5.221,APU0000705111
2015-01-01,2015,1,Fuel oil #2,gallon (3.785 liters),Energy,2.811,APU000072511
2015-02-01,2015,2,Fuel oil #2,gallon (3.785 liters),Energy,2.864,APU000072511
2015-03-01,2015,3,Fuel oil #2,gallon (3.785 liters),Energy,3.019,APU000072511
2015-04-01,2015,4,Fuel oil #2,gallon (3.785 liters),Energy,2.755,APU000072511
2015-05-01,2015,5,Fuel oil #2,gallon (3.785 liters),Energy,2.788,APU000072511
2015-06-01,2015,6,Fuel oil #2,gallon (3.785 liters),Energy,2.743,APU000072511
2015-07-01,2015,7,Fuel oil #2,gallon (3.785 liters),Energy,2.651,APU000072511
2015-08-01,2015,8,Fuel oil #2,gallon (3.785 liters),Energy,2.437,APU000072511
2015-09-01,2015,9,Fuel oil #2,gallon (3.785 liters),Energy,2.376,APU000072511
2015-10-01,2015,10,Fuel oil #2,gallon (3.785 liters),Energy,2.35,APU000072511
2015-11-01,2015,11,Fuel oil #2,gallon (3.785 liters),Energy,2.302,APU000072511
2015-12-01,2015,12,Fuel oil #2,gallon (3.785 liters),Energy,2.114,APU000072511
2016-01-01,2016,1,Fuel oil #2,gallon (3.785 liters),Energy,1.97,APU000072511
2016-02-01,2016,2,Fuel oil #2,gallon (3.785 liters),Energy,1.923,APU000072511
2016-03-01,2016,3,Fuel oil #2,gallon (3.785 liters),Energy,1.947,APU000072511
2016-04-01,2016,4,Fuel oil #2,gallon (3.785 liters),Energy,1.989,APU000072511
2016-05-01,2016,5,Fuel oil #2,gallon (3.785 liters),Energy,2.097,APU000072511
2016-06-01,2016,6,Fuel oil #2,gallon (3.785 liters),Energy,2.155,APU000072511
2016-07-01,2016,7,Fuel oil #2,gallon (3.785 liters),Energy,2.13,APU000072511
2016-08-01,2016,8,Fuel oil #2,gallon (3.785 liters),Energy,2.073,APU000072511
2016-09-01,2016,9,Fuel oil #2,gallon (3.785 liters),Energy,2.122,APU000072511
2016-10-01,2016,10,Fuel oil #2,gallon (3.785 liters),Energy,2.288,APU000072511
2016-11-01,2016,11,Fuel oil #2,gallon (3.785 liters),Energy,2.256,APU000072511
2016-12-01,2016,12,Fuel oil #2,gallon (3.785 liters),Energy,2.394,APU000072511
2017-01-01,2017,1,Fuel oil #2,gallon (3.785 liters),Energy,2.482,APU000072511
2017-02-01,2017,2,Fuel oil #2,gallon (3.785 liters),Energy,2.474,APU000072511
2017-03-01,2017,3,Fuel oil #2,gallon (3.785 liters),Energy,2.449,APU000072511
2017-04-01,2017,4,Fuel oil #2,gallon (3.785 liters),Energy,2.438,APU000072511
2017-05-01,2017,5,Fuel oil #2,gallon (3.785 liters),Energy,2.378,APU000072511
2017-06-01,2017,6,Fuel oil #2,gallon (3.785 liters),Energy,2.284,APU000072511
2017-07-01,2017,7,Fuel oil #2,gallon (3.785 liters),Energy,2.215,APU000072511
2017-08-01,2017,8,Fuel oil #2,gallon (3.785 liters),Energy,2.292,APU000072511
2017-09-01,2017,9,Fuel oil #2,gallon (3.785 liters),Energy,2.481,APU000072511
2017-10-01,2017,10,Fuel oil #2,gallon (3.785 liters),Energy,2.52,APU000072511
2017-11-01,2017,11,Fuel oil #2,gallon (3.785 liters),Energy,2.633,APU000072511
2017-12-01,2017,12,Fuel oil #2,gallon (3.785 liters),Energy,2.703,APU000072511
2018-01-01,2018,1,Fuel oil #2,gallon (3.785 liters),Energy,2.902,APU000072511
2018-02-01,2018,2,Fuel oil #2,gallon (3.785 liters),Energy,2.856,APU000072511
2018-03-01,2018,3,Fuel oil #2,gallon (3.785 liters),Energy,2.827,APU000072511
2018-04-01,2018,4,Fuel oil #2,gallon (3.785 liters),Energy,2.875,APU000072511
2018-05-01,2018,5,Fuel oil #2,gallon (3.785 liters),Energy,3.132,APU000072511
2018-06-01,2018,6,Fuel oil #2,gallon (3.785 liters),Energy,3.132,APU000072511
2018-07-01,2018,7,Fuel oil #2,gallon (3.785 liters),Energy,3.22,APU000072511
2018-08-01,2018,8,Fuel oil #2,gallon (3.785 liters),Energy,3.229,APU000072511
2018-09-01,2018,9,Fuel oil #2,gallon (3.785 liters),Energy,3.279,APU000072511
2018-10-01,2018,10,Fuel oil #2,gallon (3.785 liters),Energy,3.381,APU000072511
2018-11-01,2018,11,Fuel oil #2,gallon (3.785 liters),Energy,3.286,APU000072511
2018-12-01,2018,12,Fuel oil #2,gallon (3.785 liters),Energy,2.951,APU000072511
2019-01-01,2019,1,Fuel oil #2,gallon (3.785 liters),Energy,2.934,APU000072511
2019-02-01,2019,2,Fuel oil #2,gallon (3.785 liters),Energy,3.03,APU000072511
2019-03-01,2019,3,Fuel oil #2,gallon (3.785 liters),Energy,3.05,APU000072511
2019-04-01,2019,4,Fuel oil #2,gallon (3.785 liters),Energy,3.103,APU000072511
2019-05-01,2019,5,Fuel oil #2,gallon (3.785 liters),Energy,3.03,APU000072511
2019-06-01,2019,6,Fuel oil #2,gallon (3.785 liters),Energy,2.946,APU000072511
2019-07-01,2019,7,Fuel oil #2,gallon (3.785 liters),Energy,2.932,APU000072511
2019-08-01,2019,8,Fuel oil #2,gallon (3.785 liters),Energy,2.87,APU000072511
2019-09-01,2019,9,Fuel oil #2,gallon (3.785 liters),Energy,2.894,APU000072511
2019-10-01,2019,10,Fuel oil #2,gallon (3.785 liters),Energy,3.008,APU000072511
2019-11-01,2019,11,Fuel oil #2,gallon (3.785 liters),Energy,2.984,APU000072511
2019-12-01,2019,12,Fuel oil #2,gallon (3.785 liters),Energy,3.035,APU000072511
2020-01-01,2020,1,Fuel oil #2,gallon (3.785 liters),Energy,3.052,APU000072511
2020-02-01,2020,2,Fuel oil #2,gallon (3.785 liters),Energy,2.812,APU000072511
2020-03-01,2020,3,Fuel oil #2,gallon (3.785 liters),Energy,2.405,APU000072511
2020-04-01,2020,4,Fuel oil #2,gallon (3.785 liters),Energy,2.044,APU000072511
2020-05-01,2020,5,Fuel oil #2,gallon (3.785 liters),Energy,1.905,APU000072511
2020-06-01,2020,6,Fuel oil #2,gallon (3.785 liters),Energy,2.057,APU000072511
2020-07-01,2020,7,Fuel oil #2,gallon (3.785 liters),Energy,2.134,APU000072511
2020-08-01,2020,8,Fuel oil #2,gallon (3.785 liters),Energy,2.161,APU000072511
2020-09-01,2020,9,Fuel oil #2,gallon (3.785 liters),Energy,2.123,APU000072511
2020-10-01,2020,10,Fuel oil #2,gallon (3.785 liters),Energy,2.139,APU000072511
2020-11-01,2020,11,Fuel oil #2,gallon (3.785 liters),Energy,2.208,APU000072511
2020-12-01,2020,12,Fuel oil #2,gallon (3.785 liters),Energy,2.419,APU000072511
2021-01-01,2021,1,Fuel oil #2,gallon (3.785 liters),Energy,2.549,APU000072511
2021-02-01,2021,2,Fuel oil #2,gallon (3.785 liters),Energy,2.79,APU000072511
2021-03-01,2021,3,Fuel oil #2,gallon (3.785 liters),Energy,2.873,APU000072511
2021-04-01,2021,4,Fuel oil #2,gallon (3.785 liters),Energy,2.785,APU000072511
2021-05-01,2021,5,Fuel oil #2,gallon (3.785 liters),Energy,2.825,APU000072511
2021-06-01,2021,6,Fuel oil #2,gallon (3.785 liters),Energy,2.952,APU000072511
2021-07-01,2021,7,Fuel oil #2,gallon (3.785 liters),Energy,2.98,APU000072511
2021-08-01,2021,8,Fuel oil #2,gallon (3.785 liters),Energy,2.932,APU000072511
2021-09-01,2021,9,Fuel oil #2,gallon (3.785 liters),Energy,2.999,APU000072511
2021-10-01,2021,10,Fuel oil #2,gallon (3.785 liters),Energy,3.422,APU000072511
2021-11-01,2021,11,Fuel oil #2,gallon (3.785 liters),Energy,3.512,APU000072511
2021-12-01,2021,12,Fuel oil #2,gallon (3.785 liters),Energy,3.443,APU000072511
2022-01-01,2022,1,Fuel oil #2,gallon (3.785 liters),Energy,3.776,APU000072511
2022-02-01,2022,2,Fuel oil #2,gallon (3.785 liters),Energy,4.058,APU000072511
2022-03-01,2022,3,Fuel oil #2,gallon (3.785 liters),Energy,4.928,APU000072511
2022-04-01,2022,4,Fuel oil #2,gallon (3.785 liters),Energy,5.143,APU000072511
2022-05-01,2022,5,Fuel oil #2,gallon (3.785 liters),Energy,5.973,APU000072511
2022-06-01,2022,6,Fuel oil #2,gallon (3.785 liters),Energy,5.863,APU000072511
2022-07-01,2022,7,Fuel oil #2,gallon (3.785 liters),Energy,5.256,APU000072511
2022-08-01,2022,8,Fuel oil #2,gallon (3.785 liters),Energy,4.953,APU000072511
2022-09-01,2022,9,Fuel oil #2,gallon (3.785 liters),Energy,4.815,APU000072511
2022-10-01,2022,10,Fuel oil #2,gallon (3.785 liters),Energy,5.786,APU000072511
2022-11-01,2022,11,Fuel oil #2,gallon (3.785 liters),Energy,5.24,APU000072511
2022-12-01,2022,12,Fuel oil #2,gallon (3.785 liters),Energy,4.344,APU000072511
2023-01-01,2023,1,Fuel oil #2,gallon (3.785 liters),Energy,4.313,APU000072511
2023-02-01,2023,2,Fuel oil #2,gallon (3.785 liters),Energy,3.988,APU000072511
2023-03-01,2023,3,Fuel oil #2,gallon (3.785 liters),Energy,3.866,APU000072511
2023-04-01,2023,4,Fuel oil #2,gallon (3.785 liters),Energy,3.709,APU000072511
2023-05-01,2023,5,Fuel oil #2,gallon (3.785 liters),Energy,3.423,APU000072511
2023-06-01,2023,6,Fuel oil #2,gallon (3.785 liters),Energy,3.395,APU000072511
2023-07-01,2023,7,Fuel oil #2,gallon (3.785 liters),Energy,3.472,APU000072511
2023-08-01,2023,8,Fuel oil #2,gallon (3.785 liters),Energy,3.819,APU000072511
2023-09-01,2023,9,Fuel oil #2,gallon (3.785 liters),Energy,4.151,APU000072511
2023-10-01,2023,10,Fuel oil #2,gallon (3.785 liters),Energy,4.089,APU000072511
2023-11-01,2023,11,Fuel oil #2,gallon (3.785 liters),Energy,4.011,APU000072511
2023-12-01,2023,12,Fuel oil #2,gallon (3.785 liters),Energy,3.821,APU000072511
2024-01-01,2024,1,Fuel oil #2,gallon (3.785 liters),Energy,3.766,APU000072511
2024-02-01,2024,2,Fuel oil #2,gallon (3.785 liters),Energy,3.828,APU000072511
2024-03-01,2024,3,Fuel oil #2,gallon (3.785 liters),Energy,3.774,APU000072511
2024-04-01,2024,4,Fuel oil #2,gallon (3.785 liters),Energy,3.706,APU000072511
2024-05-01,2024,5,Fuel oil #2,gallon (3.785 liters),Energy,3.694,APU000072511
2024-06-01,2024,6,Fuel oil #2,gallon (3.785 liters),Energy,3.576,APU000072511
2024-07-01,2024,7,Fuel oil #2,gallon (3.785 liters),Energy,3.683,APU000072511
2024-08-01,2024,8,Fuel oil #2,gallon (3.785 liters),Energy,3.545,APU000072511
2024-09-01,2024,9,Fuel oil #2,gallon (3.785 liters),Energy,3.394,APU000072511
2024-10-01,2024,10,Fuel oil #2,gallon (3.785 liters),Energy,3.427,APU000072511
2024-11-01,2024,11,Fuel oil #2,gallon (3.785 liters),Energy,3.41,APU000072511
2024-12-01,2024,12,Fuel oil #2,gallon (3.785 liters),Energy,3.458,APU000072511
2025-01-01,2025,1,Fuel oil #2,gallon (3.785 liters),Energy,3.793,APU000072511
2025-02-01,2025,2,Fuel oil #2,gallon (3.785 liters),Energy,3.827,APU000072511
2025-03-01,2025,3,Fuel oil #2,gallon (3.785 liters),Energy,3.625,APU000072511
2025-04-01,2025,4,Fuel oil #2,gallon (3.785 liters),Energy,3.506,APU000072511
2025-05-01,2025,5,Fuel oil #2,gallon (3.785 liters),Energy,3.433,APU000072511
2025-06-01,2025,6,Fuel oil #2,gallon (3.785 liters),Energy,3.463,APU000072511
2025-07-01,2025,7,Fuel oil #2,gallon (3.785 liters),Energy,3.627,APU000072511
2025-08-01,2025,8,Fuel oil #2,gallon (3.785 liters),Energy,3.58,APU000072511
2025-09-01,2025,9,Fuel oil #2,gallon (3.785 liters),Energy,3.592,APU000072511
2025-11-01,2025,11,Fuel oil #2,gallon (3.785 liters),Energy,3.727,APU000072511
2025-12-01,2025,12,Fuel oil #2,gallon (3.785 liters),Energy,3.66,APU000072511
2026-01-01,2026,1,Fuel oil #2,gallon (3.785 liters),Energy,3.579,APU000072511
2026-02-01,2026,2,Fuel oil #2,gallon (3.785 liters),Energy,3.99,APU000072511
2026-03-01,2026,3,Fuel oil #2,gallon (3.785 liters),Energy,5.045,APU000072511
2026-04-01,2026,4,Fuel oil #2,gallon (3.785 liters),Energy,5.291,APU000072511
2026-05-01,2026,5,Fuel oil #2,gallon (3.785 liters),Energy,5.293,APU000072511
2026-06-01,2026,6,Fuel oil #2,gallon (3.785 liters),Energy,4.713,APU000072511
2026-07-01,2026,7,Fuel oil #2,gallon (3.785 liters),Energy,4.799,APU000072511
2015-01-01,2015,1,"Gasoline, all types",gallon/3.785 liters,Energy,2.17,APU00007471A
2015-02-01,2015,2,"Gasoline, all types",gallon/3.785 liters,Energy,2.308,APU00007471A
2015-03-01,2015,3,"Gasoline, all types",gallon/3.785 liters,Energy,2.544,APU00007471A
2015-04-01,2015,4,"Gasoline, all types",gallon/3.785 liters,Energy,2.545,APU00007471A
2015-05-01,2015,5,"Gasoline, all types",gallon/3.785 liters,Energy,2.832,APU00007471A
2015-06-01,2015,6,"Gasoline, all types",gallon/3.785 liters,Energy,2.889,APU00007471A
2015-07-01,2015,7,"Gasoline, all types",gallon/3.785 liters,Energy,2.893,APU00007471A
2015-08-01,2015,8,"Gasoline, all types",gallon/3.785 liters,Energy,2.745,APU00007471A
2015-09-01,2015,9,"Gasoline, all types",gallon/3.785 liters,Energy,2.463,APU00007471A
2015-10-01,2015,10,"Gasoline, all types",gallon/3.785 liters,Energy,2.357,APU00007471A
2015-11-01,2015,11,"Gasoline, all types",gallon/3.785 liters,Energy,2.249,APU00007471A
2015-12-01,2015,12,"Gasoline, all types",gallon/3.785 liters,Energy,2.125,APU00007471A
2016-01-01,2016,1,"Gasoline, all types",gallon/3.785 liters,Energy,2.034,APU00007471A
2016-02-01,2016,2,"Gasoline, all types",gallon/3.785 liters,Energy,1.833,APU00007471A
2016-03-01,2016,3,"Gasoline, all types",gallon/3.785 liters,Energy,2.021,APU00007471A
2016-04-01,2016,4,"Gasoline, all types",gallon/3.785 liters,Energy,2.196,APU00007471A
2016-05-01,2016,5,"Gasoline, all types",gallon/3.785 liters,Energy,2.324,APU00007471A
2016-06-01,2016,6,"Gasoline, all types",gallon/3.785 liters,Energy,2.422,APU00007471A
2016-07-01,2016,7,"Gasoline, all types",gallon/3.785 liters,Energy,2.287,APU00007471A
2016-08-01,2016,8,"Gasoline, all types",gallon/3.785 liters,Energy,2.218,APU00007471A
2016-09-01,2016,9,"Gasoline, all types",gallon/3.785 liters,Energy,2.269,APU00007471A
2016-10-01,2016,10,"Gasoline, all types",gallon/3.785 liters,Energy,2.304,APU00007471A
2016-11-01,2016,11,"Gasoline, all types",gallon/3.785 liters,Energy,2.246,APU00007471A
2016-12-01,2016,12,"Gasoline, all types",gallon/3.785 liters,Energy,2.289,APU00007471A
2017-01-01,2017,1,"Gasoline, all types",gallon/3.785 liters,Energy,2.409,APU00007471A
2017-02-01,2017,2,"Gasoline, all types",gallon/3.785 liters,Energy,2.36,APU00007471A
2017-03-01,2017,3,"Gasoline, all types",gallon/3.785 liters,Energy,2.386,APU00007471A
2017-04-01,2017,4,"Gasoline, all types",gallon/3.785 liters,Energy,2.479,APU00007471A
2017-05-01,2017,5,"Gasoline, all types",gallon/3.785 liters,Energy,2.448,APU00007471A
2017-06-01,2017,6,"Gasoline, all types",gallon/3.785 liters,Energy,2.4,APU00007471A
2017-07-01,2017,7,"Gasoline, all types",gallon/3.785 liters,Energy,2.344,APU00007471A
2017-08-01,2017,8,"Gasoline, all types",gallon/3.785 liters,Energy,2.436,APU00007471A
2017-09-01,2017,9,"Gasoline, all types",gallon/3.785 liters,Energy,2.688,APU00007471A
2017-10-01,2017,10,"Gasoline, all types",gallon/3.785 liters,Energy,2.545,APU00007471A
2017-11-01,2017,11,"Gasoline, all types",gallon/3.785 liters,Energy,2.608,APU00007471A
2017-12-01,2017,12,"Gasoline, all types",gallon/3.785 liters,Energy,2.521,APU00007471A
2018-01-01,2018,1,"Gasoline, all types",gallon/3.785 liters,Energy,2.596,APU00007471A
2018-02-01,2018,2,"Gasoline, all types",gallon/3.785 liters,Energy,2.632,APU00007471A
2018-03-01,2018,3,"Gasoline, all types",gallon/3.785 liters,Energy,2.631,APU00007471A
2018-04-01,2018,4,"Gasoline, all types",gallon/3.785 liters,Energy,2.795,APU00007471A
2018-05-01,2018,5,"Gasoline, all types",gallon/3.785 liters,Energy,2.963,APU00007471A
2018-06-01,2018,6,"Gasoline, all types",gallon/3.785 liters,Energy,2.97,APU00007471A
2018-07-01,2018,7,"Gasoline, all types",gallon/3.785 liters,Energy,2.93,APU00007471A
2018-08-01,2018,8,"Gasoline, all types",gallon/3.785 liters,Energy,2.919,APU00007471A
2018-09-01,2018,9,"Gasoline, all types",gallon/3.785 liters,Energy,2.93,APU00007471A
2018-10-01,2018,10,"Gasoline, all types",gallon/3.785 liters,Energy,2.945,APU00007471A
2018-11-01,2018,11,"Gasoline, all types",gallon/3.785 liters,Energy,2.733,APU00007471A
2018-12-01,2018,12,"Gasoline, all types",gallon/3.785 liters,Energy,2.479,APU00007471A
2019-01-01,2019,1,"Gasoline, all types",gallon/3.785 liters,Energy,2.352,APU00007471A
2019-02-01,2019,2,"Gasoline, all types",gallon/3.785 liters,Energy,2.412,APU00007471A
2019-03-01,2019,3,"Gasoline, all types",gallon/3.785 liters,Energy,2.62,APU00007471A
2019-04-01,2019,4,"Gasoline, all types",gallon/3.785 liters,Energy,2.894,APU00007471A
2019-05-01,2019,5,"Gasoline, all types",gallon/3.785 liters,Energy,2.963,APU00007471A
2019-06-01,2019,6,"Gasoline, all types",gallon/3.785 liters,Energy,2.814,APU00007471A
2019-07-01,2019,7,"Gasoline, all types",gallon/3.785 liters,Energy,2.836,APU00007471A
2019-08-01,2019,8,"Gasoline, all types",gallon/3.785 liters,Energy,2.716,APU00007471A
2019-09-01,2019,9,"Gasoline, all types",gallon/3.785 liters,Energy,2.694,APU00007471A
2019-10-01,2019,10,"Gasoline, all types",gallon/3.785 liters,Energy,2.741,APU00007471A
2019-11-01,2019,11,"Gasoline, all types",gallon/3.785 liters,Energy,2.687,APU00007471A
2019-12-01,2019,12,"Gasoline, all types",gallon/3.785 liters,Energy,2.652,APU00007471A
2020-01-01,2020,1,"Gasoline, all types",gallon/3.785 liters,Energy,2.631,APU00007471A
2020-02-01,2020,2,"Gasoline, all types",gallon/3.785 liters,Energy,2.53,APU00007471A
2020-03-01,2020,3,"Gasoline, all types",gallon/3.785 liters,Energy,2.334,APU00007471A
2020-04-01,2020,4,"Gasoline, all types",gallon/3.785 liters,Energy,1.946,APU00007471A
2020-05-01,2020,5,"Gasoline, all types",gallon/3.785 liters,Energy,1.946,APU00007471A
2020-06-01,2020,6,"Gasoline, all types",gallon/3.785 liters,Energy,2.141,APU00007471A
2020-07-01,2020,7,"Gasoline, all types",gallon/3.785 liters,Energy,2.243,APU00007471A
2020-08-01,2020,8,"Gasoline, all types",gallon/3.785 liters,Energy,2.245,APU00007471A
2020-09-01,2020,9,"Gasoline, all types",gallon/3.785 liters,Energy,2.26,APU00007471A
2020-10-01,2020,10,"Gasoline, all types",gallon/3.785 liters,Energy,2.228,APU00007471A
2020-11-01,2020,11,"Gasoline, all types",gallon/3.785 liters,Energy,2.159,APU00007471A
2020-12-01,2020,12,"Gasoline, all types",gallon/3.785 liters,Energy,2.235,APU00007471A
2021-01-01,2021,1,"Gasoline, all types",gallon/3.785 liters,Energy,2.391,APU00007471A
2021-02-01,2021,2,"Gasoline, all types",gallon/3.785 liters,Energy,2.559,APU00007471A
2021-03-01,2021,3,"Gasoline, all types",gallon/3.785 liters,Energy,2.856,APU00007471A
2021-04-01,2021,4,"Gasoline, all types",gallon/3.785 liters,Energy,2.907,APU00007471A
2021-05-01,2021,5,"Gasoline, all types",gallon/3.785 liters,Energy,3.041,APU00007471A
2021-06-01,2021,6,"Gasoline, all types",gallon/3.785 liters,Energy,3.245,APU00007471A
2021-07-01,2021,7,"Gasoline, all types",gallon/3.785 liters,Energy,3.326,APU00007471A
2021-08-01,2021,8,"Gasoline, all types",gallon/3.785 liters,Energy,3.351,APU00007471A
2021-09-01,2021,9,"Gasoline, all types",gallon/3.785 liters,Energy,3.361,APU00007471A
2021-10-01,2021,10,"Gasoline, all types",gallon/3.785 liters,Energy,3.477,APU00007471A
2021-11-01,2021,11,"Gasoline, all types",gallon/3.785 liters,Energy,3.576,APU00007471A
2021-12-01,2021,12,"Gasoline, all types",gallon/3.785 liters,Energy,3.505,APU00007471A
2022-01-01,2022,1,"Gasoline, all types",gallon/3.785 liters,Energy,3.5,APU00007471A
2022-02-01,2022,2,"Gasoline, all types",gallon/3.785 liters,Energy,3.675,APU00007471A
2022-03-01,2022,3,"Gasoline, all types",gallon/3.785 liters,Energy,4.401,APU00007471A
2022-04-01,2022,4,"Gasoline, all types",gallon/3.785 liters,Energy,4.369,APU00007471A
2022-05-01,2022,5,"Gasoline, all types",gallon/3.785 liters,Energy,4.695,APU00007471A
2022-06-01,2022,6,"Gasoline, all types",gallon/3.785 liters,Energy,5.149,APU00007471A
2022-07-01,2022,7,"Gasoline, all types",gallon/3.785 liters,Energy,4.768,APU00007471A
2022-08-01,2022,8,"Gasoline, all types",gallon/3.785 liters,Energy,4.205,APU00007471A
2022-09-01,2022,9,"Gasoline, all types",gallon/3.785 liters,Energy,3.99,APU00007471A
2022-10-01,2022,10,"Gasoline, all types",gallon/3.785 liters,Energy,4.13,APU00007471A
2022-11-01,2022,11,"Gasoline, all types",gallon/3.785 liters,Energy,3.958,APU00007471A
2022-12-01,2022,12,"Gasoline, all types",gallon/3.785 liters,Energy,3.459,APU00007471A
2023-01-01,2023,1,"Gasoline, all types",gallon/3.785 liters,Energy,3.555,APU00007471A
2023-02-01,2023,2,"Gasoline, all types",gallon/3.785 liters,Energy,3.622,APU00007471A
2023-03-01,2023,3,"Gasoline, all types",gallon/3.785 liters,Energy,3.66,APU00007471A
2023-04-01,2023,4,"Gasoline, all types",gallon/3.785 liters,Energy,3.839,APU00007471A
2023-05-01,2023,5,"Gasoline, all types",gallon/3.785 liters,Energy,3.794,APU00007471A
2023-06-01,2023,6,"Gasoline, all types",gallon/3.785 liters,Energy,3.821,APU00007471A
2023-07-01,2023,7,"Gasoline, all types",gallon/3.785 liters,Energy,3.842,APU00007471A
2023-08-01,2023,8,"Gasoline, all types",gallon/3.785 liters,Energy,4.064,APU00007471A
2023-09-01,2023,9,"Gasoline, all types",gallon/3.785 liters,Energy,4.107,APU00007471A
2023-10-01,2023,10,"Gasoline, all types",gallon/3.785 liters,Energy,3.91,APU00007471A
2023-11-01,2023,11,"Gasoline, all types",gallon/3.785 liters,Energy,3.623,APU00007471A
2023-12-01,2023,12,"Gasoline, all types",gallon/3.785 liters,Energy,3.411,APU00007471A
2024-01-01,2024,1,"Gasoline, all types",gallon/3.785 liters,Energy,3.353,APU00007471A
2024-02-01,2024,2,"Gasoline, all types",gallon/3.785 liters,Energy,3.486,APU00007471A
2024-03-01,2024,3,"Gasoline, all types",gallon/3.785 liters,Energy,3.707,APU00007471A
2024-04-01,2024,4,"Gasoline, all types",gallon/3.785 liters,Energy,3.907,APU00007471A
2024-05-01,2024,5,"Gasoline, all types",gallon/3.785 liters,Energy,3.885,APU00007471A
2024-06-01,2024,6,"Gasoline, all types",gallon/3.785 liters,Energy,3.729,APU00007471A
2024-07-01,2024,7,"Gasoline, all types",gallon/3.785 liters,Energy,3.747,APU00007471A
2024-08-01,2024,8,"Gasoline, all types",gallon/3.785 liters,Energy,3.648,APU00007471A
2024-09-01,2024,9,"Gasoline, all types",gallon/3.785 liters,Energy,3.478,APU00007471A
2024-10-01,2024,10,"Gasoline, all types",gallon/3.785 liters,Energy,3.412,APU00007471A
2024-11-01,2024,11,"Gasoline, all types",gallon/3.785 liters,Energy,3.315,APU00007471A
2024-12-01,2024,12,"Gasoline, all types",gallon/3.785 liters,Energy,3.277,APU00007471A
2025-01-01,2025,1,"Gasoline, all types",gallon/3.785 liters,Energy,3.342,APU00007471A
2025-02-01,2025,2,"Gasoline, all types",gallon/3.785 liters,Energy,3.396,APU00007471A
2025-03-01,2025,3,"Gasoline, all types",gallon/3.785 liters,Energy,3.368,APU00007471A
2025-04-01,2025,4,"Gasoline, all types",gallon/3.785 liters,Energy,3.465,APU00007471A
2025-05-01,2025,5,"Gasoline, all types",gallon/3.785 liters,Energy,3.443,APU00007471A
2025-06-01,2025,6,"Gasoline, all types",gallon/3.785 liters,Energy,3.442,APU00007471A
2025-07-01,2025,7,"Gasoline, all types",gallon/3.785 liters,Energy,3.422,APU00007471A
2025-08-01,2025,8,"Gasoline, all types",gallon/3.785 liters,Energy,3.433,APU00007471A
2025-09-01,2025,9,"Gasoline, all types",gallon/3.785 liters,Energy,3.481,APU00007471A
2025-11-01,2025,11,"Gasoline, all types",gallon/3.785 liters,Energy,3.373,APU00007471A
2025-12-01,2025,12,"Gasoline, all types",gallon/3.785 liters,Energy,3.195,APU00007471A
2026-01-01,2026,1,"Gasoline, all types",gallon/3.785 liters,Energy,3.104,APU00007471A
2026-02-01,2026,2,"Gasoline, all types",gallon/3.785 liters,Energy,3.211,APU00007471A
2026-03-01,2026,3,"Gasoline, all types",gallon/3.785 liters,Energy,3.988,APU00007471A
2026-04-01,2026,4,"Gasoline, all types",gallon/3.785 liters,Energy,4.409,APU00007471A
2026-05-01,2026,5,"Gasoline, all types",gallon/3.785 liters,Energy,4.793,APU00007471A
2026-06-01,2026,6,"Gasoline, all types",gallon/3.785 liters,Energy,4.346,APU00007471A
2026-07-01,2026,7,"Gasoline, all types",gallon/3.785 liters,Energy,4.242,APU00007471A
2015-01-01,2015,1,"Gasoline, unleaded midgrade",gallon/3.785 liters,Energy,2.34,APU000074715
2015-02-01,2015,2,"Gasoline, unleaded midgrade",gallon/3.785 liters,Energy,2.477,APU000074715
2015-03-01,2015,3,"Gasoline, unleaded midgrade",gallon/3.785 liters,Energy,2.72,APU000074715
2015-04-01,2015,4,"Gasoline, unleaded midgrade",gallon/3.785 liters,Energy,2.717,APU000074715
2015-05-01,2015,5,"Gasoline, unleaded midgrade",gallon/3.785 liters,Energy,2.968,APU000074715
2015-06-01,2015,6,"Gasoline, unleaded midgrade",gallon/3.785 liters,Energy,3.047,APU000074715
2015-07-01,2015,7,"Gasoline, unleaded midgrade",gallon/3.785 liters,Energy,3.058,APU000074715
2015-08-01,2015,8,"Gasoline, unleaded midgrade",gallon/3.785 liters,Energy,2.932,APU000074715
2015-09-01,2015,9,"Gasoline, unleaded midgrade",gallon/3.785 liters,Energy,2.661,APU000074715
2015-10-01,2015,10,"Gasoline, unleaded midgrade",gallon/3.785 liters,Energy,2.573,APU000074715
2015-11-01,2015,11,"Gasoline, unleaded midgrade",gallon/3.785 liters,Energy,2.453,APU000074715
2015-12-01,2015,12,"Gasoline, unleaded midgrade",gallon/3.785 liters,Energy,2.318,APU000074715
2016-01-01,2016,1,"Gasoline, unleaded midgrade",gallon/3.785 liters,Energy,2.229,APU000074715
2016-02-01,2016,2,"Gasoline, unleaded midgrade",gallon/3.785 liters,Energy,2.029,APU000074715
2016-03-01,2016,3,"Gasoline, unleaded midgrade",gallon/3.785 liters,Energy,2.232,APU000074715
2016-04-01,2016,4,"Gasoline, unleaded midgrade",gallon/3.785 liters,Energy,2.398,APU000074715
2016-05-01,2016,5,"Gasoline, unleaded midgrade",gallon/3.785 liters,Energy,2.508,APU000074715
2016-06-01,2016,6,"Gasoline, unleaded midgrade",gallon/3.785 liters,Energy,2.62,APU000074715
2016-07-01,2016,7,"Gasoline, unleaded midgrade",gallon/3.785 liters,Energy,2.48,APU000074715
2016-08-01,2016,8,"Gasoline, unleaded midgrade",gallon/3.785 liters,Energy,2.42,APU000074715
2016-09-01,2016,9,"Gasoline, unleaded midgrade",gallon/3.785 liters,Energy,2.455,APU000074715
2016-10-01,2016,10,"Gasoline, unleaded midgrade",gallon/3.785 liters,Energy,2.51,APU000074715
2016-11-01,2016,11,"Gasoline, unleaded midgrade",gallon/3.785 liters,Energy,2.43,APU000074715
2016-12-01,2016,12,"Gasoline, unleaded midgrade",gallon/3.785 liters,Energy,2.496,APU000074715
2017-01-01,2017,1,"Gasoline, unleaded midgrade",gallon/3.785 liters,Energy,2.616,APU000074715
2017-02-01,2017,2,"Gasoline, unleaded midgrade",gallon/3.785 liters,Energy,2.561,APU000074715
2017-03-01,2017,3,"Gasoline, unleaded midgrade",gallon/3.785 liters,Energy,2.595,APU000074715
2017-04-01,2017,4,"Gasoline, unleaded midgrade",gallon/3.785 liters,Energy,2.693,APU000074715
2017-05-01,2017,5,"Gasoline, unleaded midgrade",gallon/3.785 liters,Energy,2.659,APU000074715
2017-06-01,2017,6,"Gasoline, unleaded midgrade",gallon/3.785 liters,Energy,2.627,APU000074715
2017-07-01,2017,7,"Gasoline, unleaded midgrade",gallon/3.785 liters,Energy,2.58,APU000074715
2017-08-01,2017,8,"Gasoline, unleaded midgrade",gallon/3.785 liters,Energy,2.674,APU000074715
2017-09-01,2017,9,"Gasoline, unleaded midgrade",gallon/3.785 liters,Energy,2.886,APU000074715
2017-10-01,2017,10,"Gasoline, unleaded midgrade",gallon/3.785 liters,Energy,2.772,APU000074715
2017-11-01,2017,11,"Gasoline, unleaded midgrade",gallon/3.785 liters,Energy,2.869,APU000074715
2017-12-01,2017,12,"Gasoline, unleaded midgrade",gallon/3.785 liters,Energy,2.776,APU000074715
2018-01-01,2018,1,"Gasoline, unleaded midgrade",gallon/3.785 liters,Energy,2.852,APU000074715
2018-02-01,2018,2,"Gasoline, unleaded midgrade",gallon/3.785 liters,Energy,2.863,APU000074715
2018-03-01,2018,3,"Gasoline, unleaded midgrade",gallon/3.785 liters,Energy,2.874,APU000074715
2018-04-01,2018,4,"Gasoline, unleaded midgrade",gallon/3.785 liters,Energy,3.029,APU000074715
2018-05-01,2018,5,"Gasoline, unleaded midgrade",gallon/3.785 liters,Energy,3.186,APU000074715
2018-06-01,2018,6,"Gasoline, unleaded midgrade",gallon/3.785 liters,Energy,3.199,APU000074715
2018-07-01,2018,7,"Gasoline, unleaded midgrade",gallon/3.785 liters,Energy,3.166,APU000074715
2018-08-01,2018,8,"Gasoline, unleaded midgrade",gallon/3.785 liters,Energy,3.153,APU000074715
2018-09-01,2018,9,"Gasoline, unleaded midgrade",gallon/3.785 liters,Energy,3.165,APU000074715
2018-10-01,2018,10,"Gasoline, unleaded midgrade",gallon/3.785 liters,Energy,3.172,APU000074715
2018-11-01,2018,11,"Gasoline, unleaded midgrade",gallon/3.785 liters,Energy,2.975,APU000074715
2018-12-01,2018,12,"Gasoline, unleaded midgrade",gallon/3.785 liters,Energy,2.736,APU000074715
2019-01-01,2019,1,"Gasoline, unleaded midgrade",gallon/3.785 liters,Energy,2.6,APU000074715
2019-02-01,2019,2,"Gasoline, unleaded midgrade",gallon/3.785 liters,Energy,2.664,APU000074715
2019-03-01,2019,3,"Gasoline, unleaded midgrade",gallon/3.785 liters,Energy,2.864,APU000074715
2019-04-01,2019,4,"Gasoline, unleaded midgrade",gallon/3.785 liters,Energy,3.146,APU000074715
2019-05-01,2019,5,"Gasoline, unleaded midgrade",gallon/3.785 liters,Energy,3.22,APU000074715
2019-06-01,2019,6,"Gasoline, unleaded midgrade",gallon/3.785 liters,Energy,3.08,APU000074715
2019-07-01,2019,7,"Gasoline, unleaded midgrade",gallon/3.785 liters,Energy,3.111,APU000074715
2019-08-01,2019,8,"Gasoline, unleaded midgrade",gallon/3.785 liters,Energy,2.995,APU000074715
2019-09-01,2019,9,"Gasoline, unleaded midgrade",gallon/3.785 liters,Energy,2.98,APU000074715
2019-10-01,2019,10,"Gasoline, unleaded midgrade",gallon/3.785 liters,Energy,3.025,APU000074715
2019-11-01,2019,11,"Gasoline, unleaded midgrade",gallon/3.785 liters,Energy,2.955,APU000074715
2019-12-01,2019,12,"Gasoline, unleaded midgrade",gallon/3.785 liters,Energy,2.922,APU000074715
2020-01-01,2020,1,"Gasoline, unleaded midgrade",gallon/3.785 liters,Energy,2.901,APU000074715
2020-02-01,2020,2,"Gasoline, unleaded midgrade",gallon/3.785 liters,Energy,2.798,APU000074715
2020-03-01,2020,3,"Gasoline, unleaded midgrade",gallon/3.785 liters,Energy,2.606,APU000074715
2020-04-01,2020,4,"Gasoline, unleaded midgrade",gallon/3.785 liters,Energy,2.224,APU000074715
2020-05-01,2020,5,"Gasoline, unleaded midgrade",gallon/3.785 liters,Energy,2.222,APU000074715
2020-06-01,2020,6,"Gasoline, unleaded midgrade",gallon/3.785 liters,Energy,2.42,APU000074715
2020-07-01,2020,7,"Gasoline, unleaded midgrade",gallon/3.785 liters,Energy,2.52,APU000074715
2020-08-01,2020,8,"Gasoline, unleaded midgrade",gallon/3.785 liters,Energy,2.522,APU000074715
2020-09-01,2020,9,"Gasoline, unleaded midgrade",gallon/3.785 liters,Energy,2.531,APU000074715
2020-10-01,2020,10,"Gasoline, unleaded midgrade",gallon/3.785 liters,Energy,2.509,APU000074715
2020-11-01,2020,11,"Gasoline, unleaded midgrade",gallon/3.785 liters,Energy,2.44,APU000074715
2020-12-01,2020,12,"Gasoline, unleaded midgrade",gallon/3.785 liters,Energy,2.514,APU000074715
2021-01-01,2021,1,"Gasoline, unleaded midgrade",gallon/3.785 liters,Energy,2.662,APU000074715
2021-02-01,2021,2,"Gasoline, unleaded midgrade",gallon/3.785 liters,Energy,2.825,APU000074715
2021-03-01,2021,3,"Gasoline, unleaded midgrade",gallon/3.785 liters,Energy,3.112,APU000074715
2021-04-01,2021,4,"Gasoline, unleaded midgrade",gallon/3.785 liters,Energy,3.184,APU000074715
2021-05-01,2021,5,"Gasoline, unleaded midgrade",gallon/3.785 liters,Energy,3.315,APU000074715
2021-06-01,2021,6,"Gasoline, unleaded midgrade",gallon/3.785 liters,Energy,3.496,APU000074715
2021-07-01,2021,7,"Gasoline, unleaded midgrade",gallon/3.785 liters,Energy,3.582,APU000074715
2021-08-01,2021,8,"Gasoline, unleaded midgrade",gallon/3.785 liters,Energy,3.616,APU000074715
2021-09-01,2021,9,"Gasoline, unleaded midgrade",gallon/3.785 liters,Energy,3.626,APU000074715
2021-10-01,2021,10,"Gasoline, unleaded midgrade",gallon/3.785 liters,Energy,3.73,APU000074715
2021-11-01,2021,11,"Gasoline, unleaded midgrade",gallon/3.785 liters,Energy,3.834,APU000074715
2021-12-01,2021,12,"Gasoline, unleaded midgrade",gallon/3.785 liters,Energy,3.779,APU000074715
2022-01-01,2022,1,"Gasoline, unleaded midgrade",gallon/3.785 liters,Energy,3.721,APU000074715
2022-02-01,2022,2,"Gasoline, unleaded midgrade",gallon/3.785 liters,Energy,3.884,APU000074715
2022-03-01,2022,3,"Gasoline, unleaded midgrade",gallon/3.785 liters,Energy,4.614,APU000074715
2022-04-01,2022,4,"Gasoline, unleaded midgrade",gallon/3.785 liters,Energy,4.606,APU000074715
2022-05-01,2022,5,"Gasoline, unleaded midgrade",gallon/3.785 liters,Energy,4.906,APU000074715
2022-06-01,2022,6,"Gasoline, unleaded midgrade",gallon/3.785 liters,Energy,5.369,APU000074715
2022-07-01,2022,7,"Gasoline, unleaded midgrade",gallon/3.785 liters,Energy,5.031,APU000074715
2022-08-01,2022,8,"Gasoline, unleaded midgrade",gallon/3.785 liters,Energy,4.472,APU000074715
2022-09-01,2022,9,"Gasoline, unleaded midgrade",gallon/3.785 liters,Energy,4.247,APU000074715
2022-10-01,2022,10,"Gasoline, unleaded midgrade",gallon/3.785 liters,Energy,4.362,APU000074715
2022-11-01,2022,11,"Gasoline, unleaded midgrade",gallon/3.785 liters,Energy,4.2,APU000074715
2022-12-01,2022,12,"Gasoline, unleaded midgrade",gallon/3.785 liters,Energy,3.734,APU000074715
2023-01-01,2023,1,"Gasoline, unleaded midgrade",gallon/3.785 liters,Energy,3.835,APU000074715
2023-02-01,2023,2,"Gasoline, unleaded midgrade",gallon/3.785 liters,Energy,3.912,APU000074715
2023-03-01,2023,3,"Gasoline, unleaded midgrade",gallon/3.785 liters,Energy,3.953,APU000074715
2023-04-01,2023,4,"Gasoline, unleaded midgrade",gallon/3.785 liters,Energy,4.116,APU000074715
2023-05-01,2023,5,"Gasoline, unleaded midgrade",gallon/3.785 liters,Energy,4.082,APU000074715
2023-06-01,2023,6,"Gasoline, unleaded midgrade",gallon/3.785 liters,Energy,4.108,APU000074715
2023-07-01,2023,7,"Gasoline, unleaded midgrade",gallon/3.785 liters,Energy,4.136,APU000074715
2023-08-01,2023,8,"Gasoline, unleaded midgrade",gallon/3.785 liters,Energy,4.352,APU000074715
2023-09-01,2023,9,"Gasoline, unleaded midgrade",gallon/3.785 liters,Energy,4.418,APU000074715
2023-10-01,2023,10,"Gasoline, unleaded midgrade",gallon/3.785 liters,Energy,4.25,APU000074715
2023-11-01,2023,11,"Gasoline, unleaded midgrade",gallon/3.785 liters,Energy,3.957,APU000074715
2023-12-01,2023,12,"Gasoline, unleaded midgrade",gallon/3.785 liters,Energy,3.75,APU000074715
2024-01-01,2024,1,"Gasoline, unleaded midgrade",gallon/3.785 liters,Energy,3.654,APU000074715
2024-02-01,2024,2,"Gasoline, unleaded midgrade",gallon/3.785 liters,Energy,3.774,APU000074715
2024-03-01,2024,3,"Gasoline, unleaded midgrade",gallon/3.785 liters,Energy,3.987,APU000074715
2024-04-01,2024,4,"Gasoline, unleaded midgrade",gallon/3.785 liters,Energy,4.186,APU000074715
2024-05-01,2024,5,"Gasoline, unleaded midgrade",gallon/3.785 liters,Energy,4.168,APU000074715
2024-06-01,2024,6,"Gasoline, unleaded midgrade",gallon/3.785 liters,Energy,4.014,APU000074715
2024-07-01,2024,7,"Gasoline, unleaded midgrade",gallon/3.785 liters,Energy,4.029,APU000074715
2024-08-01,2024,8,"Gasoline, unleaded midgrade",gallon/3.785 liters,Energy,3.936,APU000074715
2024-09-01,2024,9,"Gasoline, unleaded midgrade",gallon/3.785 liters,Energy,3.785,APU000074715
2024-10-01,2024,10,"Gasoline, unleaded midgrade",gallon/3.785 liters,Energy,3.72,APU000074715
2024-11-01,2024,11,"Gasoline, unleaded midgrade",gallon/3.785 liters,Energy,3.627,APU000074715
2024-12-01,2024,12,"Gasoline, unleaded midgrade",gallon/3.785 liters,Energy,3.585,APU000074715
2025-01-01,2025,1,"Gasoline, unleaded midgrade",gallon/3.785 liters,Energy,3.643,APU000074715
2025-02-01,2025,2,"Gasoline, unleaded midgrade",gallon/3.785 liters,Energy,3.702,APU000074715
2025-03-01,2025,3,"Gasoline, unleaded midgrade",gallon/3.785 liters,Energy,3.674,APU000074715
2025-04-01,2025,4,"Gasoline, unleaded midgrade",gallon/3.785 liters,Energy,3.768,APU000074715
2025-05-01,2025,5,"Gasoline, unleaded midgrade",gallon/3.785 liters,Energy,3.752,APU000074715
2025-06-01,2025,6,"Gasoline, unleaded midgrade",gallon/3.785 liters,Energy,3.748,APU000074715
2025-07-01,2025,7,"Gasoline, unleaded midgrade",gallon/3.785 liters,Energy,3.738,APU000074715
2025-08-01,2025,8,"Gasoline, unleaded midgrade",gallon/3.785 liters,Energy,3.75,APU000074715
2025-09-01,2025,9,"Gasoline, unleaded midgrade",gallon/3.785 liters,Energy,3.802,APU000074715
2025-10-01,2025,10,"Gasoline, unleaded midgrade",gallon/3.785 liters,Energy,3.723,APU000074715
2025-11-01,2025,11,"Gasoline, unleaded midgrade",gallon/3.785 liters,Energy,3.707,APU000074715
2025-12-01,2025,12,"Gasoline, unleaded midgrade",gallon/3.785 liters,Energy,3.536,APU000074715
2026-01-01,2026,1,"Gasoline, unleaded midgrade",gallon/3.785 liters,Energy,3.444,APU000074715
2026-02-01,2026,2,"Gasoline, unleaded midgrade",gallon/3.785 liters,Energy,3.553,APU000074715
2026-03-01,2026,3,"Gasoline, unleaded midgrade",gallon/3.785 liters,Energy,4.308,APU000074715
2026-04-01,2026,4,"Gasoline, unleaded midgrade",gallon/3.785 liters,Energy,4.733,APU000074715
2026-05-01,2026,5,"Gasoline, unleaded midgrade",gallon/3.785 liters,Energy,5.098,APU000074715
2026-06-01,2026,6,"Gasoline, unleaded midgrade",gallon/3.785 liters,Energy,4.684,APU000074715
2026-07-01,2026,7,"Gasoline, unleaded midgrade",gallon/3.785 liters,Energy,4.583,APU000074715
2015-01-01,2015,1,"Gasoline, unleaded premium",gallon/3.785 liters,Energy,2.497,APU000074716
2015-02-01,2015,2,"Gasoline, unleaded premium",gallon/3.785 liters,Energy,2.621,APU000074716
2015-03-01,2015,3,"Gasoline, unleaded premium",gallon/3.785 liters,Energy,2.867,APU000074716
2015-04-01,2015,4,"Gasoline, unleaded premium",gallon/3.785 liters,Energy,2.868,APU000074716
2015-05-01,2015,5,"Gasoline, unleaded premium",gallon/3.785 liters,Energy,3.166,APU000074716
2015-06-01,2015,6,"Gasoline, unleaded premium",gallon/3.785 liters,Energy,3.218,APU000074716
2015-07-01,2015,7,"Gasoline, unleaded premium",gallon/3.785 liters,Energy,3.252,APU000074716
2015-08-01,2015,8,"Gasoline, unleaded premium",gallon/3.785 liters,Energy,3.12,APU000074716
2015-09-01,2015,9,"Gasoline, unleaded premium",gallon/3.785 liters,Energy,2.86,APU000074716
2015-10-01,2015,10,"Gasoline, unleaded premium",gallon/3.785 liters,Energy,2.749,APU000074716
2015-11-01,2015,11,"Gasoline, unleaded premium",gallon/3.785 liters,Energy,2.64,APU000074716
2015-12-01,2015,12,"Gasoline, unleaded premium",gallon/3.785 liters,Energy,2.532,APU000074716
2016-01-01,2016,1,"Gasoline, unleaded premium",gallon/3.785 liters,Energy,2.455,APU000074716
2016-02-01,2016,2,"Gasoline, unleaded premium",gallon/3.785 liters,Energy,2.248,APU000074716
2016-03-01,2016,3,"Gasoline, unleaded premium",gallon/3.785 liters,Energy,2.411,APU000074716
2016-04-01,2016,4,"Gasoline, unleaded premium",gallon/3.785 liters,Energy,2.585,APU000074716
2016-05-01,2016,5,"Gasoline, unleaded premium",gallon/3.785 liters,Energy,2.71,APU000074716
2016-06-01,2016,6,"Gasoline, unleaded premium",gallon/3.785 liters,Energy,2.807,APU000074716
2016-07-01,2016,7,"Gasoline, unleaded premium",gallon/3.785 liters,Energy,2.702,APU000074716
2016-08-01,2016,8,"Gasoline, unleaded premium",gallon/3.785 liters,Energy,2.629,APU000074716
2016-09-01,2016,9,"Gasoline, unleaded premium",gallon/3.785 liters,Energy,2.682,APU000074716
2016-10-01,2016,10,"Gasoline, unleaded premium",gallon/3.785 liters,Energy,2.719,APU000074716
2016-11-01,2016,11,"Gasoline, unleaded premium",gallon/3.785 liters,Energy,2.675,APU000074716
2016-12-01,2016,12,"Gasoline, unleaded premium",gallon/3.785 liters,Energy,2.698,APU000074716
2017-01-01,2017,1,"Gasoline, unleaded premium",gallon/3.785 liters,Energy,2.815,APU000074716
2017-02-01,2017,2,"Gasoline, unleaded premium",gallon/3.785 liters,Energy,2.793,APU000074716
2017-03-01,2017,3,"Gasoline, unleaded premium",gallon/3.785 liters,Energy,2.827,APU000074716
2017-04-01,2017,4,"Gasoline, unleaded premium",gallon/3.785 liters,Energy,2.909,APU000074716
2017-05-01,2017,5,"Gasoline, unleaded premium",gallon/3.785 liters,Energy,2.894,APU000074716
2017-06-01,2017,6,"Gasoline, unleaded premium",gallon/3.785 liters,Energy,2.859,APU000074716
2017-07-01,2017,7,"Gasoline, unleaded premium",gallon/3.785 liters,Energy,2.8,APU000074716
2017-08-01,2017,8,"Gasoline, unleaded premium",gallon/3.785 liters,Energy,2.883,APU000074716
2017-09-01,2017,9,"Gasoline, unleaded premium",gallon/3.785 liters,Energy,3.12,APU000074716
2017-10-01,2017,10,"Gasoline, unleaded premium",gallon/3.785 liters,Energy,2.996,APU000074716
2017-11-01,2017,11,"Gasoline, unleaded premium",gallon/3.785 liters,Energy,3.056,APU000074716
2017-12-01,2017,12,"Gasoline, unleaded premium",gallon/3.785 liters,Energy,2.985,APU000074716
2018-01-01,2018,1,"Gasoline, unleaded premium",gallon/3.785 liters,Energy,3.042,APU000074716
2018-02-01,2018,2,"Gasoline, unleaded premium",gallon/3.785 liters,Energy,3.091,APU000074716
2018-03-01,2018,3,"Gasoline, unleaded premium",gallon/3.785 liters,Energy,3.101,APU000074716
2018-04-01,2018,4,"Gasoline, unleaded premium",gallon/3.785 liters,Energy,3.258,APU000074716
2018-05-01,2018,5,"Gasoline, unleaded premium",gallon/3.785 liters,Energy,3.423,APU000074716
2018-06-01,2018,6,"Gasoline, unleaded premium",gallon/3.785 liters,Energy,3.44,APU000074716
2018-07-01,2018,7,"Gasoline, unleaded premium",gallon/3.785 liters,Energy,3.399,APU000074716
2018-08-01,2018,8,"Gasoline, unleaded premium",gallon/3.785 liters,Energy,3.384,APU000074716
2018-09-01,2018,9,"Gasoline, unleaded premium",gallon/3.785 liters,Energy,3.4,APU000074716
2018-10-01,2018,10,"Gasoline, unleaded premium",gallon/3.785 liters,Energy,3.431,APU000074716
2018-11-01,2018,11,"Gasoline, unleaded premium",gallon/3.785 liters,Energy,3.251,APU000074716
2018-12-01,2018,12,"Gasoline, unleaded premium",gallon/3.785 liters,Energy,3.015,APU000074716
2019-01-01,2019,1,"Gasoline, unleaded premium",gallon/3.785 liters,Energy,2.874,APU000074716
2019-02-01,2019,2,"Gasoline, unleaded premium",gallon/3.785 liters,Energy,2.901,APU000074716
2019-03-01,2019,3,"Gasoline, unleaded premium",gallon/3.785 liters,Energy,3.079,APU000074716
2019-04-01,2019,4,"Gasoline, unleaded premium",gallon/3.785 liters,Energy,3.382,APU000074716
2019-05-01,2019,5,"Gasoline, unleaded premium",gallon/3.785 liters,Energy,3.471,APU000074716
2019-06-01,2019,6,"Gasoline, unleaded premium",gallon/3.785 liters,Energy,3.328,APU000074716
2019-07-01,2019,7,"Gasoline, unleaded premium",gallon/3.785 liters,Energy,3.327,APU000074716
2019-08-01,2019,8,"Gasoline, unleaded premium",gallon/3.785 liters,Energy,3.222,APU000074716
2019-09-01,2019,9,"Gasoline, unleaded premium",gallon/3.785 liters,Energy,3.214,APU000074716
2019-10-01,2019,10,"Gasoline, unleaded premium",gallon/3.785 liters,Energy,3.297,APU000074716
2019-11-01,2019,11,"Gasoline, unleaded premium",gallon/3.785 liters,Energy,3.254,APU000074716
2019-12-01,2019,12,"Gasoline, unleaded premium",gallon/3.785 liters,Energy,3.19,APU000074716
2020-01-01,2020,1,"Gasoline, unleaded premium",gallon/3.785 liters,Energy,3.157,APU000074716
2020-02-01,2020,2,"Gasoline, unleaded premium",gallon/3.785 liters,Energy,3.071,APU000074716
2020-03-01,2020,3,"Gasoline, unleaded premium",gallon/3.785 liters,Energy,2.893,APU000074716
2020-04-01,2020,4,"Gasoline, unleaded premium",gallon/3.785 liters,Energy,2.527,APU000074716
2020-05-01,2020,5,"Gasoline, unleaded premium",gallon/3.785 liters,Energy,2.49,APU000074716
2020-06-01,2020,6,"Gasoline, unleaded premium",gallon/3.785 liters,Energy,2.673,APU000074716
2020-07-01,2020,7,"Gasoline, unleaded premium",gallon/3.785 liters,Energy,2.783,APU000074716
2020-08-01,2020,8,"Gasoline, unleaded premium",gallon/3.785 liters,Energy,2.795,APU000074716
2020-09-01,2020,9,"Gasoline, unleaded premium",gallon/3.785 liters,Energy,2.81,APU000074716
2020-10-01,2020,10,"Gasoline, unleaded premium",gallon/3.785 liters,Energy,2.782,APU000074716
2020-11-01,2020,11,"Gasoline, unleaded premium",gallon/3.785 liters,Energy,2.727,APU000074716
2020-12-01,2020,12,"Gasoline, unleaded premium",gallon/3.785 liters,Energy,2.778,APU000074716
2021-01-01,2021,1,"Gasoline, unleaded premium",gallon/3.785 liters,Energy,2.921,APU000074716
2021-02-01,2021,2,"Gasoline, unleaded premium",gallon/3.785 liters,Energy,3.073,APU000074716
2021-03-01,2021,3,"Gasoline, unleaded premium",gallon/3.785 liters,Energy,3.386,APU000074716
2021-04-01,2021,4,"Gasoline, unleaded premium",gallon/3.785 liters,Energy,3.455,APU000074716
2021-05-01,2021,5,"Gasoline, unleaded premium",gallon/3.785 liters,Energy,3.596,APU000074716
2021-06-01,2021,6,"Gasoline, unleaded premium",gallon/3.785 liters,Energy,3.802,APU000074716
2021-07-01,2021,7,"Gasoline, unleaded premium",gallon/3.785 liters,Energy,3.897,APU000074716
2021-08-01,2021,8,"Gasoline, unleaded premium",gallon/3.785 liters,Energy,3.938,APU000074716
2021-09-01,2021,9,"Gasoline, unleaded premium",gallon/3.785 liters,Energy,3.945,APU000074716
2021-10-01,2021,10,"Gasoline, unleaded premium",gallon/3.785 liters,Energy,4.04,APU000074716
2021-11-01,2021,11,"Gasoline, unleaded premium",gallon/3.785 liters,Energy,4.148,APU000074716
2021-12-01,2021,12,"Gasoline, unleaded premium",gallon/3.785 liters,Energy,4.1,APU000074716
2022-01-01,2022,1,"Gasoline, unleaded premium",gallon/3.785 liters,Energy,4.102,APU000074716
2022-02-01,2022,2,"Gasoline, unleaded premium",gallon/3.785 liters,Energy,4.244,APU000074716
2022-03-01,2022,3,"Gasoline, unleaded premium",gallon/3.785 liters,Energy,5.015,APU000074716
2022-04-01,2022,4,"Gasoline, unleaded premium",gallon/3.785 liters,Energy,5.037,APU000074716
2022-05-01,2022,5,"Gasoline, unleaded premium",gallon/3.785 liters,Energy,5.318,APU000074716
2022-06-01,2022,6,"Gasoline, unleaded premium",gallon/3.785 liters,Energy,5.774,APU000074716
2022-07-01,2022,7,"Gasoline, unleaded premium",gallon/3.785 liters,Energy,5.459,APU000074716
2022-08-01,2022,8,"Gasoline, unleaded premium",gallon/3.785 liters,Energy,4.916,APU000074716
2022-09-01,2022,9,"Gasoline, unleaded premium",gallon/3.785 liters,Energy,4.732,APU000074716
2022-10-01,2022,10,"Gasoline, unleaded premium",gallon/3.785 liters,Energy,4.914,APU000074716
2022-11-01,2022,11,"Gasoline, unleaded premium",gallon/3.785 liters,Energy,4.679,APU000074716
2022-12-01,2022,12,"Gasoline, unleaded premium",gallon/3.785 liters,Energy,4.167,APU000074716
2023-01-01,2023,1,"Gasoline, unleaded premium",gallon/3.785 liters,Energy,4.192,APU000074716
2023-02-01,2023,2,"Gasoline, unleaded premium",gallon/3.785 liters,Energy,4.287,APU000074716
2023-03-01,2023,3,"Gasoline, unleaded premium",gallon/3.785 liters,Energy,4.339,APU000074716
2023-04-01,2023,4,"Gasoline, unleaded premium",gallon/3.785 liters,Energy,4.485,APU000074716
2023-05-01,2023,5,"Gasoline, unleaded premium",gallon/3.785 liters,Energy,4.468,APU000074716
2023-06-01,2023,6,"Gasoline, unleaded premium",gallon/3.785 liters,Energy,4.497,APU000074716
2023-07-01,2023,7,"Gasoline, unleaded premium",gallon/3.785 liters,Energy,4.526,APU000074716
2023-08-01,2023,8,"Gasoline, unleaded premium",gallon/3.785 liters,Energy,4.74,APU000074716
2023-09-01,2023,9,"Gasoline, unleaded premium",gallon/3.785 liters,Energy,4.844,APU000074716
2023-10-01,2023,10,"Gasoline, unleaded premium",gallon/3.785 liters,Energy,4.701,APU000074716
2023-11-01,2023,11,"Gasoline, unleaded premium",gallon/3.785 liters,Energy,4.385,APU000074716
2023-12-01,2023,12,"Gasoline, unleaded premium",gallon/3.785 liters,Energy,4.162,APU000074716
2024-01-01,2024,1,"Gasoline, unleaded premium",gallon/3.785 liters,Energy,4.053,APU000074716
2024-02-01,2024,2,"Gasoline, unleaded premium",gallon/3.785 liters,Energy,4.162,APU000074716
2024-03-01,2024,3,"Gasoline, unleaded premium",gallon/3.785 liters,Energy,4.379,APU000074716
2024-04-01,2024,4,"Gasoline, unleaded premium",gallon/3.785 liters,Energy,4.604,APU000074716
2024-05-01,2024,5,"Gasoline, unleaded premium",gallon/3.785 liters,Energy,4.58,APU000074716
2024-06-01,2024,6,"Gasoline, unleaded premium",gallon/3.785 liters,Energy,4.413,APU000074716
2024-07-01,2024,7,"Gasoline, unleaded premium",gallon/3.785 liters,Energy,4.411,APU000074716
2024-08-01,2024,8,"Gasoline, unleaded premium",gallon/3.785 liters,Energy,4.322,APU000074716
2024-09-01,2024,9,"Gasoline, unleaded premium",gallon/3.785 liters,Energy,4.189,APU000074716
2024-10-01,2024,10,"Gasoline, unleaded premium",gallon/3.785 liters,Energy,4.122,APU000074716
2024-11-01,2024,11,"Gasoline, unleaded premium",gallon/3.785 liters,Energy,4.026,APU000074716
2024-12-01,2024,12,"Gasoline, unleaded premium",gallon/3.785 liters,Energy,3.98,APU000074716
2025-01-01,2025,1,"Gasoline, unleaded premium",gallon/3.785 liters,Energy,4.035,APU000074716
2025-02-01,2025,2,"Gasoline, unleaded premium",gallon/3.785 liters,Energy,4.11,APU000074716
2025-03-01,2025,3,"Gasoline, unleaded premium",gallon/3.785 liters,Energy,4.085,APU000074716
2025-04-01,2025,4,"Gasoline, unleaded premium",gallon/3.785 liters,Energy,4.184,APU000074716
2025-05-01,2025,5,"Gasoline, unleaded premium",gallon/3.785 liters,Energy,4.171,APU000074716
2025-06-01,2025,6,"Gasoline, unleaded premium",gallon/3.785 liters,Energy,4.164,APU000074716
2025-07-01,2025,7,"Gasoline, unleaded premium",gallon/3.785 liters,Energy,4.149,APU000074716
2025-08-01,2025,8,"Gasoline, unleaded premium",gallon/3.785 liters,Energy,4.163,APU000074716
2025-09-01,2025,9,"Gasoline, unleaded premium",gallon/3.785 liters,Energy,4.231,APU000074716
2025-10-01,2025,10,"Gasoline, unleaded premium",gallon/3.785 liters,Energy,4.157,APU000074716
2025-11-01,2025,11,"Gasoline, unleaded premium",gallon/3.785 liters,Energy,4.139,APU000074716
2025-12-01,2025,12,"Gasoline, unleaded premium",gallon/3.785 liters,Energy,3.958,APU000074716
2026-01-01,2026,1,"Gasoline, unleaded premium",gallon/3.785 liters,Energy,3.861,APU000074716
2026-02-01,2026,2,"Gasoline, unleaded premium",gallon/3.785 liters,Energy,3.983,APU000074716
2026-03-01,2026,3,"Gasoline, unleaded premium",gallon/3.785 liters,Energy,4.757,APU000074716
2026-04-01,2026,4,"Gasoline, unleaded premium",gallon/3.785 liters,Energy,5.19,APU000074716
2026-05-01,2026,5,"Gasoline, unleaded premium",gallon/3.785 liters,Energy,5.55,APU000074716
2026-06-01,2026,6,"Gasoline, unleaded premium",gallon/3.785 liters,Energy,5.15,APU000074716
2026-07-01,2026,7,"Gasoline, unleaded premium",gallon/3.785 liters,Energy,5.027,APU000074716
2015-01-01,2015,1,"Gasoline, unleaded regular",gallon/3.785 liters,Energy,2.11,APU000074714
2015-02-01,2015,2,"Gasoline, unleaded regular",gallon/3.785 liters,Energy,2.249,APU000074714
2015-03-01,2015,3,"Gasoline, unleaded regular",gallon/3.785 liters,Energy,2.483,APU000074714
2015-04-01,2015,4,"Gasoline, unleaded regular",gallon/3.785 liters,Energy,2.485,APU000074714
2015-05-01,2015,5,"Gasoline, unleaded regular",gallon/3.785 liters,Energy,2.775,APU000074714
2015-06-01,2015,6,"Gasoline, unleaded regular",gallon/3.785 liters,Energy,2.832,APU000074714
2015-07-01,2015,7,"Gasoline, unleaded regular",gallon/3.785 liters,Energy,2.832,APU000074714
2015-08-01,2015,8,"Gasoline, unleaded regular",gallon/3.785 liters,Energy,2.679,APU000074714
2015-09-01,2015,9,"Gasoline, unleaded regular",gallon/3.785 liters,Energy,2.394,APU000074714
2015-10-01,2015,10,"Gasoline, unleaded regular",gallon/3.785 liters,Energy,2.289,APU000074714
2015-11-01,2015,11,"Gasoline, unleaded regular",gallon/3.785 liters,Energy,2.185,APU000074714
2015-12-01,2015,12,"Gasoline, unleaded regular",gallon/3.785 liters,Energy,2.06,APU000074714
2016-01-01,2016,1,"Gasoline, unleaded regular",gallon/3.785 liters,Energy,1.967,APU000074714
2016-02-01,2016,2,"Gasoline, unleaded regular",gallon/3.785 liters,Energy,1.767,APU000074714
2016-03-01,2016,3,"Gasoline, unleaded regular",gallon/3.785 liters,Energy,1.958,APU000074714
2016-04-01,2016,4,"Gasoline, unleaded regular",gallon/3.785 liters,Energy,2.134,APU000074714
2016-05-01,2016,5,"Gasoline, unleaded regular",gallon/3.785 liters,Energy,2.264,APU000074714
2016-06-01,2016,6,"Gasoline, unleaded regular",gallon/3.785 liters,Energy,2.363,APU000074714
2016-07-01,2016,7,"Gasoline, unleaded regular",gallon/3.785 liters,Energy,2.225,APU000074714
2016-08-01,2016,8,"Gasoline, unleaded regular",gallon/3.785 liters,Energy,2.155,APU000074714
2016-09-01,2016,9,"Gasoline, unleaded regular",gallon/3.785 liters,Energy,2.208,APU000074714
2016-10-01,2016,10,"Gasoline, unleaded regular",gallon/3.785 liters,Energy,2.243,APU000074714
2016-11-01,2016,11,"Gasoline, unleaded regular",gallon/3.785 liters,Energy,2.187,APU000074714
2016-12-01,2016,12,"Gasoline, unleaded regular",gallon/3.785 liters,Energy,2.23,APU000074714
2017-01-01,2017,1,"Gasoline, unleaded regular",gallon/3.785 liters,Energy,2.351,APU000074714
2017-02-01,2017,2,"Gasoline, unleaded regular",gallon/3.785 liters,Energy,2.299,APU000074714
2017-03-01,2017,3,"Gasoline, unleaded regular",gallon/3.785 liters,Energy,2.323,APU000074714
2017-04-01,2017,4,"Gasoline, unleaded regular",gallon/3.785 liters,Energy,2.418,APU000074714
2017-05-01,2017,5,"Gasoline, unleaded regular",gallon/3.785 liters,Energy,2.386,APU000074714
2017-06-01,2017,6,"Gasoline, unleaded regular",gallon/3.785 liters,Energy,2.337,APU000074714
2017-07-01,2017,7,"Gasoline, unleaded regular",gallon/3.785 liters,Energy,2.281,APU000074714
2017-08-01,2017,8,"Gasoline, unleaded regular",gallon/3.785 liters,Energy,2.374,APU000074714
2017-09-01,2017,9,"Gasoline, unleaded regular",gallon/3.785 liters,Energy,2.63,APU000074714
2017-10-01,2017,10,"Gasoline, unleaded regular",gallon/3.785 liters,Energy,2.484,APU000074714
2017-11-01,2017,11,"Gasoline, unleaded regular",gallon/3.785 liters,Energy,2.548,APU000074714
2017-12-01,2017,12,"Gasoline, unleaded regular",gallon/3.785 liters,Energy,2.459,APU000074714
2018-01-01,2018,1,"Gasoline, unleaded regular",gallon/3.785 liters,Energy,2.539,APU000074714
2018-02-01,2018,2,"Gasoline, unleaded regular",gallon/3.785 liters,Energy,2.575,APU000074714
2018-03-01,2018,3,"Gasoline, unleaded regular",gallon/3.785 liters,Energy,2.572,APU000074714
2018-04-01,2018,4,"Gasoline, unleaded regular",gallon/3.785 liters,Energy,2.737,APU000074714
2018-05-01,2018,5,"Gasoline, unleaded regular",gallon/3.785 liters,Energy,2.907,APU000074714
2018-06-01,2018,6,"Gasoline, unleaded regular",gallon/3.785 liters,Energy,2.914,APU000074714
2018-07-01,2018,7,"Gasoline, unleaded regular",gallon/3.785 liters,Energy,2.873,APU000074714
2018-08-01,2018,8,"Gasoline, unleaded regular",gallon/3.785 liters,Energy,2.862,APU000074714
2018-09-01,2018,9,"Gasoline, unleaded regular",gallon/3.785 liters,Energy,2.873,APU000074714
2018-10-01,2018,10,"Gasoline, unleaded regular",gallon/3.785 liters,Energy,2.887,APU000074714
2018-11-01,2018,11,"Gasoline, unleaded regular",gallon/3.785 liters,Energy,2.671,APU000074714
2018-12-01,2018,12,"Gasoline, unleaded regular",gallon/3.785 liters,Energy,2.414,APU000074714
2019-01-01,2019,1,"Gasoline, unleaded regular",gallon/3.785 liters,Energy,2.289,APU000074714
2019-02-01,2019,2,"Gasoline, unleaded regular",gallon/3.785 liters,Energy,2.353,APU000074714
2019-03-01,2019,3,"Gasoline, unleaded regular",gallon/3.785 liters,Energy,2.564,APU000074714
2019-04-01,2019,4,"Gasoline, unleaded regular",gallon/3.785 liters,Energy,2.835,APU000074714
2019-05-01,2019,5,"Gasoline, unleaded regular",gallon/3.785 liters,Energy,2.901,APU000074714
2019-06-01,2019,6,"Gasoline, unleaded regular",gallon/3.785 liters,Energy,2.752,APU000074714
2019-07-01,2019,7,"Gasoline, unleaded regular",gallon/3.785 liters,Energy,2.776,APU000074714
2019-08-01,2019,8,"Gasoline, unleaded regular",gallon/3.785 liters,Energy,2.655,APU000074714
2019-09-01,2019,9,"Gasoline, unleaded regular",gallon/3.785 liters,Energy,2.63,APU000074714
2019-10-01,2019,10,"Gasoline, unleaded regular",gallon/3.785 liters,Energy,2.673,APU000074714
2019-11-01,2019,11,"Gasoline, unleaded regular",gallon/3.785 liters,Energy,2.62,APU000074714
2019-12-01,2019,12,"Gasoline, unleaded regular",gallon/3.785 liters,Energy,2.587,APU000074714
2020-01-01,2020,1,"Gasoline, unleaded regular",gallon/3.785 liters,Energy,2.567,APU000074714
2020-02-01,2020,2,"Gasoline, unleaded regular",gallon/3.785 liters,Energy,2.465,APU000074714
2020-03-01,2020,3,"Gasoline, unleaded regular",gallon/3.785 liters,Energy,2.267,APU000074714
2020-04-01,2020,4,"Gasoline, unleaded regular",gallon/3.785 liters,Energy,1.876,APU000074714
2020-05-01,2020,5,"Gasoline, unleaded regular",gallon/3.785 liters,Energy,1.879,APU000074714
2020-06-01,2020,6,"Gasoline, unleaded regular",gallon/3.785 liters,Energy,2.076,APU000074714
2020-07-01,2020,7,"Gasoline, unleaded regular",gallon/3.785 liters,Energy,2.176,APU000074714
2020-08-01,2020,8,"Gasoline, unleaded regular",gallon/3.785 liters,Energy,2.177,APU000074714
2020-09-01,2020,9,"Gasoline, unleaded regular",gallon/3.785 liters,Energy,2.193,APU000074714
2020-10-01,2020,10,"Gasoline, unleaded regular",gallon/3.785 liters,Energy,2.159,APU000074714
2020-11-01,2020,11,"Gasoline, unleaded regular",gallon/3.785 liters,Energy,2.09,APU000074714
2020-12-01,2020,12,"Gasoline, unleaded regular",gallon/3.785 liters,Energy,2.168,APU000074714
2021-01-01,2021,1,"Gasoline, unleaded regular",gallon/3.785 liters,Energy,2.326,APU000074714
2021-02-01,2021,2,"Gasoline, unleaded regular",gallon/3.785 liters,Energy,2.496,APU000074714
2021-03-01,2021,3,"Gasoline, unleaded regular",gallon/3.785 liters,Energy,2.791,APU000074714
2021-04-01,2021,4,"Gasoline, unleaded regular",gallon/3.785 liters,Energy,2.839,APU000074714
2021-05-01,2021,5,"Gasoline, unleaded regular",gallon/3.785 liters,Energy,2.972,APU000074714
2021-06-01,2021,6,"Gasoline, unleaded regular",gallon/3.785 liters,Energy,3.154,APU000074714
2021-07-01,2021,7,"Gasoline, unleaded regular",gallon/3.785 liters,Energy,3.233,APU000074714
2021-08-01,2021,8,"Gasoline, unleaded regular",gallon/3.785 liters,Energy,3.255,APU000074714
2021-09-01,2021,9,"Gasoline, unleaded regular",gallon/3.785 liters,Energy,3.265,APU000074714
2021-10-01,2021,10,"Gasoline, unleaded regular",gallon/3.785 liters,Energy,3.385,APU000074714
2021-11-01,2021,11,"Gasoline, unleaded regular",gallon/3.785 liters,Energy,3.482,APU000074714
2021-12-01,2021,12,"Gasoline, unleaded regular",gallon/3.785 liters,Energy,3.408,APU000074714
2022-01-01,2022,1,"Gasoline, unleaded regular",gallon/3.785 liters,Energy,3.413,APU000074714
2022-02-01,2022,2,"Gasoline, unleaded regular",gallon/3.785 liters,Energy,3.592,APU000074714
2022-03-01,2022,3,"Gasoline, unleaded regular",gallon/3.785 liters,Energy,4.312,APU000074714
2022-04-01,2022,4,"Gasoline, unleaded regular",gallon/3.785 liters,Energy,4.271,APU000074714
2022-05-01,2022,5,"Gasoline, unleaded regular",gallon/3.785 liters,Energy,4.604,APU000074714
2022-06-01,2022,6,"Gasoline, unleaded regular",gallon/3.785 liters,Energy,5.058,APU000074714
2022-07-01,2022,7,"Gasoline, unleaded regular",gallon/3.785 liters,Energy,4.667,APU000074714
2022-08-01,2022,8,"Gasoline, unleaded regular",gallon/3.785 liters,Energy,4.101,APU000074714
2022-09-01,2022,9,"Gasoline, unleaded regular",gallon/3.785 liters,Energy,3.881,APU000074714
2022-10-01,2022,10,"Gasoline, unleaded regular",gallon/3.785 liters,Energy,4.016,APU000074714
2022-11-01,2022,11,"Gasoline, unleaded regular",gallon/3.785 liters,Energy,3.853,APU000074714
2022-12-01,2022,12,"Gasoline, unleaded regular",gallon/3.785 liters,Energy,3.356,APU000074714
2023-01-01,2023,1,"Gasoline, unleaded regular",gallon/3.785 liters,Energy,3.452,APU000074714
2023-02-01,2023,2,"Gasoline, unleaded regular",gallon/3.785 liters,Energy,3.514,APU000074714
2023-03-01,2023,3,"Gasoline, unleaded regular",gallon/3.785 liters,Energy,3.551,APU000074714
2023-04-01,2023,4,"Gasoline, unleaded regular",gallon/3.785 liters,Energy,3.735,APU000074714
2023-05-01,2023,5,"Gasoline, unleaded regular",gallon/3.785 liters,Energy,3.685,APU000074714
2023-06-01,2023,6,"Gasoline, unleaded regular",gallon/3.785 liters,Energy,3.712,APU000074714
2023-07-01,2023,7,"Gasoline, unleaded regular",gallon/3.785 liters,Energy,3.732,APU000074714
2023-08-01,2023,8,"Gasoline, unleaded regular",gallon/3.785 liters,Energy,3.955,APU000074714
2023-09-01,2023,9,"Gasoline, unleaded regular",gallon/3.785 liters,Energy,3.988,APU000074714
2023-10-01,2023,10,"Gasoline, unleaded regular",gallon/3.785 liters,Energy,3.782,APU000074714
2023-11-01,2023,11,"Gasoline, unleaded regular",gallon/3.785 liters,Energy,3.5,APU000074714
2023-12-01,2023,12,"Gasoline, unleaded regular",gallon/3.785 liters,Energy,3.289,APU000074714
2024-01-01,2024,1,"Gasoline, unleaded regular",gallon/3.785 liters,Energy,3.221,APU000074714
2024-02-01,2024,2,"Gasoline, unleaded regular",gallon/3.785 liters,Energy,3.359,APU000074714
2024-03-01,2024,3,"Gasoline, unleaded regular",gallon/3.785 liters,Energy,3.581,APU000074714
2024-04-01,2024,4,"Gasoline, unleaded regular",gallon/3.785 liters,Energy,3.776,APU000074714
2024-05-01,2024,5,"Gasoline, unleaded regular",gallon/3.785 liters,Energy,3.755,APU000074714
2024-06-01,2024,6,"Gasoline, unleaded regular",gallon/3.785 liters,Energy,3.601,APU000074714
2024-07-01,2024,7,"Gasoline, unleaded regular",gallon/3.785 liters,Energy,3.622,APU000074714
2024-08-01,2024,8,"Gasoline, unleaded regular",gallon/3.785 liters,Energy,3.521,APU000074714
2024-09-01,2024,9,"Gasoline, unleaded regular",gallon/3.785 liters,Energy,3.344,APU000074714
2024-10-01,2024,10,"Gasoline, unleaded regular",gallon/3.785 liters,Energy,3.279,APU000074714
2024-11-01,2024,11,"Gasoline, unleaded regular",gallon/3.785 liters,Energy,3.181,APU000074714
2024-12-01,2024,12,"Gasoline, unleaded regular",gallon/3.785 liters,Energy,3.145,APU000074714
2025-01-01,2025,1,"Gasoline, unleaded regular",gallon/3.785 liters,Energy,3.211,APU000074714
2025-02-01,2025,2,"Gasoline, unleaded regular",gallon/3.785 liters,Energy,3.261,APU000074714
2025-03-01,2025,3,"Gasoline, unleaded regular",gallon/3.785 liters,Energy,3.232,APU000074714
2025-04-01,2025,4,"Gasoline, unleaded regular",gallon/3.785 liters,Energy,3.33,APU000074714
2025-05-01,2025,5,"Gasoline, unleaded regular",gallon/3.785 liters,Energy,3.306,APU000074714
2025-06-01,2025,6,"Gasoline, unleaded regular",gallon/3.785 liters,Energy,3.306,APU000074714
2025-07-01,2025,7,"Gasoline, unleaded regular",gallon/3.785 liters,Energy,3.285,APU000074714
2025-08-01,2025,8,"Gasoline, unleaded regular",gallon/3.785 liters,Energy,3.295,APU000074714
2025-09-01,2025,9,"Gasoline, unleaded regular",gallon/3.785 liters,Energy,3.339,APU000074714
2025-10-01,2025,10,"Gasoline, unleaded regular",gallon/3.785 liters,Energy,3.239,APU000074714
2025-11-01,2025,11,"Gasoline, unleaded regular",gallon/3.785 liters,Energy,3.228,APU000074714
2025-12-01,2025,12,"Gasoline, unleaded regular",gallon/3.785 liters,Energy,3.05,APU000074714
2026-01-01,2026,1,"Gasoline, unleaded regular",gallon/3.785 liters,Energy,2.961,APU000074714
2026-02-01,2026,2,"Gasoline, unleaded regular",gallon/3.785 liters,Energy,3.065,APU000074714
2026-03-01,2026,3,"Gasoline, unleaded regular",gallon/3.785 liters,Energy,3.843,APU000074714
2026-04-01,2026,4,"Gasoline, unleaded regular",gallon/3.785 liters,Energy,4.263,APU000074714
2026-05-01,2026,5,"Gasoline, unleaded regular",gallon/3.785 liters,Energy,4.651,APU000074714
2026-06-01,2026,6,"Gasoline, unleaded regular",gallon/3.785 liters,Energy,4.195,APU000074714
2026-07-01,2026,7,"Gasoline, unleaded regular",gallon/3.785 liters,Energy,4.094,APU000074714
2015-01-01,2015,1,Grapefruit,lb. (453.6 gm),Fruit,1.037,APU0000711411
2015-02-01,2015,2,Grapefruit,lb. (453.6 gm),Fruit,1.026,APU0000711411
2015-03-01,2015,3,Grapefruit,lb. (453.6 gm),Fruit,0.97,APU0000711411
2015-04-01,2015,4,Grapefruit,lb. (453.6 gm),Fruit,1.067,APU0000711411
2015-05-01,2015,5,Grapefruit,lb. (453.6 gm),Fruit,1.07,APU0000711411
2015-06-01,2015,6,Grapefruit,lb. (453.6 gm),Fruit,1.105,APU0000711411
2015-07-01,2015,7,Grapefruit,lb. (453.6 gm),Fruit,1.117,APU0000711411
2015-08-01,2015,8,Grapefruit,lb. (453.6 gm),Fruit,1.143,APU0000711411
2015-09-01,2015,9,Grapefruit,lb. (453.6 gm),Fruit,1.171,APU0000711411
2015-10-01,2015,10,Grapefruit,lb. (453.6 gm),Fruit,1.21,APU0000711411
2015-11-01,2015,11,Grapefruit,lb. (453.6 gm),Fruit,1.091,APU0000711411
2015-12-01,2015,12,Grapefruit,lb. (453.6 gm),Fruit,1.085,APU0000711411
2016-01-01,2016,1,Grapefruit,lb. (453.6 gm),Fruit,1.021,APU0000711411
2016-02-01,2016,2,Grapefruit,lb. (453.6 gm),Fruit,0.985,APU0000711411
2016-03-01,2016,3,Grapefruit,lb. (453.6 gm),Fruit,1.036,APU0000711411
2016-04-01,2016,4,Grapefruit,lb. (453.6 gm),Fruit,1.074,APU0000711411
2016-05-01,2016,5,Grapefruit,lb. (453.6 gm),Fruit,1.155,APU0000711411
2016-06-01,2016,6,Grapefruit,lb. (453.6 gm),Fruit,1.206,APU0000711411
2016-07-01,2016,7,Grapefruit,lb. (453.6 gm),Fruit,1.28,APU0000711411
2016-08-01,2016,8,Grapefruit,lb. (453.6 gm),Fruit,1.319,APU0000711411
2016-11-01,2016,11,Grapefruit,lb. (453.6 gm),Fruit,1.309,APU0000711411
2016-12-01,2016,12,Grapefruit,lb. (453.6 gm),Fruit,1.252,APU0000711411
2017-01-01,2017,1,Grapefruit,lb. (453.6 gm),Fruit,1.163,APU0000711411
2017-02-01,2017,2,Grapefruit,lb. (453.6 gm),Fruit,1.125,APU0000711411
2017-03-01,2017,3,Grapefruit,lb. (453.6 gm),Fruit,1.124,APU0000711411
2017-04-01,2017,4,Grapefruit,lb. (453.6 gm),Fruit,1.213,APU0000711411
2017-05-01,2017,5,Grapefruit,lb. (453.6 gm),Fruit,1.258,APU0000711411
2017-06-01,2017,6,Grapefruit,lb. (453.6 gm),Fruit,1.315,APU0000711411
2017-07-01,2017,7,Grapefruit,lb. (453.6 gm),Fruit,1.333,APU0000711411
2017-08-01,2017,8,Grapefruit,lb. (453.6 gm),Fruit,1.333,APU0000711411
2017-09-01,2017,9,Grapefruit,lb. (453.6 gm),Fruit,1.391,APU0000711411
2017-10-01,2017,10,Grapefruit,lb. (453.6 gm),Fruit,1.388,APU0000711411
2017-11-01,2017,11,Grapefruit,lb. (453.6 gm),Fruit,1.378,APU0000711411
2017-12-01,2017,12,Grapefruit,lb. (453.6 gm),Fruit,1.33,APU0000711411
2018-01-01,2018,1,Grapefruit,lb. (453.6 gm),Fruit,1.251,APU0000711411
2018-02-01,2018,2,Grapefruit,lb. (453.6 gm),Fruit,1.269,APU0000711411
2018-03-01,2018,3,Grapefruit,lb. (453.6 gm),Fruit,1.293,APU0000711411
2018-04-01,2018,4,Grapefruit,lb. (453.6 gm),Fruit,1.318,APU0000711411
2018-05-01,2018,5,Grapefruit,lb. (453.6 gm),Fruit,1.33,APU0000711411
2018-06-01,2018,6,Grapefruit,lb. (453.6 gm),Fruit,1.346,APU0000711411
2018-07-01,2018,7,Grapefruit,lb. (453.6 gm),Fruit,1.386,APU0000711411
2018-08-01,2018,8,Grapefruit,lb. (453.6 gm),Fruit,1.422,APU0000711411
2018-09-01,2018,9,Grapefruit,lb. (453.6 gm),Fruit,1.422,APU0000711411
2018-10-01,2018,10,Grapefruit,lb. (453.6 gm),Fruit,1.393,APU0000711411
2018-11-01,2018,11,Grapefruit,lb. (453.6 gm),Fruit,1.371,APU0000711411
2018-12-01,2018,12,Grapefruit,lb. (453.6 gm),Fruit,1.347,APU0000711411
2019-01-01,2019,1,Grapefruit,lb. (453.6 gm),Fruit,1.305,APU0000711411
2019-02-01,2019,2,Grapefruit,lb. (453.6 gm),Fruit,1.315,APU0000711411
2019-03-01,2019,3,Grapefruit,lb. (453.6 gm),Fruit,1.366,APU0000711411
2019-04-01,2019,4,Grapefruit,lb. (453.6 gm),Fruit,1.344,APU0000711411
2019-05-01,2019,5,Grapefruit,lb. (453.6 gm),Fruit,1.365,APU0000711411
2019-06-01,2019,6,Grapefruit,lb. (453.6 gm),Fruit,1.336,APU0000711411
2019-07-01,2019,7,Grapefruit,lb. (453.6 gm),Fruit,1.389,APU0000711411
2019-08-01,2019,8,Grapefruit,lb. (453.6 gm),Fruit,1.353,APU0000711411
2019-09-01,2019,9,Grapefruit,lb. (453.6 gm),Fruit,1.371,APU0000711411
2019-10-01,2019,10,Grapefruit,lb. (453.6 gm),Fruit,1.421,APU0000711411
2019-11-01,2019,11,Grapefruit,lb. (453.6 gm),Fruit,1.324,APU0000711411
2019-12-01,2019,12,Grapefruit,lb. (453.6 gm),Fruit,1.254,APU0000711411
2020-01-01,2020,1,Grapefruit,lb. (453.6 gm),Fruit,1.226,APU0000711411
2020-02-01,2020,2,Grapefruit,lb. (453.6 gm),Fruit,1.189,APU0000711411
2023-06-01,2023,6,Grapefruit,lb. (453.6 gm),Fruit,1.588,APU0000711411
2023-07-01,2023,7,Grapefruit,lb. (453.6 gm),Fruit,1.587,APU0000711411
2023-08-01,2023,8,Grapefruit,lb. (453.6 gm),Fruit,1.57,APU0000711411
2023-09-01,2023,9,Grapefruit,lb. (453.6 gm),Fruit,1.677,APU0000711411
2023-10-01,2023,10,Grapefruit,lb. (453.6 gm),Fruit,1.834,APU0000711411
2023-11-01,2023,11,Grapefruit,lb. (453.6 gm),Fruit,1.832,APU0000711411
2023-12-01,2023,12,Grapefruit,lb. (453.6 gm),Fruit,1.78,APU0000711411
2024-01-01,2024,1,Grapefruit,lb. (453.6 gm),Fruit,1.712,APU0000711411
2024-02-01,2024,2,Grapefruit,lb. (453.6 gm),Fruit,1.691,APU0000711411
2024-03-01,2024,3,Grapefruit,lb. (453.6 gm),Fruit,1.7,APU0000711411
2024-04-01,2024,4,Grapefruit,lb. (453.6 gm),Fruit,1.696,APU0000711411
2024-05-01,2024,5,Grapefruit,lb. (453.6 gm),Fruit,1.648,APU0000711411
2024-06-01,2024,6,Grapefruit,lb. (453.6 gm),Fruit,1.665,APU0000711411
2024-07-01,2024,7,Grapefruit,lb. (453.6 gm),Fruit,1.649,APU0000711411
2024-08-01,2024,8,Grapefruit,lb. (453.6 gm),Fruit,1.586,APU0000711411
2024-09-01,2024,9,Grapefruit,lb. (453.6 gm),Fruit,1.673,APU0000711411
2024-11-01,2024,11,Grapefruit,lb. (453.6 gm),Fruit,1.713,APU0000711411
2024-12-01,2024,12,Grapefruit,lb. (453.6 gm),Fruit,1.733,APU0000711411
2025-01-01,2025,1,Grapefruit,lb. (453.6 gm),Fruit,1.676,APU0000711411
2025-02-01,2025,2,Grapefruit,lb. (453.6 gm),Fruit,1.668,APU0000711411
2025-03-01,2025,3,Grapefruit,lb. (453.6 gm),Fruit,1.695,APU0000711411
2025-04-01,2025,4,Grapefruit,lb. (453.6 gm),Fruit,1.699,APU0000711411
2025-05-01,2025,5,Grapefruit,lb. (453.6 gm),Fruit,1.675,APU0000711411
2025-06-01,2025,6,Grapefruit,lb. (453.6 gm),Fruit,1.715,APU0000711411
2025-07-01,2025,7,Grapefruit,lb. (453.6 gm),Fruit,1.726,APU0000711411
2025-08-01,2025,8,Grapefruit,lb. (453.6 gm),Fruit,1.717,APU0000711411
2025-09-01,2025,9,Grapefruit,lb. (453.6 gm),Fruit,1.699,APU0000711411
2025-11-01,2025,11,Grapefruit,lb. (453.6 gm),Fruit,1.563,APU0000711411
2025-12-01,2025,12,Grapefruit,lb. (453.6 gm),Fruit,1.542,APU0000711411
2026-01-01,2026,1,Grapefruit,lb. (453.6 gm),Fruit,1.578,APU0000711411
2026-02-01,2026,2,Grapefruit,lb. (453.6 gm),Fruit,1.564,APU0000711411
2026-03-01,2026,3,Grapefruit,lb. (453.6 gm),Fruit,1.568,APU0000711411
2026-04-01,2026,4,Grapefruit,lb. (453.6 gm),Fruit,1.54,APU0000711411
2026-05-01,2026,5,Grapefruit,lb. (453.6 gm),Fruit,1.595,APU0000711411
2026-06-01,2026,6,Grapefruit,lb. (453.6 gm),Fruit,1.634,APU0000711411
2026-07-01,2026,7,Grapefruit,lb. (453.6 gm),Fruit,1.614,APU0000711411
2015-01-01,2015,1,"Grapes, Thompson Seedless",lb. (453.6 gm),Fruit,3.209,APU0000711417
2015-02-01,2015,2,"Grapes, Thompson Seedless",lb. (453.6 gm),Fruit,3.006,APU0000711417
2015-03-01,2015,3,"Grapes, Thompson Seedless",lb. (453.6 gm),Fruit,2.653,APU0000711417
2015-04-01,2015,4,"Grapes, Thompson Seedless",lb. (453.6 gm),Fruit,2.737,APU0000711417
2015-05-01,2015,5,"Grapes, Thompson Seedless",lb. (453.6 gm),Fruit,3.001,APU0000711417
2015-06-01,2015,6,"Grapes, Thompson Seedless",lb. (453.6 gm),Fruit,2.515,APU0000711417
2015-07-01,2015,7,"Grapes, Thompson Seedless",lb. (453.6 gm),Fruit,2.328,APU0000711417
2015-08-01,2015,8,"Grapes, Thompson Seedless",lb. (453.6 gm),Fruit,2.1,APU0000711417
2015-09-01,2015,9,"Grapes, Thompson Seedless",lb. (453.6 gm),Fruit,2.13,APU0000711417
2015-10-01,2015,10,"Grapes, Thompson Seedless",lb. (453.6 gm),Fruit,2.16,APU0000711417
2015-11-01,2015,11,"Grapes, Thompson Seedless",lb. (453.6 gm),Fruit,2.424,APU0000711417
2015-12-01,2015,12,"Grapes, Thompson Seedless",lb. (453.6 gm),Fruit,2.833,APU0000711417
2016-01-01,2016,1,"Grapes, Thompson Seedless",lb. (453.6 gm),Fruit,3.535,APU0000711417
2016-02-01,2016,2,"Grapes, Thompson Seedless",lb. (453.6 gm),Fruit,3.614,APU0000711417
2016-03-01,2016,3,"Grapes, Thompson Seedless",lb. (453.6 gm),Fruit,3.016,APU0000711417
2016-04-01,2016,4,"Grapes, Thompson Seedless",lb. (453.6 gm),Fruit,2.81,APU0000711417
2016-05-01,2016,5,"Grapes, Thompson Seedless",lb. (453.6 gm),Fruit,3.411,APU0000711417
2016-06-01,2016,6,"Grapes, Thompson Seedless",lb. (453.6 gm),Fruit,2.654,APU0000711417
2016-07-01,2016,7,"Grapes, Thompson Seedless",lb. (453.6 gm),Fruit,2.359,APU0000711417
2016-08-01,2016,8,"Grapes, Thompson Seedless",lb. (453.6 gm),Fruit,2.155,APU0000711417
2016-09-01,2016,9,"Grapes, Thompson Seedless",lb. (453.6 gm),Fruit,2.061,APU0000711417
2016-10-01,2016,10,"Grapes, Thompson Seedless",lb. (453.6 gm),Fruit,2.145,APU0000711417
2016-11-01,2016,11,"Grapes, Thompson Seedless",lb. (453.6 gm),Fruit,2.455,APU0000711417
2016-12-01,2016,12,"Grapes, Thompson Seedless",lb. (453.6 gm),Fruit,2.878,APU0000711417
2017-01-01,2017,1,"Grapes, Thompson Seedless",lb. (453.6 gm),Fruit,3.238,APU0000711417
2017-02-01,2017,2,"Grapes, Thompson Seedless",lb. (453.6 gm),Fruit,2.836,APU0000711417
2017-03-01,2017,3,"Grapes, Thompson Seedless",lb. (453.6 gm),Fruit,2.562,APU0000711417
2017-04-01,2017,4,"Grapes, Thompson Seedless",lb. (453.6 gm),Fruit,3.117,APU0000711417
2017-05-01,2017,5,"Grapes, Thompson Seedless",lb. (453.6 gm),Fruit,3.331,APU0000711417
2017-06-01,2017,6,"Grapes, Thompson Seedless",lb. (453.6 gm),Fruit,2.489,APU0000711417
2017-07-01,2017,7,"Grapes, Thompson Seedless",lb. (453.6 gm),Fruit,2.42,APU0000711417
2017-08-01,2017,8,"Grapes, Thompson Seedless",lb. (453.6 gm),Fruit,2.213,APU0000711417
2017-09-01,2017,9,"Grapes, Thompson Seedless",lb. (453.6 gm),Fruit,2.185,APU0000711417
2017-10-01,2017,10,"Grapes, Thompson Seedless",lb. (453.6 gm),Fruit,2.302,APU0000711417
2017-11-01,2017,11,"Grapes, Thompson Seedless",lb. (453.6 gm),Fruit,2.389,APU0000711417
2017-12-01,2017,12,"Grapes, Thompson Seedless",lb. (453.6 gm),Fruit,2.606,APU0000711417
2018-01-01,2018,1,"Grapes, Thompson Seedless",lb. (453.6 gm),Fruit,3.023,APU0000711417
2018-02-01,2018,2,"Grapes, Thompson Seedless",lb. (453.6 gm),Fruit,2.9,APU0000711417
2018-03-01,2018,3,"Grapes, Thompson Seedless",lb. (453.6 gm),Fruit,2.602,APU0000711417
2018-04-01,2018,4,"Grapes, Thompson Seedless",lb. (453.6 gm),Fruit,2.817,APU0000711417
2018-05-01,2018,5,"Grapes, Thompson Seedless",lb. (453.6 gm),Fruit,3.136,APU0000711417
2018-06-01,2018,6,"Grapes, Thompson Seedless",lb. (453.6 gm),Fruit,2.829,APU0000711417
2018-07-01,2018,7,"Grapes, Thompson Seedless",lb. (453.6 gm),Fruit,2.774,APU0000711417
2018-08-01,2018,8,"Grapes, Thompson Seedless",lb. (453.6 gm),Fruit,2.282,APU0000711417
2018-09-01,2018,9,"Grapes, Thompson Seedless",lb. (453.6 gm),Fruit,2.208,APU0000711417
2018-10-01,2018,10,"Grapes, Thompson Seedless",lb. (453.6 gm),Fruit,2.088,APU0000711417
2018-11-01,2018,11,"Grapes, Thompson Seedless",lb. (453.6 gm),Fruit,2.06,APU0000711417
2018-12-01,2018,12,"Grapes, Thompson Seedless",lb. (453.6 gm),Fruit,2.283,APU0000711417
2019-01-01,2019,1,"Grapes, Thompson Seedless",lb. (453.6 gm),Fruit,2.589,APU0000711417
2019-02-01,2019,2,"Grapes, Thompson Seedless",lb. (453.6 gm),Fruit,2.763,APU0000711417
2019-03-01,2019,3,"Grapes, Thompson Seedless",lb. (453.6 gm),Fruit,2.746,APU0000711417
2019-04-01,2019,4,"Grapes, Thompson Seedless",lb. (453.6 gm),Fruit,2.919,APU0000711417
2019-05-01,2019,5,"Grapes, Thompson Seedless",lb. (453.6 gm),Fruit,3.123,APU0000711417
2019-06-01,2019,6,"Grapes, Thompson Seedless",lb. (453.6 gm),Fruit,2.675,APU0000711417
2019-07-01,2019,7,"Grapes, Thompson Seedless",lb. (453.6 gm),Fruit,2.15,APU0000711417
2019-08-01,2019,8,"Grapes, Thompson Seedless",lb. (453.6 gm),Fruit,2.023,APU0000711417
2019-09-01,2019,9,"Grapes, Thompson Seedless",lb. (453.6 gm),Fruit,1.919,APU0000711417
2019-10-01,2019,10,"Grapes, Thompson Seedless",lb. (453.6 gm),Fruit,1.954,APU0000711417
2019-11-01,2019,11,"Grapes, Thompson Seedless",lb. (453.6 gm),Fruit,2.097,APU0000711417
2019-12-01,2019,12,"Grapes, Thompson Seedless",lb. (453.6 gm),Fruit,2.386,APU0000711417
2020-01-01,2020,1,"Grapes, Thompson Seedless",lb. (453.6 gm),Fruit,2.751,APU0000711417
2020-02-01,2020,2,"Grapes, Thompson Seedless",lb. (453.6 gm),Fruit,2.572,APU0000711417
2020-03-01,2020,3,"Grapes, Thompson Seedless",lb. (453.6 gm),Fruit,2.519,APU0000711417
2020-06-01,2020,6,"Grapes, Thompson Seedless",lb. (453.6 gm),Fruit,2.117,APU0000711417
2020-07-01,2020,7,"Grapes, Thompson Seedless",lb. (453.6 gm),Fruit,2.121,APU0000711417
2020-08-01,2020,8,"Grapes, Thompson Seedless",lb. (453.6 gm),Fruit,2.183,APU0000711417
2020-09-01,2020,9,"Grapes, Thompson Seedless",lb. (453.6 gm),Fruit,1.955,APU0000711417
2020-10-01,2020,10,"Grapes, Thompson Seedless",lb. (453.6 gm),Fruit,2.183,APU0000711417
2020-11-01,2020,11,"Grapes, Thompson Seedless",lb. (453.6 gm),Fruit,2.229,APU0000711417
2020-12-01,2020,12,"Grapes, Thompson Seedless",lb. (453.6 gm),Fruit,2.204,APU0000711417
2021-01-01,2021,1,"Grapes, Thompson Seedless",lb. (453.6 gm),Fruit,2.501,APU0000711417
2021-02-01,2021,2,"Grapes, Thompson Seedless",lb. (453.6 gm),Fruit,2.503,APU0000711417
2021-03-01,2021,3,"Grapes, Thompson Seedless",lb. (453.6 gm),Fruit,2.602,APU0000711417
2021-06-01,2021,6,"Grapes, Thompson Seedless",lb. (453.6 gm),Fruit,2.754,APU0000711417
2021-07-01,2021,7,"Grapes, Thompson Seedless",lb. (453.6 gm),Fruit,2.177,APU0000711417
2021-08-01,2021,8,"Grapes, Thompson Seedless",lb. (453.6 gm),Fruit,2.326,APU0000711417
2021-09-01,2021,9,"Grapes, Thompson Seedless",lb. (453.6 gm),Fruit,2.359,APU0000711417
2015-01-01,2015,1,"Ground beef, 100% beef",lb. (453.6 gm),Beef,4.235,APU0000703112
2015-02-01,2015,2,"Ground beef, 100% beef",lb. (453.6 gm),Beef,4.238,APU0000703112
2015-03-01,2015,3,"Ground beef, 100% beef",lb. (453.6 gm),Beef,4.2,APU0000703112
2015-04-01,2015,4,"Ground beef, 100% beef",lb. (453.6 gm),Beef,4.231,APU0000703112
2015-05-01,2015,5,"Ground beef, 100% beef",lb. (453.6 gm),Beef,4.136,APU0000703112
2015-06-01,2015,6,"Ground beef, 100% beef",lb. (453.6 gm),Beef,4.221,APU0000703112
2015-07-01,2015,7,"Ground beef, 100% beef",lb. (453.6 gm),Beef,4.2,APU0000703112
2015-08-01,2015,8,"Ground beef, 100% beef",lb. (453.6 gm),Beef,4.159,APU0000703112
2015-09-01,2015,9,"Ground beef, 100% beef",lb. (453.6 gm),Beef,4.126,APU0000703112
2015-10-01,2015,10,"Ground beef, 100% beef",lb. (453.6 gm),Beef,4.083,APU0000703112
2015-11-01,2015,11,"Ground beef, 100% beef",lb. (453.6 gm),Beef,4.113,APU0000703112
2015-12-01,2015,12,"Ground beef, 100% beef",lb. (453.6 gm),Beef,4.06,APU0000703112
2016-01-01,2016,1,"Ground beef, 100% beef",lb. (453.6 gm),Beef,3.978,APU0000703112
2016-02-01,2016,2,"Ground beef, 100% beef",lb. (453.6 gm),Beef,3.964,APU0000703112
2016-03-01,2016,3,"Ground beef, 100% beef",lb. (453.6 gm),Beef,3.955,APU0000703112
2016-04-01,2016,4,"Ground beef, 100% beef",lb. (453.6 gm),Beef,3.815,APU0000703112
2016-05-01,2016,5,"Ground beef, 100% beef",lb. (453.6 gm),Beef,3.717,APU0000703112
2016-06-01,2016,6,"Ground beef, 100% beef",lb. (453.6 gm),Beef,3.725,APU0000703112
2016-07-01,2016,7,"Ground beef, 100% beef",lb. (453.6 gm),Beef,3.69,APU0000703112
2016-08-01,2016,8,"Ground beef, 100% beef",lb. (453.6 gm),Beef,3.657,APU0000703112
2016-09-01,2016,9,"Ground beef, 100% beef",lb. (453.6 gm),Beef,3.665,APU0000703112
2016-10-01,2016,10,"Ground beef, 100% beef",lb. (453.6 gm),Beef,3.679,APU0000703112
2016-11-01,2016,11,"Ground beef, 100% beef",lb. (453.6 gm),Beef,3.597,APU0000703112
2016-12-01,2016,12,"Ground beef, 100% beef",lb. (453.6 gm),Beef,3.559,APU0000703112
2017-01-01,2017,1,"Ground beef, 100% beef",lb. (453.6 gm),Beef,3.553,APU0000703112
2017-02-01,2017,2,"Ground beef, 100% beef",lb. (453.6 gm),Beef,3.557,APU0000703112
2017-03-01,2017,3,"Ground beef, 100% beef",lb. (453.6 gm),Beef,3.594,APU0000703112
2017-04-01,2017,4,"Ground beef, 100% beef",lb. (453.6 gm),Beef,3.547,APU0000703112
2017-05-01,2017,5,"Ground beef, 100% beef",lb. (453.6 gm),Beef,3.559,APU0000703112
2017-06-01,2017,6,"Ground beef, 100% beef",lb. (453.6 gm),Beef,3.679,APU0000703112
2017-07-01,2017,7,"Ground beef, 100% beef",lb. (453.6 gm),Beef,3.754,APU0000703112
2017-08-01,2017,8,"Ground beef, 100% beef",lb. (453.6 gm),Beef,3.732,APU0000703112
2017-09-01,2017,9,"Ground beef, 100% beef",lb. (453.6 gm),Beef,3.707,APU0000703112
2017-10-01,2017,10,"Ground beef, 100% beef",lb. (453.6 gm),Beef,3.688,APU0000703112
2017-11-01,2017,11,"Ground beef, 100% beef",lb. (453.6 gm),Beef,3.638,APU0000703112
2017-12-01,2017,12,"Ground beef, 100% beef",lb. (453.6 gm),Beef,3.708,APU0000703112
2018-01-01,2018,1,"Ground beef, 100% beef",lb. (453.6 gm),Beef,3.641,APU0000703112
2018-02-01,2018,2,"Ground beef, 100% beef",lb. (453.6 gm),Beef,3.642,APU0000703112
2018-03-01,2018,3,"Ground beef, 100% beef",lb. (453.6 gm),Beef,3.657,APU0000703112
2018-04-01,2018,4,"Ground beef, 100% beef",lb. (453.6 gm),Beef,3.73,APU0000703112
2018-05-01,2018,5,"Ground beef, 100% beef",lb. (453.6 gm),Beef,3.685,APU0000703112
2018-06-01,2018,6,"Ground beef, 100% beef",lb. (453.6 gm),Beef,3.729,APU0000703112
2018-07-01,2018,7,"Ground beef, 100% beef",lb. (453.6 gm),Beef,3.745,APU0000703112
2018-08-01,2018,8,"Ground beef, 100% beef",lb. (453.6 gm),Beef,3.792,APU0000703112
2018-09-01,2018,9,"Ground beef, 100% beef",lb. (453.6 gm),Beef,3.743,APU0000703112
2018-10-01,2018,10,"Ground beef, 100% beef",lb. (453.6 gm),Beef,3.714,APU0000703112
2018-11-01,2018,11,"Ground beef, 100% beef",lb. (453.6 gm),Beef,3.781,APU0000703112
2018-12-01,2018,12,"Ground beef, 100% beef",lb. (453.6 gm),Beef,3.725,APU0000703112
2019-01-01,2019,1,"Ground beef, 100% beef",lb. (453.6 gm),Beef,3.801,APU0000703112
2019-02-01,2019,2,"Ground beef, 100% beef",lb. (453.6 gm),Beef,3.758,APU0000703112
2019-03-01,2019,3,"Ground beef, 100% beef",lb. (453.6 gm),Beef,3.725,APU0000703112
2019-04-01,2019,4,"Ground beef, 100% beef",lb. (453.6 gm),Beef,3.775,APU0000703112
2019-05-01,2019,5,"Ground beef, 100% beef",lb. (453.6 gm),Beef,3.822,APU0000703112
2019-06-01,2019,6,"Ground beef, 100% beef",lb. (453.6 gm),Beef,3.812,APU0000703112
2019-07-01,2019,7,"Ground beef, 100% beef",lb. (453.6 gm),Beef,3.8,APU0000703112
2019-08-01,2019,8,"Ground beef, 100% beef",lb. (453.6 gm),Beef,3.819,APU0000703112
2019-09-01,2019,9,"Ground beef, 100% beef",lb. (453.6 gm),Beef,3.851,APU0000703112
2019-10-01,2019,10,"Ground beef, 100% beef",lb. (453.6 gm),Beef,3.841,APU0000703112
2019-11-01,2019,11,"Ground beef, 100% beef",lb. (453.6 gm),Beef,3.812,APU0000703112
2019-12-01,2019,12,"Ground beef, 100% beef",lb. (453.6 gm),Beef,3.862,APU0000703112
2020-01-01,2020,1,"Ground beef, 100% beef",lb. (453.6 gm),Beef,3.886,APU0000703112
2020-02-01,2020,2,"Ground beef, 100% beef",lb. (453.6 gm),Beef,3.865,APU0000703112
2020-03-01,2020,3,"Ground beef, 100% beef",lb. (453.6 gm),Beef,3.881,APU0000703112
2020-04-01,2020,4,"Ground beef, 100% beef",lb. (453.6 gm),Beef,4.052,APU0000703112
2020-05-01,2020,5,"Ground beef, 100% beef",lb. (453.6 gm),Beef,4.461,APU0000703112
2020-06-01,2020,6,"Ground beef, 100% beef",lb. (453.6 gm),Beef,4.737,APU0000703112
2020-07-01,2020,7,"Ground beef, 100% beef",lb. (453.6 gm),Beef,4.264,APU0000703112
2020-08-01,2020,8,"Ground beef, 100% beef",lb. (453.6 gm),Beef,4.177,APU0000703112
2020-09-01,2020,9,"Ground beef, 100% beef",lb. (453.6 gm),Beef,4.076,APU0000703112
2020-10-01,2020,10,"Ground beef, 100% beef",lb. (453.6 gm),Beef,4.008,APU0000703112
2020-11-01,2020,11,"Ground beef, 100% beef",lb. (453.6 gm),Beef,4.027,APU0000703112
2020-12-01,2020,12,"Ground beef, 100% beef",lb. (453.6 gm),Beef,3.951,APU0000703112
2021-01-01,2021,1,"Ground beef, 100% beef",lb. (453.6 gm),Beef,3.965,APU0000703112
2021-02-01,2021,2,"Ground beef, 100% beef",lb. (453.6 gm),Beef,3.987,APU0000703112
2021-03-01,2021,3,"Ground beef, 100% beef",lb. (453.6 gm),Beef,4.042,APU0000703112
2021-04-01,2021,4,"Ground beef, 100% beef",lb. (453.6 gm),Beef,4.096,APU0000703112
2021-05-01,2021,5,"Ground beef, 100% beef",lb. (453.6 gm),Beef,4.101,APU0000703112
2021-06-01,2021,6,"Ground beef, 100% beef",lb. (453.6 gm),Beef,4.357,APU0000703112
2021-07-01,2021,7,"Ground beef, 100% beef",lb. (453.6 gm),Beef,4.388,APU0000703112
2021-08-01,2021,8,"Ground beef, 100% beef",lb. (453.6 gm),Beef,4.468,APU0000703112
2021-09-01,2021,9,"Ground beef, 100% beef",lb. (453.6 gm),Beef,4.504,APU0000703112
2021-10-01,2021,10,"Ground beef, 100% beef",lb. (453.6 gm),Beef,4.719,APU0000703112
2021-11-01,2021,11,"Ground beef, 100% beef",lb. (453.6 gm),Beef,4.716,APU0000703112
2021-12-01,2021,12,"Ground beef, 100% beef",lb. (453.6 gm),Beef,4.604,APU0000703112
2022-01-01,2022,1,"Ground beef, 100% beef",lb. (453.6 gm),Beef,4.554,APU0000703112
2022-02-01,2022,2,"Ground beef, 100% beef",lb. (453.6 gm),Beef,4.63,APU0000703112
2022-03-01,2022,3,"Ground beef, 100% beef",lb. (453.6 gm),Beef,4.757,APU0000703112
2022-04-01,2022,4,"Ground beef, 100% beef",lb. (453.6 gm),Beef,4.916,APU0000703112
2022-05-01,2022,5,"Ground beef, 100% beef",lb. (453.6 gm),Beef,4.794,APU0000703112
2022-06-01,2022,6,"Ground beef, 100% beef",lb. (453.6 gm),Beef,4.889,APU0000703112
2022-07-01,2022,7,"Ground beef, 100% beef",lb. (453.6 gm),Beef,4.893,APU0000703112
2022-08-01,2022,8,"Ground beef, 100% beef",lb. (453.6 gm),Beef,4.937,APU0000703112
2022-09-01,2022,9,"Ground beef, 100% beef",lb. (453.6 gm),Beef,4.862,APU0000703112
2022-10-01,2022,10,"Ground beef, 100% beef",lb. (453.6 gm),Beef,4.836,APU0000703112
2022-11-01,2022,11,"Ground beef, 100% beef",lb. (453.6 gm),Beef,4.853,APU0000703112
2022-12-01,2022,12,"Ground beef, 100% beef",lb. (453.6 gm),Beef,4.8,APU0000703112
2023-01-01,2023,1,"Ground beef, 100% beef",lb. (453.6 gm),Beef,4.791,APU0000703112
2023-02-01,2023,2,"Ground beef, 100% beef",lb. (453.6 gm),Beef,4.778,APU0000703112
2023-03-01,2023,3,"Ground beef, 100% beef",lb. (453.6 gm),Beef,4.813,APU0000703112
2023-04-01,2023,4,"Ground beef, 100% beef",lb. (453.6 gm),Beef,4.79,APU0000703112
2023-05-01,2023,5,"Ground beef, 100% beef",lb. (453.6 gm),Beef,4.96,APU0000703112
2023-06-01,2023,6,"Ground beef, 100% beef",lb. (453.6 gm),Beef,5.028,APU0000703112
2023-07-01,2023,7,"Ground beef, 100% beef",lb. (453.6 gm),Beef,5.102,APU0000703112
2023-08-01,2023,8,"Ground beef, 100% beef",lb. (453.6 gm),Beef,5.076,APU0000703112
2023-09-01,2023,9,"Ground beef, 100% beef",lb. (453.6 gm),Beef,5.109,APU0000703112
2023-10-01,2023,10,"Ground beef, 100% beef",lb. (453.6 gm),Beef,5.226,APU0000703112
2023-11-01,2023,11,"Ground beef, 100% beef",lb. (453.6 gm),Beef,5.353,APU0000703112
2023-12-01,2023,12,"Ground beef, 100% beef",lb. (453.6 gm),Beef,5.21,APU0000703112
2024-01-01,2024,1,"Ground beef, 100% beef",lb. (453.6 gm),Beef,5.03,APU0000703112
2024-02-01,2024,2,"Ground beef, 100% beef",lb. (453.6 gm),Beef,5.132,APU0000703112
2024-03-01,2024,3,"Ground beef, 100% beef",lb. (453.6 gm),Beef,5.132,APU0000703112
2024-04-01,2024,4,"Ground beef, 100% beef",lb. (453.6 gm),Beef,5.236,APU0000703112
2024-05-01,2024,5,"Ground beef, 100% beef",lb. (453.6 gm),Beef,5.148,APU0000703112
2024-06-01,2024,6,"Ground beef, 100% beef",lb. (453.6 gm),Beef,5.472,APU0000703112
2024-07-01,2024,7,"Ground beef, 100% beef",lb. (453.6 gm),Beef,5.497,APU0000703112
2024-08-01,2024,8,"Ground beef, 100% beef",lb. (453.6 gm),Beef,5.577,APU0000703112
2024-09-01,2024,9,"Ground beef, 100% beef",lb. (453.6 gm),Beef,5.67,APU0000703112
2024-10-01,2024,10,"Ground beef, 100% beef",lb. (453.6 gm),Beef,5.588,APU0000703112
2024-11-01,2024,11,"Ground beef, 100% beef",lb. (453.6 gm),Beef,5.628,APU0000703112
2024-12-01,2024,12,"Ground beef, 100% beef",lb. (453.6 gm),Beef,5.605,APU0000703112
2025-01-01,2025,1,"Ground beef, 100% beef",lb. (453.6 gm),Beef,5.545,APU0000703112
2025-02-01,2025,2,"Ground beef, 100% beef",lb. (453.6 gm),Beef,5.625,APU0000703112
2025-03-01,2025,3,"Ground beef, 100% beef",lb. (453.6 gm),Beef,5.79,APU0000703112
2025-04-01,2025,4,"Ground beef, 100% beef",lb. (453.6 gm),Beef,5.801,APU0000703112
2025-05-01,2025,5,"Ground beef, 100% beef",lb. (453.6 gm),Beef,5.981,APU0000703112
2025-06-01,2025,6,"Ground beef, 100% beef",lb. (453.6 gm),Beef,6.12,APU0000703112
2025-07-01,2025,7,"Ground beef, 100% beef",lb. (453.6 gm),Beef,6.254,APU0000703112
2025-08-01,2025,8,"Ground beef, 100% beef",lb. (453.6 gm),Beef,6.318,APU0000703112
2025-09-01,2025,9,"Ground beef, 100% beef",lb. (453.6 gm),Beef,6.323,APU0000703112
2025-11-01,2025,11,"Ground beef, 100% beef",lb. (453.6 gm),Beef,6.54,APU0000703112
2025-12-01,2025,12,"Ground beef, 100% beef",lb. (453.6 gm),Beef,6.687,APU0000703112
2026-01-01,2026,1,"Ground beef, 100% beef",lb. (453.6 gm),Beef,6.752,APU0000703112
2026-02-01,2026,2,"Ground beef, 100% beef",lb. (453.6 gm),Beef,6.739,APU0000703112
2026-03-01,2026,3,"Ground beef, 100% beef",lb. (453.6 gm),Beef,6.701,APU0000703112
2026-04-01,2026,4,"Ground beef, 100% beef",lb. (453.6 gm),Beef,6.899,APU0000703112
2026-05-01,2026,5,"Ground beef, 100% beef",lb. (453.6 gm),Beef,6.745,APU0000703112
2026-06-01,2026,6,"Ground beef, 100% beef",lb. (453.6 gm),Beef,6.825,APU0000703112
2026-07-01,2026,7,"Ground beef, 100% beef",lb. (453.6 gm),Beef,6.885,APU0000703112
2015-01-01,2015,1,"Ground beef, lean and extra lean",lb. (453.6 gm),Beef,6.032,APU0000703113
2015-02-01,2015,2,"Ground beef, lean and extra lean",lb. (453.6 gm),Beef,6.184,APU0000703113
2015-03-01,2015,3,"Ground beef, lean and extra lean",lb. (453.6 gm),Beef,6.099,APU0000703113
2015-04-01,2015,4,"Ground beef, lean and extra lean",lb. (453.6 gm),Beef,6.105,APU0000703113
2015-05-01,2015,5,"Ground beef, lean and extra lean",lb. (453.6 gm),Beef,6.195,APU0000703113
2015-06-01,2015,6,"Ground beef, lean and extra lean",lb. (453.6 gm),Beef,6.111,APU0000703113
2015-07-01,2015,7,"Ground beef, lean and extra lean",lb. (453.6 gm),Beef,6.184,APU0000703113
2015-08-01,2015,8,"Ground beef, lean and extra lean",lb. (453.6 gm),Beef,6.116,APU0000703113
2015-09-01,2015,9,"Ground beef, lean and extra lean",lb. (453.6 gm),Beef,6.139,APU0000703113
2015-10-01,2015,10,"Ground beef, lean and extra lean",lb. (453.6 gm),Beef,6.097,APU0000703113
2015-11-01,2015,11,"Ground beef, lean and extra lean",lb. (453.6 gm),Beef,6.047,APU0000703113
2015-12-01,2015,12,"Ground beef, lean and extra lean",lb. (453.6 gm),Beef,5.885,APU0000703113
2016-01-01,2016,1,"Ground beef, lean and extra lean",lb. (453.6 gm),Beef,5.7,APU0000703113
2016-02-01,2016,2,"Ground beef, lean and extra lean",lb. (453.6 gm),Beef,5.611,APU0000703113
2016-03-01,2016,3,"Ground beef, lean and extra lean",lb. (453.6 gm),Beef,5.678,APU0000703113
2016-04-01,2016,4,"Ground beef, lean and extra lean",lb. (453.6 gm),Beef,5.638,APU0000703113
2016-05-01,2016,5,"Ground beef, lean and extra lean",lb. (453.6 gm),Beef,5.742,APU0000703113
2016-06-01,2016,6,"Ground beef, lean and extra lean",lb. (453.6 gm),Beef,5.786,APU0000703113
2016-07-01,2016,7,"Ground beef, lean and extra lean",lb. (453.6 gm),Beef,5.865,APU0000703113
2016-08-01,2016,8,"Ground beef, lean and extra lean",lb. (453.6 gm),Beef,5.844,APU0000703113
2016-09-01,2016,9,"Ground beef, lean and extra lean",lb. (453.6 gm),Beef,5.764,APU0000703113
2016-10-01,2016,10,"Ground beef, lean and extra lean",lb. (453.6 gm),Beef,5.693,APU0000703113
2016-11-01,2016,11,"Ground beef, lean and extra lean",lb. (453.6 gm),Beef,5.672,APU0000703113
2016-12-01,2016,12,"Ground beef, lean and extra lean",lb. (453.6 gm),Beef,5.542,APU0000703113
2017-01-01,2017,1,"Ground beef, lean and extra lean",lb. (453.6 gm),Beef,5.543,APU0000703113
2017-02-01,2017,2,"Ground beef, lean and extra lean",lb. (453.6 gm),Beef,5.563,APU0000703113
2017-03-01,2017,3,"Ground beef, lean and extra lean",lb. (453.6 gm),Beef,5.612,APU0000703113
2017-04-01,2017,4,"Ground beef, lean and extra lean",lb. (453.6 gm),Beef,5.707,APU0000703113
2017-05-01,2017,5,"Ground beef, lean and extra lean",lb. (453.6 gm),Beef,5.613,APU0000703113
2017-06-01,2017,6,"Ground beef, lean and extra lean",lb. (453.6 gm),Beef,5.759,APU0000703113
2017-07-01,2017,7,"Ground beef, lean and extra lean",lb. (453.6 gm),Beef,5.741,APU0000703113
2017-08-01,2017,8,"Ground beef, lean and extra lean",lb. (453.6 gm),Beef,5.888,APU0000703113
2017-09-01,2017,9,"Ground beef, lean and extra lean",lb. (453.6 gm),Beef,5.772,APU0000703113
2017-10-01,2017,10,"Ground beef, lean and extra lean",lb. (453.6 gm),Beef,5.369,APU0000703113
2017-11-01,2017,11,"Ground beef, lean and extra lean",lb. (453.6 gm),Beef,5.43,APU0000703113
2017-12-01,2017,12,"Ground beef, lean and extra lean",lb. (453.6 gm),Beef,5.516,APU0000703113
2018-01-01,2018,1,"Ground beef, lean and extra lean",lb. (453.6 gm),Beef,5.247,APU0000703113
2018-02-01,2018,2,"Ground beef, lean and extra lean",lb. (453.6 gm),Beef,5.333,APU0000703113
2018-03-01,2018,3,"Ground beef, lean and extra lean",lb. (453.6 gm),Beef,5.367,APU0000703113
2018-04-01,2018,4,"Ground beef, lean and extra lean",lb. (453.6 gm),Beef,5.523,APU0000703113
2018-05-01,2018,5,"Ground beef, lean and extra lean",lb. (453.6 gm),Beef,5.426,APU0000703113
2018-06-01,2018,6,"Ground beef, lean and extra lean",lb. (453.6 gm),Beef,5.36,APU0000703113
2018-07-01,2018,7,"Ground beef, lean and extra lean",lb. (453.6 gm),Beef,5.36,APU0000703113
2018-08-01,2018,8,"Ground beef, lean and extra lean",lb. (453.6 gm),Beef,5.381,APU0000703113
2018-09-01,2018,9,"Ground beef, lean and extra lean",lb. (453.6 gm),Beef,5.404,APU0000703113
2018-10-01,2018,10,"Ground beef, lean and extra lean",lb. (453.6 gm),Beef,5.252,APU0000703113
2018-11-01,2018,11,"Ground beef, lean and extra lean",lb. (453.6 gm),Beef,5.245,APU0000703113
2018-12-01,2018,12,"Ground beef, lean and extra lean",lb. (453.6 gm),Beef,5.262,APU0000703113
2019-01-01,2019,1,"Ground beef, lean and extra lean",lb. (453.6 gm),Beef,5.253,APU0000703113
2019-02-01,2019,2,"Ground beef, lean and extra lean",lb. (453.6 gm),Beef,5.208,APU0000703113
2019-03-01,2019,3,"Ground beef, lean and extra lean",lb. (453.6 gm),Beef,5.186,APU0000703113
2019-04-01,2019,4,"Ground beef, lean and extra lean",lb. (453.6 gm),Beef,5.288,APU0000703113
2019-05-01,2019,5,"Ground beef, lean and extra lean",lb. (453.6 gm),Beef,5.486,APU0000703113
2019-06-01,2019,6,"Ground beef, lean and extra lean",lb. (453.6 gm),Beef,5.428,APU0000703113
2019-07-01,2019,7,"Ground beef, lean and extra lean",lb. (453.6 gm),Beef,5.462,APU0000703113
2019-08-01,2019,8,"Ground beef, lean and extra lean",lb. (453.6 gm),Beef,5.444,APU0000703113
2019-09-01,2019,9,"Ground beef, lean and extra lean",lb. (453.6 gm),Beef,5.351,APU0000703113
2019-10-01,2019,10,"Ground beef, lean and extra lean",lb. (453.6 gm),Beef,5.463,APU0000703113
2019-11-01,2019,11,"Ground beef, lean and extra lean",lb. (453.6 gm),Beef,5.475,APU0000703113
2019-12-01,2019,12,"Ground beef, lean and extra lean",lb. (453.6 gm),Beef,5.518,APU0000703113
2020-01-01,2020,1,"Ground beef, lean and extra lean",lb. (453.6 gm),Beef,5.63,APU0000703113
2020-02-01,2020,2,"Ground beef, lean and extra lean",lb. (453.6 gm),Beef,5.521,APU0000703113
2020-03-01,2020,3,"Ground beef, lean and extra lean",lb. (453.6 gm),Beef,5.635,APU0000703113
2020-04-01,2020,4,"Ground beef, lean and extra lean",lb. (453.6 gm),Beef,5.708,APU0000703113
2020-05-01,2020,5,"Ground beef, lean and extra lean",lb. (453.6 gm),Beef,6.101,APU0000703113
2020-06-01,2020,6,"Ground beef, lean and extra lean",lb. (453.6 gm),Beef,6.314,APU0000703113
2020-07-01,2020,7,"Ground beef, lean and extra lean",lb. (453.6 gm),Beef,6.052,APU0000703113
2020-08-01,2020,8,"Ground beef, lean and extra lean",lb. (453.6 gm),Beef,5.76,APU0000703113
2020-09-01,2020,9,"Ground beef, lean and extra lean",lb. (453.6 gm),Beef,5.73,APU0000703113
2020-10-01,2020,10,"Ground beef, lean and extra lean",lb. (453.6 gm),Beef,5.758,APU0000703113
2020-11-01,2020,11,"Ground beef, lean and extra lean",lb. (453.6 gm),Beef,5.672,APU0000703113
2020-12-01,2020,12,"Ground beef, lean and extra lean",lb. (453.6 gm),Beef,5.715,APU0000703113
2021-01-01,2021,1,"Ground beef, lean and extra lean",lb. (453.6 gm),Beef,5.705,APU0000703113
2021-02-01,2021,2,"Ground beef, lean and extra lean",lb. (453.6 gm),Beef,5.611,APU0000703113
2021-03-01,2021,3,"Ground beef, lean and extra lean",lb. (453.6 gm),Beef,5.78,APU0000703113
2021-04-01,2021,4,"Ground beef, lean and extra lean",lb. (453.6 gm),Beef,5.973,APU0000703113
2021-05-01,2021,5,"Ground beef, lean and extra lean",lb. (453.6 gm),Beef,5.952,APU0000703113
2021-06-01,2021,6,"Ground beef, lean and extra lean",lb. (453.6 gm),Beef,6.016,APU0000703113
2021-07-01,2021,7,"Ground beef, lean and extra lean",lb. (453.6 gm),Beef,6.081,APU0000703113
2021-08-01,2021,8,"Ground beef, lean and extra lean",lb. (453.6 gm),Beef,6.179,APU0000703113
2021-09-01,2021,9,"Ground beef, lean and extra lean",lb. (453.6 gm),Beef,6.146,APU0000703113
2021-10-01,2021,10,"Ground beef, lean and extra lean",lb. (453.6 gm),Beef,6.371,APU0000703113
2021-11-01,2021,11,"Ground beef, lean and extra lean",lb. (453.6 gm),Beef,6.27,APU0000703113
2021-12-01,2021,12,"Ground beef, lean and extra lean",lb. (453.6 gm),Beef,6.315,APU0000703113
2022-01-01,2022,1,"Ground beef, lean and extra lean",lb. (453.6 gm),Beef,6.519,APU0000703113
2022-02-01,2022,2,"Ground beef, lean and extra lean",lb. (453.6 gm),Beef,6.465,APU0000703113
2022-03-01,2022,3,"Ground beef, lean and extra lean",lb. (453.6 gm),Beef,6.476,APU0000703113
2022-04-01,2022,4,"Ground beef, lean and extra lean",lb. (453.6 gm),Beef,6.479,APU0000703113
2022-05-01,2022,5,"Ground beef, lean and extra lean",lb. (453.6 gm),Beef,6.546,APU0000703113
2022-06-01,2022,6,"Ground beef, lean and extra lean",lb. (453.6 gm),Beef,6.492,APU0000703113
2022-07-01,2022,7,"Ground beef, lean and extra lean",lb. (453.6 gm),Beef,6.58,APU0000703113
2022-08-01,2022,8,"Ground beef, lean and extra lean",lb. (453.6 gm),Beef,6.512,APU0000703113
2022-09-01,2022,9,"Ground beef, lean and extra lean",lb. (453.6 gm),Beef,6.624,APU0000703113
2022-10-01,2022,10,"Ground beef, lean and extra lean",lb. (453.6 gm),Beef,6.68,APU0000703113
2022-11-01,2022,11,"Ground beef, lean and extra lean",lb. (453.6 gm),Beef,6.227,APU0000703113
2022-12-01,2022,12,"Ground beef, lean and extra lean",lb. (453.6 gm),Beef,6.386,APU0000703113
2023-01-01,2023,1,"Ground beef, lean and extra lean",lb. (453.6 gm),Beef,6.393,APU0000703113
2023-02-01,2023,2,"Ground beef, lean and extra lean",lb. (453.6 gm),Beef,6.427,APU0000703113
2023-03-01,2023,3,"Ground beef, lean and extra lean",lb. (453.6 gm),Beef,6.354,APU0000703113
2023-04-01,2023,4,"Ground beef, lean and extra lean",lb. (453.6 gm),Beef,6.579,APU0000703113
2023-05-01,2023,5,"Ground beef, lean and extra lean",lb. (453.6 gm),Beef,6.697,APU0000703113
2023-06-01,2023,6,"Ground beef, lean and extra lean",lb. (453.6 gm),Beef,6.681,APU0000703113
2023-07-01,2023,7,"Ground beef, lean and extra lean",lb. (453.6 gm),Beef,6.851,APU0000703113
2023-08-01,2023,8,"Ground beef, lean and extra lean",lb. (453.6 gm),Beef,6.947,APU0000703113
2023-09-01,2023,9,"Ground beef, lean and extra lean",lb. (453.6 gm),Beef,6.884,APU0000703113
2023-10-01,2023,10,"Ground beef, lean and extra lean",lb. (453.6 gm),Beef,6.991,APU0000703113
2023-11-01,2023,11,"Ground beef, lean and extra lean",lb. (453.6 gm),Beef,6.731,APU0000703113
2023-12-01,2023,12,"Ground beef, lean and extra lean",lb. (453.6 gm),Beef,6.674,APU0000703113
2024-01-01,2024,1,"Ground beef, lean and extra lean",lb. (453.6 gm),Beef,6.778,APU0000703113
2024-02-01,2024,2,"Ground beef, lean and extra lean",lb. (453.6 gm),Beef,6.651,APU0000703113
2024-03-01,2024,3,"Ground beef, lean and extra lean",lb. (453.6 gm),Beef,6.734,APU0000703113
2024-04-01,2024,4,"Ground beef, lean and extra lean",lb. (453.6 gm),Beef,6.809,APU0000703113
2024-05-01,2024,5,"Ground beef, lean and extra lean",lb. (453.6 gm),Beef,6.847,APU0000703113
2024-06-01,2024,6,"Ground beef, lean and extra lean",lb. (453.6 gm),Beef,6.893,APU0000703113
2024-07-01,2024,7,"Ground beef, lean and extra lean",lb. (453.6 gm),Beef,7.169,APU0000703113
2024-08-01,2024,8,"Ground beef, lean and extra lean",lb. (453.6 gm),Beef,6.918,APU0000703113
2024-09-01,2024,9,"Ground beef, lean and extra lean",lb. (453.6 gm),Beef,7.223,APU0000703113
2024-10-01,2024,10,"Ground beef, lean and extra lean",lb. (453.6 gm),Beef,7.22,APU0000703113
2024-11-01,2024,11,"Ground beef, lean and extra lean",lb. (453.6 gm),Beef,6.977,APU0000703113
2024-12-01,2024,12,"Ground beef, lean and extra lean",lb. (453.6 gm),Beef,7.124,APU0000703113
2025-01-01,2025,1,"Ground beef, lean and extra lean",lb. (453.6 gm),Beef,7.11,APU0000703113
2025-02-01,2025,2,"Ground beef, lean and extra lean",lb. (453.6 gm),Beef,7.244,APU0000703113
2025-03-01,2025,3,"Ground beef, lean and extra lean",lb. (453.6 gm),Beef,7.476,APU0000703113
2025-04-01,2025,4,"Ground beef, lean and extra lean",lb. (453.6 gm),Beef,7.551,APU0000703113
2025-05-01,2025,5,"Ground beef, lean and extra lean",lb. (453.6 gm),Beef,7.688,APU0000703113
2025-06-01,2025,6,"Ground beef, lean and extra lean",lb. (453.6 gm),Beef,7.672,APU0000703113
2025-07-01,2025,7,"Ground beef, lean and extra lean",lb. (453.6 gm),Beef,8.035,APU0000703113
2025-08-01,2025,8,"Ground beef, lean and extra lean",lb. (453.6 gm),Beef,7.95,APU0000703113
2025-09-01,2025,9,"Ground beef, lean and extra lean",lb. (453.6 gm),Beef,8.182,APU0000703113
2025-11-01,2025,11,"Ground beef, lean and extra lean",lb. (453.6 gm),Beef,8.232,APU0000703113
2025-12-01,2025,12,"Ground beef, lean and extra lean",lb. (453.6 gm),Beef,8.254,APU0000703113
2026-01-01,2026,1,"Ground beef, lean and extra lean",lb. (453.6 gm),Beef,8.191,APU0000703113
2026-02-01,2026,2,"Ground beef, lean and extra lean",lb. (453.6 gm),Beef,8.338,APU0000703113
2026-03-01,2026,3,"Ground beef, lean and extra lean",lb. (453.6 gm),Beef,8.2,APU0000703113
2026-04-01,2026,4,"Ground beef, lean and extra lean",lb. (453.6 gm),Beef,8.512,APU0000703113
2026-05-01,2026,5,"Ground beef, lean and extra lean",lb. (453.6 gm),Beef,8.624,APU0000703113
2026-06-01,2026,6,"Ground beef, lean and extra lean",lb. (453.6 gm),Beef,8.651,APU0000703113
2026-07-01,2026,7,"Ground beef, lean and extra lean",lb. (453.6 gm),Beef,8.414,APU0000703113
2015-01-01,2015,1,"Ground chuck, 100% beef",lb. (453.6 gm),Beef,4.375,APU0000703111
2015-02-01,2015,2,"Ground chuck, 100% beef",lb. (453.6 gm),Beef,4.403,APU0000703111
2015-03-01,2015,3,"Ground chuck, 100% beef",lb. (453.6 gm),Beef,4.364,APU0000703111
2015-04-01,2015,4,"Ground chuck, 100% beef",lb. (453.6 gm),Beef,4.323,APU0000703111
2015-05-01,2015,5,"Ground chuck, 100% beef",lb. (453.6 gm),Beef,4.308,APU0000703111
2015-06-01,2015,6,"Ground chuck, 100% beef",lb. (453.6 gm),Beef,4.324,APU0000703111
2015-07-01,2015,7,"Ground chuck, 100% beef",lb. (453.6 gm),Beef,4.266,APU0000703111
2015-08-01,2015,8,"Ground chuck, 100% beef",lb. (453.6 gm),Beef,4.222,APU0000703111
2015-09-01,2015,9,"Ground chuck, 100% beef",lb. (453.6 gm),Beef,4.195,APU0000703111
2015-10-01,2015,10,"Ground chuck, 100% beef",lb. (453.6 gm),Beef,4.119,APU0000703111
2015-11-01,2015,11,"Ground chuck, 100% beef",lb. (453.6 gm),Beef,4.082,APU0000703111
2015-12-01,2015,12,"Ground chuck, 100% beef",lb. (453.6 gm),Beef,4.025,APU0000703111
2016-01-01,2016,1,"Ground chuck, 100% beef",lb. (453.6 gm),Beef,4.019,APU0000703111
2016-02-01,2016,2,"Ground chuck, 100% beef",lb. (453.6 gm),Beef,3.945,APU0000703111
2016-03-01,2016,3,"Ground chuck, 100% beef",lb. (453.6 gm),Beef,3.929,APU0000703111
2016-04-01,2016,4,"Ground chuck, 100% beef",lb. (453.6 gm),Beef,3.933,APU0000703111
2016-05-01,2016,5,"Ground chuck, 100% beef",lb. (453.6 gm),Beef,3.902,APU0000703111
2016-06-01,2016,6,"Ground chuck, 100% beef",lb. (453.6 gm),Beef,3.84,APU0000703111
2016-07-01,2016,7,"Ground chuck, 100% beef",lb. (453.6 gm),Beef,3.807,APU0000703111
2016-08-01,2016,8,"Ground chuck, 100% beef",lb. (453.6 gm),Beef,3.912,APU0000703111
2016-09-01,2016,9,"Ground chuck, 100% beef",lb. (453.6 gm),Beef,3.791,APU0000703111
2016-10-01,2016,10,"Ground chuck, 100% beef",lb. (453.6 gm),Beef,3.742,APU0000703111
2016-11-01,2016,11,"Ground chuck, 100% beef",lb. (453.6 gm),Beef,3.703,APU0000703111
2016-12-01,2016,12,"Ground chuck, 100% beef",lb. (453.6 gm),Beef,3.619,APU0000703111
2017-01-01,2017,1,"Ground chuck, 100% beef",lb. (453.6 gm),Beef,3.621,APU0000703111
2017-02-01,2017,2,"Ground chuck, 100% beef",lb. (453.6 gm),Beef,3.549,APU0000703111
2017-03-01,2017,3,"Ground chuck, 100% beef",lb. (453.6 gm),Beef,3.59,APU0000703111
2017-04-01,2017,4,"Ground chuck, 100% beef",lb. (453.6 gm),Beef,3.675,APU0000703111
2017-05-01,2017,5,"Ground chuck, 100% beef",lb. (453.6 gm),Beef,3.645,APU0000703111
2017-06-01,2017,6,"Ground chuck, 100% beef",lb. (453.6 gm),Beef,3.768,APU0000703111
2017-07-01,2017,7,"Ground chuck, 100% beef",lb. (453.6 gm),Beef,3.866,APU0000703111
2017-08-01,2017,8,"Ground chuck, 100% beef",lb. (453.6 gm),Beef,3.785,APU0000703111
2017-09-01,2017,9,"Ground chuck, 100% beef",lb. (453.6 gm),Beef,3.801,APU0000703111
2017-10-01,2017,10,"Ground chuck, 100% beef",lb. (453.6 gm),Beef,3.703,APU0000703111
2017-11-01,2017,11,"Ground chuck, 100% beef",lb. (453.6 gm),Beef,3.775,APU0000703111
2017-12-01,2017,12,"Ground chuck, 100% beef",lb. (453.6 gm),Beef,3.729,APU0000703111
2018-01-01,2018,1,"Ground chuck, 100% beef",lb. (453.6 gm),Beef,3.668,APU0000703111
2018-02-01,2018,2,"Ground chuck, 100% beef",lb. (453.6 gm),Beef,3.659,APU0000703111
2018-03-01,2018,3,"Ground chuck, 100% beef",lb. (453.6 gm),Beef,3.728,APU0000703111
2018-04-01,2018,4,"Ground chuck, 100% beef",lb. (453.6 gm),Beef,3.775,APU0000703111
2018-05-01,2018,5,"Ground chuck, 100% beef",lb. (453.6 gm),Beef,3.688,APU0000703111
2018-06-01,2018,6,"Ground chuck, 100% beef",lb. (453.6 gm),Beef,3.824,APU0000703111
2018-07-01,2018,7,"Ground chuck, 100% beef",lb. (453.6 gm),Beef,3.786,APU0000703111
2018-08-01,2018,8,"Ground chuck, 100% beef",lb. (453.6 gm),Beef,3.738,APU0000703111
2018-09-01,2018,9,"Ground chuck, 100% beef",lb. (453.6 gm),Beef,3.701,APU0000703111
2018-10-01,2018,10,"Ground chuck, 100% beef",lb. (453.6 gm),Beef,3.692,APU0000703111
2018-11-01,2018,11,"Ground chuck, 100% beef",lb. (453.6 gm),Beef,3.745,APU0000703111
2018-12-01,2018,12,"Ground chuck, 100% beef",lb. (453.6 gm),Beef,3.709,APU0000703111
2019-01-01,2019,1,"Ground chuck, 100% beef",lb. (453.6 gm),Beef,3.727,APU0000703111
2019-02-01,2019,2,"Ground chuck, 100% beef",lb. (453.6 gm),Beef,3.847,APU0000703111
2019-03-01,2019,3,"Ground chuck, 100% beef",lb. (453.6 gm),Beef,3.831,APU0000703111
2019-04-01,2019,4,"Ground chuck, 100% beef",lb. (453.6 gm),Beef,3.907,APU0000703111
2019-05-01,2019,5,"Ground chuck, 100% beef",lb. (453.6 gm),Beef,4.023,APU0000703111
2019-06-01,2019,6,"Ground chuck, 100% beef",lb. (453.6 gm),Beef,3.951,APU0000703111
2019-07-01,2019,7,"Ground chuck, 100% beef",lb. (453.6 gm),Beef,4.001,APU0000703111
2019-08-01,2019,8,"Ground chuck, 100% beef",lb. (453.6 gm),Beef,4.019,APU0000703111
2019-09-01,2019,9,"Ground chuck, 100% beef",lb. (453.6 gm),Beef,3.885,APU0000703111
2019-10-01,2019,10,"Ground chuck, 100% beef",lb. (453.6 gm),Beef,4.027,APU0000703111
2019-11-01,2019,11,"Ground chuck, 100% beef",lb. (453.6 gm),Beef,3.993,APU0000703111
2019-12-01,2019,12,"Ground chuck, 100% beef",lb. (453.6 gm),Beef,4.066,APU0000703111
2020-01-01,2020,1,"Ground chuck, 100% beef",lb. (453.6 gm),Beef,4.1,APU0000703111
2020-02-01,2020,2,"Ground chuck, 100% beef",lb. (453.6 gm),Beef,4.033,APU0000703111
2020-03-01,2020,3,"Ground chuck, 100% beef",lb. (453.6 gm),Beef,4.108,APU0000703111
2020-04-01,2020,4,"Ground chuck, 100% beef",lb. (453.6 gm),Beef,4.343,APU0000703111
2020-05-01,2020,5,"Ground chuck, 100% beef",lb. (453.6 gm),Beef,4.789,APU0000703111
2020-06-01,2020,6,"Ground chuck, 100% beef",lb. (453.6 gm),Beef,5.33,APU0000703111
2020-07-01,2020,7,"Ground chuck, 100% beef",lb. (453.6 gm),Beef,4.732,APU0000703111
2020-08-01,2020,8,"Ground chuck, 100% beef",lb. (453.6 gm),Beef,4.307,APU0000703111
2020-09-01,2020,9,"Ground chuck, 100% beef",lb. (453.6 gm),Beef,4.165,APU0000703111
2020-10-01,2020,10,"Ground chuck, 100% beef",lb. (453.6 gm),Beef,4.212,APU0000703111
2020-11-01,2020,11,"Ground chuck, 100% beef",lb. (453.6 gm),Beef,4.33,APU0000703111
2020-12-01,2020,12,"Ground chuck, 100% beef",lb. (453.6 gm),Beef,4.202,APU0000703111
2021-01-01,2021,1,"Ground chuck, 100% beef",lb. (453.6 gm),Beef,4.31,APU0000703111
2021-02-01,2021,2,"Ground chuck, 100% beef",lb. (453.6 gm),Beef,4.252,APU0000703111
2021-03-01,2021,3,"Ground chuck, 100% beef",lb. (453.6 gm),Beef,4.377,APU0000703111
2021-04-01,2021,4,"Ground chuck, 100% beef",lb. (453.6 gm),Beef,4.29,APU0000703111
2021-05-01,2021,5,"Ground chuck, 100% beef",lb. (453.6 gm),Beef,4.495,APU0000703111
2021-06-01,2021,6,"Ground chuck, 100% beef",lb. (453.6 gm),Beef,4.565,APU0000703111
2021-07-01,2021,7,"Ground chuck, 100% beef",lb. (453.6 gm),Beef,4.521,APU0000703111
2021-08-01,2021,8,"Ground chuck, 100% beef",lb. (453.6 gm),Beef,4.636,APU0000703111
2021-09-01,2021,9,"Ground chuck, 100% beef",lb. (453.6 gm),Beef,4.786,APU0000703111
2021-10-01,2021,10,"Ground chuck, 100% beef",lb. (453.6 gm),Beef,4.869,APU0000703111
2021-11-01,2021,11,"Ground chuck, 100% beef",lb. (453.6 gm),Beef,4.81,APU0000703111
2021-12-01,2021,12,"Ground chuck, 100% beef",lb. (453.6 gm),Beef,4.792,APU0000703111
2022-01-01,2022,1,"Ground chuck, 100% beef",lb. (453.6 gm),Beef,4.765,APU0000703111
2022-02-01,2022,2,"Ground chuck, 100% beef",lb. (453.6 gm),Beef,4.627,APU0000703111
2022-03-01,2022,3,"Ground chuck, 100% beef",lb. (453.6 gm),Beef,4.87,APU0000703111
2022-04-01,2022,4,"Ground chuck, 100% beef",lb. (453.6 gm),Beef,4.945,APU0000703111
2022-05-01,2022,5,"Ground chuck, 100% beef",lb. (453.6 gm),Beef,4.894,APU0000703111
2022-06-01,2022,6,"Ground chuck, 100% beef",lb. (453.6 gm),Beef,4.997,APU0000703111
2022-07-01,2022,7,"Ground chuck, 100% beef",lb. (453.6 gm),Beef,5.075,APU0000703111
2022-08-01,2022,8,"Ground chuck, 100% beef",lb. (453.6 gm),Beef,5.12,APU0000703111
2022-09-01,2022,9,"Ground chuck, 100% beef",lb. (453.6 gm),Beef,4.89,APU0000703111
2022-10-01,2022,10,"Ground chuck, 100% beef",lb. (453.6 gm),Beef,4.789,APU0000703111
2022-11-01,2022,11,"Ground chuck, 100% beef",lb. (453.6 gm),Beef,4.728,APU0000703111
2022-12-01,2022,12,"Ground chuck, 100% beef",lb. (453.6 gm),Beef,4.758,APU0000703111
2023-01-01,2023,1,"Ground chuck, 100% beef",lb. (453.6 gm),Beef,4.644,APU0000703111
2023-02-01,2023,2,"Ground chuck, 100% beef",lb. (453.6 gm),Beef,4.777,APU0000703111
2023-03-01,2023,3,"Ground chuck, 100% beef",lb. (453.6 gm),Beef,4.753,APU0000703111
2023-04-01,2023,4,"Ground chuck, 100% beef",lb. (453.6 gm),Beef,4.747,APU0000703111
2023-05-01,2023,5,"Ground chuck, 100% beef",lb. (453.6 gm),Beef,4.953,APU0000703111
2023-06-01,2023,6,"Ground chuck, 100% beef",lb. (453.6 gm),Beef,5.106,APU0000703111
2023-07-01,2023,7,"Ground chuck, 100% beef",lb. (453.6 gm),Beef,5.253,APU0000703111
2023-08-01,2023,8,"Ground chuck, 100% beef",lb. (453.6 gm),Beef,5.259,APU0000703111
2023-09-01,2023,9,"Ground chuck, 100% beef",lb. (453.6 gm),Beef,5.185,APU0000703111
2023-10-01,2023,10,"Ground chuck, 100% beef",lb. (453.6 gm),Beef,5.349,APU0000703111
2023-11-01,2023,11,"Ground chuck, 100% beef",lb. (453.6 gm),Beef,5.201,APU0000703111
2023-12-01,2023,12,"Ground chuck, 100% beef",lb. (453.6 gm),Beef,5.118,APU0000703111
2024-01-01,2024,1,"Ground chuck, 100% beef",lb. (453.6 gm),Beef,5.093,APU0000703111
2024-02-01,2024,2,"Ground chuck, 100% beef",lb. (453.6 gm),Beef,5.213,APU0000703111
2024-03-01,2024,3,"Ground chuck, 100% beef",lb. (453.6 gm),Beef,5.421,APU0000703111
2024-04-01,2024,4,"Ground chuck, 100% beef",lb. (453.6 gm),Beef,5.277,APU0000703111
2024-05-01,2024,5,"Ground chuck, 100% beef",lb. (453.6 gm),Beef,5.331,APU0000703111
2024-06-01,2024,6,"Ground chuck, 100% beef",lb. (453.6 gm),Beef,5.364,APU0000703111
2024-07-01,2024,7,"Ground chuck, 100% beef",lb. (453.6 gm),Beef,5.47,APU0000703111
2024-08-01,2024,8,"Ground chuck, 100% beef",lb. (453.6 gm),Beef,5.638,APU0000703111
2024-09-01,2024,9,"Ground chuck, 100% beef",lb. (453.6 gm),Beef,5.576,APU0000703111
2024-10-01,2024,10,"Ground chuck, 100% beef",lb. (453.6 gm),Beef,5.586,APU0000703111
2024-11-01,2024,11,"Ground chuck, 100% beef",lb. (453.6 gm),Beef,5.605,APU0000703111
2024-12-01,2024,12,"Ground chuck, 100% beef",lb. (453.6 gm),Beef,5.576,APU0000703111
2025-01-01,2025,1,"Ground chuck, 100% beef",lb. (453.6 gm),Beef,5.495,APU0000703111
2025-02-01,2025,2,"Ground chuck, 100% beef",lb. (453.6 gm),Beef,5.744,APU0000703111
2025-03-01,2025,3,"Ground chuck, 100% beef",lb. (453.6 gm),Beef,5.854,APU0000703111
2025-04-01,2025,4,"Ground chuck, 100% beef",lb. (453.6 gm),Beef,5.996,APU0000703111
2025-05-01,2025,5,"Ground chuck, 100% beef",lb. (453.6 gm),Beef,6.018,APU0000703111
2025-06-01,2025,6,"Ground chuck, 100% beef",lb. (453.6 gm),Beef,6.103,APU0000703111
2025-07-01,2025,7,"Ground chuck, 100% beef",lb. (453.6 gm),Beef,6.338,APU0000703111
2025-08-01,2025,8,"Ground chuck, 100% beef",lb. (453.6 gm),Beef,6.626,APU0000703111
2025-09-01,2025,9,"Ground chuck, 100% beef",lb. (453.6 gm),Beef,6.326,APU0000703111
2025-11-01,2025,11,"Ground chuck, 100% beef",lb. (453.6 gm),Beef,6.504,APU0000703111
2025-12-01,2025,12,"Ground chuck, 100% beef",lb. (453.6 gm),Beef,6.521,APU0000703111
2026-01-01,2026,1,"Ground chuck, 100% beef",lb. (453.6 gm),Beef,6.693,APU0000703111
2026-02-01,2026,2,"Ground chuck, 100% beef",lb. (453.6 gm),Beef,6.703,APU0000703111
2026-03-01,2026,3,"Ground chuck, 100% beef",lb. (453.6 gm),Beef,6.684,APU0000703111
2026-04-01,2026,4,"Ground chuck, 100% beef",lb. (453.6 gm),Beef,6.921,APU0000703111
2026-05-01,2026,5,"Ground chuck, 100% beef",lb. (453.6 gm),Beef,6.718,APU0000703111
2026-06-01,2026,6,"Ground chuck, 100% beef",lb. (453.6 gm),Beef,6.975,APU0000703111
2026-07-01,2026,7,"Ground chuck, 100% beef",lb. (453.6 gm),Beef,6.85,APU0000703111
2015-01-01,2015,1,"Ham, boneless, excluding canned",lb. (453.6 gm),Pork and deli,4.405,APU0000704312
2015-02-01,2015,2,"Ham, boneless, excluding canned",lb. (453.6 gm),Pork and deli,4.428,APU0000704312
2015-03-01,2015,3,"Ham, boneless, excluding canned",lb. (453.6 gm),Pork and deli,4.314,APU0000704312
2015-04-01,2015,4,"Ham, boneless, excluding canned",lb. (453.6 gm),Pork and deli,4.114,APU0000704312
2015-05-01,2015,5,"Ham, boneless, excluding canned",lb. (453.6 gm),Pork and deli,4.164,APU0000704312
2015-06-01,2015,6,"Ham, boneless, excluding canned",lb. (453.6 gm),Pork and deli,4.105,APU0000704312
2015-07-01,2015,7,"Ham, boneless, excluding canned",lb. (453.6 gm),Pork and deli,4.098,APU0000704312
2015-08-01,2015,8,"Ham, boneless, excluding canned",lb. (453.6 gm),Pork and deli,4.121,APU0000704312
2015-09-01,2015,9,"Ham, boneless, excluding canned",lb. (453.6 gm),Pork and deli,4.131,APU0000704312
2015-10-01,2015,10,"Ham, boneless, excluding canned",lb. (453.6 gm),Pork and deli,4.232,APU0000704312
2015-11-01,2015,11,"Ham, boneless, excluding canned",lb. (453.6 gm),Pork and deli,4.122,APU0000704312
2015-12-01,2015,12,"Ham, boneless, excluding canned",lb. (453.6 gm),Pork and deli,4.034,APU0000704312
2016-01-01,2016,1,"Ham, boneless, excluding canned",lb. (453.6 gm),Pork and deli,4.121,APU0000704312
2016-02-01,2016,2,"Ham, boneless, excluding canned",lb. (453.6 gm),Pork and deli,4.137,APU0000704312
2016-03-01,2016,3,"Ham, boneless, excluding canned",lb. (453.6 gm),Pork and deli,4.07,APU0000704312
2016-04-01,2016,4,"Ham, boneless, excluding canned",lb. (453.6 gm),Pork and deli,3.965,APU0000704312
2016-05-01,2016,5,"Ham, boneless, excluding canned",lb. (453.6 gm),Pork and deli,4.003,APU0000704312
2016-06-01,2016,6,"Ham, boneless, excluding canned",lb. (453.6 gm),Pork and deli,4.039,APU0000704312
2016-07-01,2016,7,"Ham, boneless, excluding canned",lb. (453.6 gm),Pork and deli,3.959,APU0000704312
2016-08-01,2016,8,"Ham, boneless, excluding canned",lb. (453.6 gm),Pork and deli,4.062,APU0000704312
2016-09-01,2016,9,"Ham, boneless, excluding canned",lb. (453.6 gm),Pork and deli,4.126,APU0000704312
2016-10-01,2016,10,"Ham, boneless, excluding canned",lb. (453.6 gm),Pork and deli,4.054,APU0000704312
2016-11-01,2016,11,"Ham, boneless, excluding canned",lb. (453.6 gm),Pork and deli,3.931,APU0000704312
2016-12-01,2016,12,"Ham, boneless, excluding canned",lb. (453.6 gm),Pork and deli,3.93,APU0000704312
2017-01-01,2017,1,"Ham, boneless, excluding canned",lb. (453.6 gm),Pork and deli,3.724,APU0000704312
2017-02-01,2017,2,"Ham, boneless, excluding canned",lb. (453.6 gm),Pork and deli,3.781,APU0000704312
2017-03-01,2017,3,"Ham, boneless, excluding canned",lb. (453.6 gm),Pork and deli,3.871,APU0000704312
2017-04-01,2017,4,"Ham, boneless, excluding canned",lb. (453.6 gm),Pork and deli,3.768,APU0000704312
2017-05-01,2017,5,"Ham, boneless, excluding canned",lb. (453.6 gm),Pork and deli,3.78,APU0000704312
2017-06-01,2017,6,"Ham, boneless, excluding canned",lb. (453.6 gm),Pork and deli,3.921,APU0000704312
2017-07-01,2017,7,"Ham, boneless, excluding canned",lb. (453.6 gm),Pork and deli,4.02,APU0000704312
2017-08-01,2017,8,"Ham, boneless, excluding canned",lb. (453.6 gm),Pork and deli,3.956,APU0000704312
2017-09-01,2017,9,"Ham, boneless, excluding canned",lb. (453.6 gm),Pork and deli,3.938,APU0000704312
2017-10-01,2017,10,"Ham, boneless, excluding canned",lb. (453.6 gm),Pork and deli,3.95,APU0000704312
2017-11-01,2017,11,"Ham, boneless, excluding canned",lb. (453.6 gm),Pork and deli,3.851,APU0000704312
2017-12-01,2017,12,"Ham, boneless, excluding canned",lb. (453.6 gm),Pork and deli,3.869,APU0000704312
2018-01-01,2018,1,"Ham, boneless, excluding canned",lb. (453.6 gm),Pork and deli,3.742,APU0000704312
2018-02-01,2018,2,"Ham, boneless, excluding canned",lb. (453.6 gm),Pork and deli,3.882,APU0000704312
2018-03-01,2018,3,"Ham, boneless, excluding canned",lb. (453.6 gm),Pork and deli,3.955,APU0000704312
2018-04-01,2018,4,"Ham, boneless, excluding canned",lb. (453.6 gm),Pork and deli,3.986,APU0000704312
2018-05-01,2018,5,"Ham, boneless, excluding canned",lb. (453.6 gm),Pork and deli,4.122,APU0000704312
2018-06-01,2018,6,"Ham, boneless, excluding canned",lb. (453.6 gm),Pork and deli,4.234,APU0000704312
2018-07-01,2018,7,"Ham, boneless, excluding canned",lb. (453.6 gm),Pork and deli,4.21,APU0000704312
2018-08-01,2018,8,"Ham, boneless, excluding canned",lb. (453.6 gm),Pork and deli,4.184,APU0000704312
2018-09-01,2018,9,"Ham, boneless, excluding canned",lb. (453.6 gm),Pork and deli,4.165,APU0000704312
2018-10-01,2018,10,"Ham, boneless, excluding canned",lb. (453.6 gm),Pork and deli,4.018,APU0000704312
2018-11-01,2018,11,"Ham, boneless, excluding canned",lb. (453.6 gm),Pork and deli,3.863,APU0000704312
2018-12-01,2018,12,"Ham, boneless, excluding canned",lb. (453.6 gm),Pork and deli,3.884,APU0000704312
2019-01-01,2019,1,"Ham, boneless, excluding canned",lb. (453.6 gm),Pork and deli,3.974,APU0000704312
2019-02-01,2019,2,"Ham, boneless, excluding canned",lb. (453.6 gm),Pork and deli,4.002,APU0000704312
2019-03-01,2019,3,"Ham, boneless, excluding canned",lb. (453.6 gm),Pork and deli,4.306,APU0000704312
2019-04-01,2019,4,"Ham, boneless, excluding canned",lb. (453.6 gm),Pork and deli,4.255,APU0000704312
2019-05-01,2019,5,"Ham, boneless, excluding canned",lb. (453.6 gm),Pork and deli,4.147,APU0000704312
2019-06-01,2019,6,"Ham, boneless, excluding canned",lb. (453.6 gm),Pork and deli,4.235,APU0000704312
2019-07-01,2019,7,"Ham, boneless, excluding canned",lb. (453.6 gm),Pork and deli,4.239,APU0000704312
2019-08-01,2019,8,"Ham, boneless, excluding canned",lb. (453.6 gm),Pork and deli,4.454,APU0000704312
2019-09-01,2019,9,"Ham, boneless, excluding canned",lb. (453.6 gm),Pork and deli,4.439,APU0000704312
2019-10-01,2019,10,"Ham, boneless, excluding canned",lb. (453.6 gm),Pork and deli,4.464,APU0000704312
2019-11-01,2019,11,"Ham, boneless, excluding canned",lb. (453.6 gm),Pork and deli,4.253,APU0000704312
2019-12-01,2019,12,"Ham, boneless, excluding canned",lb. (453.6 gm),Pork and deli,4.07,APU0000704312
2020-01-01,2020,1,"Ham, boneless, excluding canned",lb. (453.6 gm),Pork and deli,4.194,APU0000704312
2020-02-01,2020,2,"Ham, boneless, excluding canned",lb. (453.6 gm),Pork and deli,4.226,APU0000704312
2020-03-01,2020,3,"Ham, boneless, excluding canned",lb. (453.6 gm),Pork and deli,4.464,APU0000704312
2020-05-01,2020,5,"Ham, boneless, excluding canned",lb. (453.6 gm),Pork and deli,4.549,APU0000704312
2020-06-01,2020,6,"Ham, boneless, excluding canned",lb. (453.6 gm),Pork and deli,4.608,APU0000704312
2020-07-01,2020,7,"Ham, boneless, excluding canned",lb. (453.6 gm),Pork and deli,4.574,APU0000704312
2020-08-01,2020,8,"Ham, boneless, excluding canned",lb. (453.6 gm),Pork and deli,4.631,APU0000704312
2020-09-01,2020,9,"Ham, boneless, excluding canned",lb. (453.6 gm),Pork and deli,4.538,APU0000704312
2020-10-01,2020,10,"Ham, boneless, excluding canned",lb. (453.6 gm),Pork and deli,4.559,APU0000704312
2020-11-01,2020,11,"Ham, boneless, excluding canned",lb. (453.6 gm),Pork and deli,4.55,APU0000704312
2020-12-01,2020,12,"Ham, boneless, excluding canned",lb. (453.6 gm),Pork and deli,4.469,APU0000704312
2021-01-01,2021,1,"Ham, boneless, excluding canned",lb. (453.6 gm),Pork and deli,4.616,APU0000704312
2021-02-01,2021,2,"Ham, boneless, excluding canned",lb. (453.6 gm),Pork and deli,4.921,APU0000704312
2021-03-01,2021,3,"Ham, boneless, excluding canned",lb. (453.6 gm),Pork and deli,4.79,APU0000704312
2021-04-01,2021,4,"Ham, boneless, excluding canned",lb. (453.6 gm),Pork and deli,4.856,APU0000704312
2021-05-01,2021,5,"Ham, boneless, excluding canned",lb. (453.6 gm),Pork and deli,4.907,APU0000704312
2021-06-01,2021,6,"Ham, boneless, excluding canned",lb. (453.6 gm),Pork and deli,4.922,APU0000704312
2021-07-01,2021,7,"Ham, boneless, excluding canned",lb. (453.6 gm),Pork and deli,4.667,APU0000704312
2021-08-01,2021,8,"Ham, boneless, excluding canned",lb. (453.6 gm),Pork and deli,4.683,APU0000704312
2021-09-01,2021,9,"Ham, boneless, excluding canned",lb. (453.6 gm),Pork and deli,4.847,APU0000704312
2021-10-01,2021,10,"Ham, boneless, excluding canned",lb. (453.6 gm),Pork and deli,4.964,APU0000704312
2021-11-01,2021,11,"Ham, boneless, excluding canned",lb. (453.6 gm),Pork and deli,4.937,APU0000704312
2021-12-01,2021,12,"Ham, boneless, excluding canned",lb. (453.6 gm),Pork and deli,4.827,APU0000704312
2022-01-01,2022,1,"Ham, boneless, excluding canned",lb. (453.6 gm),Pork and deli,4.998,APU0000704312
2022-02-01,2022,2,"Ham, boneless, excluding canned",lb. (453.6 gm),Pork and deli,5.119,APU0000704312
2022-03-01,2022,3,"Ham, boneless, excluding canned",lb. (453.6 gm),Pork and deli,5.151,APU0000704312
2022-04-01,2022,4,"Ham, boneless, excluding canned",lb. (453.6 gm),Pork and deli,4.985,APU0000704312
2022-05-01,2022,5,"Ham, boneless, excluding canned",lb. (453.6 gm),Pork and deli,5.172,APU0000704312
2022-06-01,2022,6,"Ham, boneless, excluding canned",lb. (453.6 gm),Pork and deli,5.381,APU0000704312
2022-07-01,2022,7,"Ham, boneless, excluding canned",lb. (453.6 gm),Pork and deli,5.285,APU0000704312
2022-08-01,2022,8,"Ham, boneless, excluding canned",lb. (453.6 gm),Pork and deli,5.346,APU0000704312
2022-09-01,2022,9,"Ham, boneless, excluding canned",lb. (453.6 gm),Pork and deli,5.504,APU0000704312
2022-10-01,2022,10,"Ham, boneless, excluding canned",lb. (453.6 gm),Pork and deli,5.65,APU0000704312
2022-11-01,2022,11,"Ham, boneless, excluding canned",lb. (453.6 gm),Pork and deli,5.521,APU0000704312
2022-12-01,2022,12,"Ham, boneless, excluding canned",lb. (453.6 gm),Pork and deli,5.368,APU0000704312
2023-01-01,2023,1,"Ham, boneless, excluding canned",lb. (453.6 gm),Pork and deli,5.484,APU0000704312
2023-02-01,2023,2,"Ham, boneless, excluding canned",lb. (453.6 gm),Pork and deli,5.668,APU0000704312
2023-03-01,2023,3,"Ham, boneless, excluding canned",lb. (453.6 gm),Pork and deli,5.679,APU0000704312
2023-04-01,2023,4,"Ham, boneless, excluding canned",lb. (453.6 gm),Pork and deli,5.564,APU0000704312
2023-05-01,2023,5,"Ham, boneless, excluding canned",lb. (453.6 gm),Pork and deli,5.813,APU0000704312
2023-06-01,2023,6,"Ham, boneless, excluding canned",lb. (453.6 gm),Pork and deli,5.898,APU0000704312
2023-07-01,2023,7,"Ham, boneless, excluding canned",lb. (453.6 gm),Pork and deli,5.889,APU0000704312
2023-08-01,2023,8,"Ham, boneless, excluding canned",lb. (453.6 gm),Pork and deli,5.895,APU0000704312
2023-09-01,2023,9,"Ham, boneless, excluding canned",lb. (453.6 gm),Pork and deli,5.882,APU0000704312
2023-10-01,2023,10,"Ham, boneless, excluding canned",lb. (453.6 gm),Pork and deli,5.766,APU0000704312
2023-11-01,2023,11,"Ham, boneless, excluding canned",lb. (453.6 gm),Pork and deli,5.528,APU0000704312
2023-12-01,2023,12,"Ham, boneless, excluding canned",lb. (453.6 gm),Pork and deli,5.497,APU0000704312
2024-01-01,2024,1,"Ham, boneless, excluding canned",lb. (453.6 gm),Pork and deli,5.532,APU0000704312
2024-02-01,2024,2,"Ham, boneless, excluding canned",lb. (453.6 gm),Pork and deli,5.666,APU0000704312
2024-03-01,2024,3,"Ham, boneless, excluding canned",lb. (453.6 gm),Pork and deli,5.572,APU0000704312
2024-04-01,2024,4,"Ham, boneless, excluding canned",lb. (453.6 gm),Pork and deli,5.594,APU0000704312
2024-05-01,2024,5,"Ham, boneless, excluding canned",lb. (453.6 gm),Pork and deli,5.668,APU0000704312
2024-06-01,2024,6,"Ham, boneless, excluding canned",lb. (453.6 gm),Pork and deli,5.567,APU0000704312
2024-07-01,2024,7,"Ham, boneless, excluding canned",lb. (453.6 gm),Pork and deli,5.727,APU0000704312
2024-08-01,2024,8,"Ham, boneless, excluding canned",lb. (453.6 gm),Pork and deli,5.633,APU0000704312
2024-09-01,2024,9,"Ham, boneless, excluding canned",lb. (453.6 gm),Pork and deli,5.63,APU0000704312
2024-10-01,2024,10,"Ham, boneless, excluding canned",lb. (453.6 gm),Pork and deli,5.67,APU0000704312
2024-11-01,2024,11,"Ham, boneless, excluding canned",lb. (453.6 gm),Pork and deli,5.63,APU0000704312
2024-12-01,2024,12,"Ham, boneless, excluding canned",lb. (453.6 gm),Pork and deli,5.458,APU0000704312
2025-01-01,2025,1,"Ham, boneless, excluding canned",lb. (453.6 gm),Pork and deli,5.476,APU0000704312
2025-02-01,2025,2,"Ham, boneless, excluding canned",lb. (453.6 gm),Pork and deli,5.52,APU0000704312
2025-03-01,2025,3,"Ham, boneless, excluding canned",lb. (453.6 gm),Pork and deli,5.603,APU0000704312
2025-04-01,2025,4,"Ham, boneless, excluding canned",lb. (453.6 gm),Pork and deli,5.473,APU0000704312
2025-05-01,2025,5,"Ham, boneless, excluding canned",lb. (453.6 gm),Pork and deli,5.453,APU0000704312
2025-06-01,2025,6,"Ham, boneless, excluding canned",lb. (453.6 gm),Pork and deli,5.379,APU0000704312
2025-07-01,2025,7,"Ham, boneless, excluding canned",lb. (453.6 gm),Pork and deli,5.685,APU0000704312
2025-08-01,2025,8,"Ham, boneless, excluding canned",lb. (453.6 gm),Pork and deli,5.432,APU0000704312
2025-09-01,2025,9,"Ham, boneless, excluding canned",lb. (453.6 gm),Pork and deli,5.478,APU0000704312
2025-11-01,2025,11,"Ham, boneless, excluding canned",lb. (453.6 gm),Pork and deli,5.462,APU0000704312
2025-12-01,2025,12,"Ham, boneless, excluding canned",lb. (453.6 gm),Pork and deli,5.356,APU0000704312
2026-01-01,2026,1,"Ham, boneless, excluding canned",lb. (453.6 gm),Pork and deli,5.5,APU0000704312
2026-02-01,2026,2,"Ham, boneless, excluding canned",lb. (453.6 gm),Pork and deli,5.616,APU0000704312
2026-03-01,2026,3,"Ham, boneless, excluding canned",lb. (453.6 gm),Pork and deli,5.479,APU0000704312
2026-04-01,2026,4,"Ham, boneless, excluding canned",lb. (453.6 gm),Pork and deli,5.405,APU0000704312
2026-05-01,2026,5,"Ham, boneless, excluding canned",lb. (453.6 gm),Pork and deli,5.457,APU0000704312
2026-06-01,2026,6,"Ham, boneless, excluding canned",lb. (453.6 gm),Pork and deli,5.508,APU0000704312
2026-07-01,2026,7,"Ham, boneless, excluding canned",lb. (453.6 gm),Pork and deli,5.492,APU0000704312
2015-01-01,2015,1,"Ice cream, prepackaged, bulk, regular",1/2 gal. (1.9 lit),Dairy and fats,5.089,APU0000710411
2015-02-01,2015,2,"Ice cream, prepackaged, bulk, regular",1/2 gal. (1.9 lit),Dairy and fats,4.955,APU0000710411
2015-03-01,2015,3,"Ice cream, prepackaged, bulk, regular",1/2 gal. (1.9 lit),Dairy and fats,4.889,APU0000710411
2015-04-01,2015,4,"Ice cream, prepackaged, bulk, regular",1/2 gal. (1.9 lit),Dairy and fats,4.791,APU0000710411
2015-05-01,2015,5,"Ice cream, prepackaged, bulk, regular",1/2 gal. (1.9 lit),Dairy and fats,4.696,APU0000710411
2015-06-01,2015,6,"Ice cream, prepackaged, bulk, regular",1/2 gal. (1.9 lit),Dairy and fats,4.62,APU0000710411
2015-07-01,2015,7,"Ice cream, prepackaged, bulk, regular",1/2 gal. (1.9 lit),Dairy and fats,4.466,APU0000710411
2015-08-01,2015,8,"Ice cream, prepackaged, bulk, regular",1/2 gal. (1.9 lit),Dairy and fats,4.597,APU0000710411
2015-09-01,2015,9,"Ice cream, prepackaged, bulk, regular",1/2 gal. (1.9 lit),Dairy and fats,4.791,APU0000710411
2015-10-01,2015,10,"Ice cream, prepackaged, bulk, regular",1/2 gal. (1.9 lit),Dairy and fats,4.626,APU0000710411
2015-11-01,2015,11,"Ice cream, prepackaged, bulk, regular",1/2 gal. (1.9 lit),Dairy and fats,4.684,APU0000710411
2015-12-01,2015,12,"Ice cream, prepackaged, bulk, regular",1/2 gal. (1.9 lit),Dairy and fats,4.725,APU0000710411
2016-01-01,2016,1,"Ice cream, prepackaged, bulk, regular",1/2 gal. (1.9 lit),Dairy and fats,4.913,APU0000710411
2016-02-01,2016,2,"Ice cream, prepackaged, bulk, regular",1/2 gal. (1.9 lit),Dairy and fats,4.851,APU0000710411
2016-03-01,2016,3,"Ice cream, prepackaged, bulk, regular",1/2 gal. (1.9 lit),Dairy and fats,4.85,APU0000710411
2016-04-01,2016,4,"Ice cream, prepackaged, bulk, regular",1/2 gal. (1.9 lit),Dairy and fats,4.915,APU0000710411
2016-05-01,2016,5,"Ice cream, prepackaged, bulk, regular",1/2 gal. (1.9 lit),Dairy and fats,4.801,APU0000710411
2016-06-01,2016,6,"Ice cream, prepackaged, bulk, regular",1/2 gal. (1.9 lit),Dairy and fats,4.71,APU0000710411
2016-07-01,2016,7,"Ice cream, prepackaged, bulk, regular",1/2 gal. (1.9 lit),Dairy and fats,4.691,APU0000710411
2016-08-01,2016,8,"Ice cream, prepackaged, bulk, regular",1/2 gal. (1.9 lit),Dairy and fats,4.71,APU0000710411
2016-09-01,2016,9,"Ice cream, prepackaged, bulk, regular",1/2 gal. (1.9 lit),Dairy and fats,4.695,APU0000710411
2016-10-01,2016,10,"Ice cream, prepackaged, bulk, regular",1/2 gal. (1.9 lit),Dairy and fats,4.712,APU0000710411
2016-11-01,2016,11,"Ice cream, prepackaged, bulk, regular",1/2 gal. (1.9 lit),Dairy and fats,4.615,APU0000710411
2016-12-01,2016,12,"Ice cream, prepackaged, bulk, regular",1/2 gal. (1.9 lit),Dairy and fats,4.682,APU0000710411
2017-01-01,2017,1,"Ice cream, prepackaged, bulk, regular",1/2 gal. (1.9 lit),Dairy and fats,4.834,APU0000710411
2017-02-01,2017,2,"Ice cream, prepackaged, bulk, regular",1/2 gal. (1.9 lit),Dairy and fats,4.87,APU0000710411
2017-03-01,2017,3,"Ice cream, prepackaged, bulk, regular",1/2 gal. (1.9 lit),Dairy and fats,4.751,APU0000710411
2017-04-01,2017,4,"Ice cream, prepackaged, bulk, regular",1/2 gal. (1.9 lit),Dairy and fats,4.659,APU0000710411
2017-05-01,2017,5,"Ice cream, prepackaged, bulk, regular",1/2 gal. (1.9 lit),Dairy and fats,4.631,APU0000710411
2017-06-01,2017,6,"Ice cream, prepackaged, bulk, regular",1/2 gal. (1.9 lit),Dairy and fats,4.629,APU0000710411
2017-07-01,2017,7,"Ice cream, prepackaged, bulk, regular",1/2 gal. (1.9 lit),Dairy and fats,4.606,APU0000710411
2017-08-01,2017,8,"Ice cream, prepackaged, bulk, regular",1/2 gal. (1.9 lit),Dairy and fats,4.688,APU0000710411
2017-09-01,2017,9,"Ice cream, prepackaged, bulk, regular",1/2 gal. (1.9 lit),Dairy and fats,4.648,APU0000710411
2017-10-01,2017,10,"Ice cream, prepackaged, bulk, regular",1/2 gal. (1.9 lit),Dairy and fats,4.683,APU0000710411
2017-11-01,2017,11,"Ice cream, prepackaged, bulk, regular",1/2 gal. (1.9 lit),Dairy and fats,4.567,APU0000710411
2017-12-01,2017,12,"Ice cream, prepackaged, bulk, regular",1/2 gal. (1.9 lit),Dairy and fats,4.758,APU0000710411
2018-01-01,2018,1,"Ice cream, prepackaged, bulk, regular",1/2 gal. (1.9 lit),Dairy and fats,4.786,APU0000710411
2018-02-01,2018,2,"Ice cream, prepackaged, bulk, regular",1/2 gal. (1.9 lit),Dairy and fats,4.67,APU0000710411
2018-03-01,2018,3,"Ice cream, prepackaged, bulk, regular",1/2 gal. (1.9 lit),Dairy and fats,4.825,APU0000710411
2018-04-01,2018,4,"Ice cream, prepackaged, bulk, regular",1/2 gal. (1.9 lit),Dairy and fats,4.709,APU0000710411
2018-05-01,2018,5,"Ice cream, prepackaged, bulk, regular",1/2 gal. (1.9 lit),Dairy and fats,4.588,APU0000710411
2018-06-01,2018,6,"Ice cream, prepackaged, bulk, regular",1/2 gal. (1.9 lit),Dairy and fats,4.656,APU0000710411
2018-07-01,2018,7,"Ice cream, prepackaged, bulk, regular",1/2 gal. (1.9 lit),Dairy and fats,4.75,APU0000710411
2018-08-01,2018,8,"Ice cream, prepackaged, bulk, regular",1/2 gal. (1.9 lit),Dairy and fats,4.662,APU0000710411
2018-09-01,2018,9,"Ice cream, prepackaged, bulk, regular",1/2 gal. (1.9 lit),Dairy and fats,4.754,APU0000710411
2018-10-01,2018,10,"Ice cream, prepackaged, bulk, regular",1/2 gal. (1.9 lit),Dairy and fats,4.864,APU0000710411
2018-11-01,2018,11,"Ice cream, prepackaged, bulk, regular",1/2 gal. (1.9 lit),Dairy and fats,4.786,APU0000710411
2018-12-01,2018,12,"Ice cream, prepackaged, bulk, regular",1/2 gal. (1.9 lit),Dairy and fats,4.812,APU0000710411
2019-01-01,2019,1,"Ice cream, prepackaged, bulk, regular",1/2 gal. (1.9 lit),Dairy and fats,4.912,APU0000710411
2019-02-01,2019,2,"Ice cream, prepackaged, bulk, regular",1/2 gal. (1.9 lit),Dairy and fats,4.981,APU0000710411
2019-03-01,2019,3,"Ice cream, prepackaged, bulk, regular",1/2 gal. (1.9 lit),Dairy and fats,4.791,APU0000710411
2019-04-01,2019,4,"Ice cream, prepackaged, bulk, regular",1/2 gal. (1.9 lit),Dairy and fats,4.821,APU0000710411
2019-05-01,2019,5,"Ice cream, prepackaged, bulk, regular",1/2 gal. (1.9 lit),Dairy and fats,4.85,APU0000710411
2019-06-01,2019,6,"Ice cream, prepackaged, bulk, regular",1/2 gal. (1.9 lit),Dairy and fats,4.633,APU0000710411
2019-07-01,2019,7,"Ice cream, prepackaged, bulk, regular",1/2 gal. (1.9 lit),Dairy and fats,4.674,APU0000710411
2019-08-01,2019,8,"Ice cream, prepackaged, bulk, regular",1/2 gal. (1.9 lit),Dairy and fats,4.682,APU0000710411
2019-09-01,2019,9,"Ice cream, prepackaged, bulk, regular",1/2 gal. (1.9 lit),Dairy and fats,4.802,APU0000710411
2019-10-01,2019,10,"Ice cream, prepackaged, bulk, regular",1/2 gal. (1.9 lit),Dairy and fats,4.94,APU0000710411
2019-11-01,2019,11,"Ice cream, prepackaged, bulk, regular",1/2 gal. (1.9 lit),Dairy and fats,4.935,APU0000710411
2019-12-01,2019,12,"Ice cream, prepackaged, bulk, regular",1/2 gal. (1.9 lit),Dairy and fats,4.74,APU0000710411
2020-01-01,2020,1,"Ice cream, prepackaged, bulk, regular",1/2 gal. (1.9 lit),Dairy and fats,4.824,APU0000710411
2020-02-01,2020,2,"Ice cream, prepackaged, bulk, regular",1/2 gal. (1.9 lit),Dairy and fats,4.884,APU0000710411
2020-03-01,2020,3,"Ice cream, prepackaged, bulk, regular",1/2 gal. (1.9 lit),Dairy and fats,4.918,APU0000710411
2020-04-01,2020,4,"Ice cream, prepackaged, bulk, regular",1/2 gal. (1.9 lit),Dairy and fats,4.941,APU0000710411
2020-05-01,2020,5,"Ice cream, prepackaged, bulk, regular",1/2 gal. (1.9 lit),Dairy and fats,4.934,APU0000710411
2020-06-01,2020,6,"Ice cream, prepackaged, bulk, regular",1/2 gal. (1.9 lit),Dairy and fats,5.088,APU0000710411
2020-07-01,2020,7,"Ice cream, prepackaged, bulk, regular",1/2 gal. (1.9 lit),Dairy and fats,4.898,APU0000710411
2020-08-01,2020,8,"Ice cream, prepackaged, bulk, regular",1/2 gal. (1.9 lit),Dairy and fats,4.95,APU0000710411
2020-09-01,2020,9,"Ice cream, prepackaged, bulk, regular",1/2 gal. (1.9 lit),Dairy and fats,4.944,APU0000710411
2020-10-01,2020,10,"Ice cream, prepackaged, bulk, regular",1/2 gal. (1.9 lit),Dairy and fats,4.925,APU0000710411
2020-11-01,2020,11,"Ice cream, prepackaged, bulk, regular",1/2 gal. (1.9 lit),Dairy and fats,4.846,APU0000710411
2020-12-01,2020,12,"Ice cream, prepackaged, bulk, regular",1/2 gal. (1.9 lit),Dairy and fats,4.927,APU0000710411
2021-01-01,2021,1,"Ice cream, prepackaged, bulk, regular",1/2 gal. (1.9 lit),Dairy and fats,5.014,APU0000710411
2021-02-01,2021,2,"Ice cream, prepackaged, bulk, regular",1/2 gal. (1.9 lit),Dairy and fats,4.937,APU0000710411
2021-03-01,2021,3,"Ice cream, prepackaged, bulk, regular",1/2 gal. (1.9 lit),Dairy and fats,4.949,APU0000710411
2021-04-01,2021,4,"Ice cream, prepackaged, bulk, regular",1/2 gal. (1.9 lit),Dairy and fats,4.978,APU0000710411
2021-05-01,2021,5,"Ice cream, prepackaged, bulk, regular",1/2 gal. (1.9 lit),Dairy and fats,4.685,APU0000710411
2021-06-01,2021,6,"Ice cream, prepackaged, bulk, regular",1/2 gal. (1.9 lit),Dairy and fats,4.886,APU0000710411
2021-07-01,2021,7,"Ice cream, prepackaged, bulk, regular",1/2 gal. (1.9 lit),Dairy and fats,4.943,APU0000710411
2021-08-01,2021,8,"Ice cream, prepackaged, bulk, regular",1/2 gal. (1.9 lit),Dairy and fats,4.918,APU0000710411
2021-09-01,2021,9,"Ice cream, prepackaged, bulk, regular",1/2 gal. (1.9 lit),Dairy and fats,4.9,APU0000710411
2021-10-01,2021,10,"Ice cream, prepackaged, bulk, regular",1/2 gal. (1.9 lit),Dairy and fats,4.952,APU0000710411
2021-11-01,2021,11,"Ice cream, prepackaged, bulk, regular",1/2 gal. (1.9 lit),Dairy and fats,4.77,APU0000710411
2021-12-01,2021,12,"Ice cream, prepackaged, bulk, regular",1/2 gal. (1.9 lit),Dairy and fats,4.766,APU0000710411
2022-01-01,2022,1,"Ice cream, prepackaged, bulk, regular",1/2 gal. (1.9 lit),Dairy and fats,4.993,APU0000710411
2022-02-01,2022,2,"Ice cream, prepackaged, bulk, regular",1/2 gal. (1.9 lit),Dairy and fats,5.048,APU0000710411
2022-03-01,2022,3,"Ice cream, prepackaged, bulk, regular",1/2 gal. (1.9 lit),Dairy and fats,5.059,APU0000710411
2022-04-01,2022,4,"Ice cream, prepackaged, bulk, regular",1/2 gal. (1.9 lit),Dairy and fats,5.129,APU0000710411
2022-05-01,2022,5,"Ice cream, prepackaged, bulk, regular",1/2 gal. (1.9 lit),Dairy and fats,5.352,APU0000710411
2022-06-01,2022,6,"Ice cream, prepackaged, bulk, regular",1/2 gal. (1.9 lit),Dairy and fats,5.536,APU0000710411
2022-07-01,2022,7,"Ice cream, prepackaged, bulk, regular",1/2 gal. (1.9 lit),Dairy and fats,5.621,APU0000710411
2022-08-01,2022,8,"Ice cream, prepackaged, bulk, regular",1/2 gal. (1.9 lit),Dairy and fats,5.638,APU0000710411
2022-09-01,2022,9,"Ice cream, prepackaged, bulk, regular",1/2 gal. (1.9 lit),Dairy and fats,5.701,APU0000710411
2022-10-01,2022,10,"Ice cream, prepackaged, bulk, regular",1/2 gal. (1.9 lit),Dairy and fats,5.745,APU0000710411
2022-11-01,2022,11,"Ice cream, prepackaged, bulk, regular",1/2 gal. (1.9 lit),Dairy and fats,5.724,APU0000710411
2022-12-01,2022,12,"Ice cream, prepackaged, bulk, regular",1/2 gal. (1.9 lit),Dairy and fats,5.561,APU0000710411
2023-01-01,2023,1,"Ice cream, prepackaged, bulk, regular",1/2 gal. (1.9 lit),Dairy and fats,5.809,APU0000710411
2023-02-01,2023,2,"Ice cream, prepackaged, bulk, regular",1/2 gal. (1.9 lit),Dairy and fats,5.722,APU0000710411
2023-03-01,2023,3,"Ice cream, prepackaged, bulk, regular",1/2 gal. (1.9 lit),Dairy and fats,5.92,APU0000710411
2023-04-01,2023,4,"Ice cream, prepackaged, bulk, regular",1/2 gal. (1.9 lit),Dairy and fats,5.95,APU0000710411
2023-05-01,2023,5,"Ice cream, prepackaged, bulk, regular",1/2 gal. (1.9 lit),Dairy and fats,5.807,APU0000710411
2023-06-01,2023,6,"Ice cream, prepackaged, bulk, regular",1/2 gal. (1.9 lit),Dairy and fats,5.812,APU0000710411
2023-07-01,2023,7,"Ice cream, prepackaged, bulk, regular",1/2 gal. (1.9 lit),Dairy and fats,5.845,APU0000710411
2023-08-01,2023,8,"Ice cream, prepackaged, bulk, regular",1/2 gal. (1.9 lit),Dairy and fats,5.904,APU0000710411
2023-09-01,2023,9,"Ice cream, prepackaged, bulk, regular",1/2 gal. (1.9 lit),Dairy and fats,5.959,APU0000710411
2023-10-01,2023,10,"Ice cream, prepackaged, bulk, regular",1/2 gal. (1.9 lit),Dairy and fats,6.041,APU0000710411
2023-11-01,2023,11,"Ice cream, prepackaged, bulk, regular",1/2 gal. (1.9 lit),Dairy and fats,6.014,APU0000710411
2023-12-01,2023,12,"Ice cream, prepackaged, bulk, regular",1/2 gal. (1.9 lit),Dairy and fats,6.015,APU0000710411
2024-01-01,2024,1,"Ice cream, prepackaged, bulk, regular",1/2 gal. (1.9 lit),Dairy and fats,5.903,APU0000710411
2024-02-01,2024,2,"Ice cream, prepackaged, bulk, regular",1/2 gal. (1.9 lit),Dairy and fats,5.885,APU0000710411
2024-03-01,2024,3,"Ice cream, prepackaged, bulk, regular",1/2 gal. (1.9 lit),Dairy and fats,5.733,APU0000710411
2024-04-01,2024,4,"Ice cream, prepackaged, bulk, regular",1/2 gal. (1.9 lit),Dairy and fats,6.196,APU0000710411
2024-05-01,2024,5,"Ice cream, prepackaged, bulk, regular",1/2 gal. (1.9 lit),Dairy and fats,6.0,APU0000710411
2024-06-01,2024,6,"Ice cream, prepackaged, bulk, regular",1/2 gal. (1.9 lit),Dairy and fats,6.137,APU0000710411
2024-07-01,2024,7,"Ice cream, prepackaged, bulk, regular",1/2 gal. (1.9 lit),Dairy and fats,6.03,APU0000710411
2024-08-01,2024,8,"Ice cream, prepackaged, bulk, regular",1/2 gal. (1.9 lit),Dairy and fats,6.357,APU0000710411
2024-09-01,2024,9,"Ice cream, prepackaged, bulk, regular",1/2 gal. (1.9 lit),Dairy and fats,6.338,APU0000710411
2024-10-01,2024,10,"Ice cream, prepackaged, bulk, regular",1/2 gal. (1.9 lit),Dairy and fats,6.295,APU0000710411
2024-11-01,2024,11,"Ice cream, prepackaged, bulk, regular",1/2 gal. (1.9 lit),Dairy and fats,6.447,APU0000710411
2024-12-01,2024,12,"Ice cream, prepackaged, bulk, regular",1/2 gal. (1.9 lit),Dairy and fats,6.27,APU0000710411
2025-01-01,2025,1,"Ice cream, prepackaged, bulk, regular",1/2 gal. (1.9 lit),Dairy and fats,6.459,APU0000710411
2025-02-01,2025,2,"Ice cream, prepackaged, bulk, regular",1/2 gal. (1.9 lit),Dairy and fats,6.255,APU0000710411
2025-03-01,2025,3,"Ice cream, prepackaged, bulk, regular",1/2 gal. (1.9 lit),Dairy and fats,6.328,APU0000710411
2025-04-01,2025,4,"Ice cream, prepackaged, bulk, regular",1/2 gal. (1.9 lit),Dairy and fats,6.229,APU0000710411
2025-05-01,2025,5,"Ice cream, prepackaged, bulk, regular",1/2 gal. (1.9 lit),Dairy and fats,6.466,APU0000710411
2025-06-01,2025,6,"Ice cream, prepackaged, bulk, regular",1/2 gal. (1.9 lit),Dairy and fats,6.493,APU0000710411
2025-07-01,2025,7,"Ice cream, prepackaged, bulk, regular",1/2 gal. (1.9 lit),Dairy and fats,6.374,APU0000710411
2025-08-01,2025,8,"Ice cream, prepackaged, bulk, regular",1/2 gal. (1.9 lit),Dairy and fats,6.505,APU0000710411
2025-09-01,2025,9,"Ice cream, prepackaged, bulk, regular",1/2 gal. (1.9 lit),Dairy and fats,6.396,APU0000710411
2025-11-01,2025,11,"Ice cream, prepackaged, bulk, regular",1/2 gal. (1.9 lit),Dairy and fats,6.138,APU0000710411
2025-12-01,2025,12,"Ice cream, prepackaged, bulk, regular",1/2 gal. (1.9 lit),Dairy and fats,6.403,APU0000710411
2026-01-01,2026,1,"Ice cream, prepackaged, bulk, regular",1/2 gal. (1.9 lit),Dairy and fats,6.236,APU0000710411
2026-02-01,2026,2,"Ice cream, prepackaged, bulk, regular",1/2 gal. (1.9 lit),Dairy and fats,6.264,APU0000710411
2026-03-01,2026,3,"Ice cream, prepackaged, bulk, regular",1/2 gal. (1.9 lit),Dairy and fats,6.191,APU0000710411
2026-04-01,2026,4,"Ice cream, prepackaged, bulk, regular",1/2 gal. (1.9 lit),Dairy and fats,6.24,APU0000710411
2026-05-01,2026,5,"Ice cream, prepackaged, bulk, regular",1/2 gal. (1.9 lit),Dairy and fats,6.045,APU0000710411
2026-06-01,2026,6,"Ice cream, prepackaged, bulk, regular",1/2 gal. (1.9 lit),Dairy and fats,5.953,APU0000710411
2026-07-01,2026,7,"Ice cream, prepackaged, bulk, regular",1/2 gal. (1.9 lit),Dairy and fats,5.836,APU0000710411
2015-01-01,2015,1,Lemons,lb. (453.6 gm),Fruit,1.86,APU0000711412
2015-02-01,2015,2,Lemons,lb. (453.6 gm),Fruit,1.868,APU0000711412
2015-03-01,2015,3,Lemons,lb. (453.6 gm),Fruit,1.664,APU0000711412
2015-04-01,2015,4,Lemons,lb. (453.6 gm),Fruit,1.75,APU0000711412
2015-05-01,2015,5,Lemons,lb. (453.6 gm),Fruit,1.874,APU0000711412
2015-06-01,2015,6,Lemons,lb. (453.6 gm),Fruit,2.127,APU0000711412
2015-07-01,2015,7,Lemons,lb. (453.6 gm),Fruit,2.254,APU0000711412
2015-08-01,2015,8,Lemons,lb. (453.6 gm),Fruit,2.088,APU0000711412
2015-09-01,2015,9,Lemons,lb. (453.6 gm),Fruit,2.091,APU0000711412
2015-10-01,2015,10,Lemons,lb. (453.6 gm),Fruit,2.164,APU0000711412
2015-11-01,2015,11,Lemons,lb. (453.6 gm),Fruit,2.059,APU0000711412
2015-12-01,2015,12,Lemons,lb. (453.6 gm),Fruit,1.978,APU0000711412
2016-01-01,2016,1,Lemons,lb. (453.6 gm),Fruit,1.956,APU0000711412
2016-02-01,2016,2,Lemons,lb. (453.6 gm),Fruit,1.922,APU0000711412
2016-03-01,2016,3,Lemons,lb. (453.6 gm),Fruit,1.917,APU0000711412
2016-04-01,2016,4,Lemons,lb. (453.6 gm),Fruit,2.027,APU0000711412
2016-05-01,2016,5,Lemons,lb. (453.6 gm),Fruit,2.035,APU0000711412
2016-06-01,2016,6,Lemons,lb. (453.6 gm),Fruit,2.115,APU0000711412
2016-07-01,2016,7,Lemons,lb. (453.6 gm),Fruit,2.17,APU0000711412
2016-08-01,2016,8,Lemons,lb. (453.6 gm),Fruit,2.161,APU0000711412
2016-09-01,2016,9,Lemons,lb. (453.6 gm),Fruit,2.171,APU0000711412
2016-10-01,2016,10,Lemons,lb. (453.6 gm),Fruit,2.019,APU0000711412
2016-11-01,2016,11,Lemons,lb. (453.6 gm),Fruit,1.971,APU0000711412
2016-12-01,2016,12,Lemons,lb. (453.6 gm),Fruit,1.985,APU0000711412
2017-01-01,2017,1,Lemons,lb. (453.6 gm),Fruit,1.937,APU0000711412
2017-02-01,2017,2,Lemons,lb. (453.6 gm),Fruit,1.97,APU0000711412
2017-03-01,2017,3,Lemons,lb. (453.6 gm),Fruit,1.914,APU0000711412
2017-04-01,2017,4,Lemons,lb. (453.6 gm),Fruit,1.933,APU0000711412
2017-05-01,2017,5,Lemons,lb. (453.6 gm),Fruit,1.934,APU0000711412
2017-06-01,2017,6,Lemons,lb. (453.6 gm),Fruit,2.022,APU0000711412
2017-07-01,2017,7,Lemons,lb. (453.6 gm),Fruit,2.093,APU0000711412
2017-08-01,2017,8,Lemons,lb. (453.6 gm),Fruit,2.138,APU0000711412
2017-09-01,2017,9,Lemons,lb. (453.6 gm),Fruit,2.102,APU0000711412
2017-10-01,2017,10,Lemons,lb. (453.6 gm),Fruit,2.064,APU0000711412
2017-11-01,2017,11,Lemons,lb. (453.6 gm),Fruit,1.986,APU0000711412
2017-12-01,2017,12,Lemons,lb. (453.6 gm),Fruit,1.989,APU0000711412
2018-01-01,2018,1,Lemons,lb. (453.6 gm),Fruit,2.045,APU0000711412
2018-02-01,2018,2,Lemons,lb. (453.6 gm),Fruit,2.06,APU0000711412
2018-03-01,2018,3,Lemons,lb. (453.6 gm),Fruit,2.06,APU0000711412
2018-04-01,2018,4,Lemons,lb. (453.6 gm),Fruit,2.046,APU0000711412
2018-05-01,2018,5,Lemons,lb. (453.6 gm),Fruit,2.05,APU0000711412
2018-06-01,2018,6,Lemons,lb. (453.6 gm),Fruit,2.115,APU0000711412
2018-07-01,2018,7,Lemons,lb. (453.6 gm),Fruit,2.198,APU0000711412
2018-08-01,2018,8,Lemons,lb. (453.6 gm),Fruit,2.463,APU0000711412
2018-09-01,2018,9,Lemons,lb. (453.6 gm),Fruit,2.552,APU0000711412
2018-10-01,2018,10,Lemons,lb. (453.6 gm),Fruit,2.557,APU0000711412
2018-11-01,2018,11,Lemons,lb. (453.6 gm),Fruit,2.452,APU0000711412
2018-12-01,2018,12,Lemons,lb. (453.6 gm),Fruit,2.39,APU0000711412
2019-01-01,2019,1,Lemons,lb. (453.6 gm),Fruit,2.363,APU0000711412
2019-02-01,2019,2,Lemons,lb. (453.6 gm),Fruit,2.27,APU0000711412
2019-03-01,2019,3,Lemons,lb. (453.6 gm),Fruit,2.276,APU0000711412
2019-04-01,2019,4,Lemons,lb. (453.6 gm),Fruit,2.221,APU0000711412
2019-05-01,2019,5,Lemons,lb. (453.6 gm),Fruit,2.167,APU0000711412
2019-06-01,2019,6,Lemons,lb. (453.6 gm),Fruit,2.066,APU0000711412
2019-07-01,2019,7,Lemons,lb. (453.6 gm),Fruit,2.041,APU0000711412
2019-08-01,2019,8,Lemons,lb. (453.6 gm),Fruit,2.03,APU0000711412
2019-09-01,2019,9,Lemons,lb. (453.6 gm),Fruit,2.047,APU0000711412
2019-10-01,2019,10,Lemons,lb. (453.6 gm),Fruit,2.062,APU0000711412
2019-11-01,2019,11,Lemons,lb. (453.6 gm),Fruit,2.014,APU0000711412
2019-12-01,2019,12,Lemons,lb. (453.6 gm),Fruit,1.995,APU0000711412
2020-01-01,2020,1,Lemons,lb. (453.6 gm),Fruit,1.949,APU0000711412
2020-02-01,2020,2,Lemons,lb. (453.6 gm),Fruit,1.959,APU0000711412
2020-12-01,2020,12,Lemons,lb. (453.6 gm),Fruit,1.896,APU0000711412
2021-05-01,2021,5,Lemons,lb. (453.6 gm),Fruit,1.981,APU0000711412
2021-06-01,2021,6,Lemons,lb. (453.6 gm),Fruit,1.953,APU0000711412
2021-10-01,2021,10,Lemons,lb. (453.6 gm),Fruit,1.983,APU0000711412
2021-12-01,2021,12,Lemons,lb. (453.6 gm),Fruit,2.014,APU0000711412
2022-01-01,2022,1,Lemons,lb. (453.6 gm),Fruit,2.078,APU0000711412
2022-03-01,2022,3,Lemons,lb. (453.6 gm),Fruit,2.095,APU0000711412
2022-04-01,2022,4,Lemons,lb. (453.6 gm),Fruit,2.225,APU0000711412
2022-05-01,2022,5,Lemons,lb. (453.6 gm),Fruit,2.261,APU0000711412
2022-06-01,2022,6,Lemons,lb. (453.6 gm),Fruit,2.192,APU0000711412
2022-07-01,2022,7,Lemons,lb. (453.6 gm),Fruit,2.138,APU0000711412
2022-08-01,2022,8,Lemons,lb. (453.6 gm),Fruit,2.032,APU0000711412
2022-09-01,2022,9,Lemons,lb. (453.6 gm),Fruit,2.086,APU0000711412
2022-10-01,2022,10,Lemons,lb. (453.6 gm),Fruit,2.09,APU0000711412
2022-11-01,2022,11,Lemons,lb. (453.6 gm),Fruit,2.122,APU0000711412
2022-12-01,2022,12,Lemons,lb. (453.6 gm),Fruit,2.085,APU0000711412
2023-01-01,2023,1,Lemons,lb. (453.6 gm),Fruit,2.194,APU0000711412
2023-02-01,2023,2,Lemons,lb. (453.6 gm),Fruit,2.157,APU0000711412
2023-03-01,2023,3,Lemons,lb. (453.6 gm),Fruit,2.174,APU0000711412
2023-04-01,2023,4,Lemons,lb. (453.6 gm),Fruit,2.19,APU0000711412
2023-05-01,2023,5,Lemons,lb. (453.6 gm),Fruit,2.241,APU0000711412
2023-06-01,2023,6,Lemons,lb. (453.6 gm),Fruit,2.226,APU0000711412
2023-07-01,2023,7,Lemons,lb. (453.6 gm),Fruit,2.161,APU0000711412
2023-08-01,2023,8,Lemons,lb. (453.6 gm),Fruit,2.076,APU0000711412
2023-09-01,2023,9,Lemons,lb. (453.6 gm),Fruit,2.071,APU0000711412
2023-10-01,2023,10,Lemons,lb. (453.6 gm),Fruit,2.026,APU0000711412
2023-11-01,2023,11,Lemons,lb. (453.6 gm),Fruit,2.061,APU0000711412
2023-12-01,2023,12,Lemons,lb. (453.6 gm),Fruit,2.066,APU0000711412
2024-01-01,2024,1,Lemons,lb. (453.6 gm),Fruit,2.087,APU0000711412
2024-02-01,2024,2,Lemons,lb. (453.6 gm),Fruit,2.036,APU0000711412
2024-03-01,2024,3,Lemons,lb. (453.6 gm),Fruit,2.034,APU0000711412
2024-04-01,2024,4,Lemons,lb. (453.6 gm),Fruit,1.982,APU0000711412
2024-05-01,2024,5,Lemons,lb. (453.6 gm),Fruit,1.923,APU0000711412
2024-06-01,2024,6,Lemons,lb. (453.6 gm),Fruit,1.977,APU0000711412
2024-07-01,2024,7,Lemons,lb. (453.6 gm),Fruit,1.989,APU0000711412
2024-08-01,2024,8,Lemons,lb. (453.6 gm),Fruit,1.959,APU0000711412
2024-09-01,2024,9,Lemons,lb. (453.6 gm),Fruit,1.999,APU0000711412
2024-10-01,2024,10,Lemons,lb. (453.6 gm),Fruit,2.056,APU0000711412
2024-11-01,2024,11,Lemons,lb. (453.6 gm),Fruit,2.116,APU0000711412
2024-12-01,2024,12,Lemons,lb. (453.6 gm),Fruit,2.121,APU0000711412
2025-01-01,2025,1,Lemons,lb. (453.6 gm),Fruit,2.08,APU0000711412
2025-02-01,2025,2,Lemons,lb. (453.6 gm),Fruit,2.056,APU0000711412
2025-03-01,2025,3,Lemons,lb. (453.6 gm),Fruit,1.983,APU0000711412
2025-04-01,2025,4,Lemons,lb. (453.6 gm),Fruit,1.927,APU0000711412
2025-05-01,2025,5,Lemons,lb. (453.6 gm),Fruit,1.897,APU0000711412
2025-06-01,2025,6,Lemons,lb. (453.6 gm),Fruit,1.882,APU0000711412
2025-07-01,2025,7,Lemons,lb. (453.6 gm),Fruit,1.997,APU0000711412
2025-08-01,2025,8,Lemons,lb. (453.6 gm),Fruit,2.081,APU0000711412
2025-09-01,2025,9,Lemons,lb. (453.6 gm),Fruit,2.077,APU0000711412
2025-11-01,2025,11,Lemons,lb. (453.6 gm),Fruit,2.024,APU0000711412
2025-12-01,2025,12,Lemons,lb. (453.6 gm),Fruit,1.976,APU0000711412
2026-01-01,2026,1,Lemons,lb. (453.6 gm),Fruit,1.971,APU0000711412
2026-02-01,2026,2,Lemons,lb. (453.6 gm),Fruit,1.955,APU0000711412
2026-03-01,2026,3,Lemons,lb. (453.6 gm),Fruit,2.003,APU0000711412
2026-04-01,2026,4,Lemons,lb. (453.6 gm),Fruit,2.032,APU0000711412
2026-05-01,2026,5,Lemons,lb. (453.6 gm),Fruit,2.091,APU0000711412
2026-06-01,2026,6,Lemons,lb. (453.6 gm),Fruit,2.109,APU0000711412
2026-07-01,2026,7,Lemons,lb. (453.6 gm),Fruit,2.127,APU0000711412
2015-01-01,2015,1,"Lettuce, iceberg",lb. (453.6 gm),Vegetables,1.174,APU0000712211
2015-02-01,2015,2,"Lettuce, iceberg",lb. (453.6 gm),Vegetables,1.138,APU0000712211
2015-03-01,2015,3,"Lettuce, iceberg",lb. (453.6 gm),Vegetables,1.05,APU0000712211
2015-04-01,2015,4,"Lettuce, iceberg",lb. (453.6 gm),Vegetables,0.993,APU0000712211
2015-05-01,2015,5,"Lettuce, iceberg",lb. (453.6 gm),Vegetables,1.055,APU0000712211
2015-06-01,2015,6,"Lettuce, iceberg",lb. (453.6 gm),Vegetables,1.074,APU0000712211
2015-07-01,2015,7,"Lettuce, iceberg",lb. (453.6 gm),Vegetables,1.049,APU0000712211
2015-08-01,2015,8,"Lettuce, iceberg",lb. (453.6 gm),Vegetables,1.096,APU0000712211
2015-09-01,2015,9,"Lettuce, iceberg",lb. (453.6 gm),Vegetables,1.223,APU0000712211
2015-10-01,2015,10,"Lettuce, iceberg",lb. (453.6 gm),Vegetables,1.245,APU0000712211
2015-11-01,2015,11,"Lettuce, iceberg",lb. (453.6 gm),Vegetables,1.361,APU0000712211
2015-12-01,2015,12,"Lettuce, iceberg",lb. (453.6 gm),Vegetables,1.48,APU0000712211
2016-01-01,2016,1,"Lettuce, iceberg",lb. (453.6 gm),Vegetables,1.417,APU0000712211
2016-02-01,2016,2,"Lettuce, iceberg",lb. (453.6 gm),Vegetables,1.213,APU0000712211
2016-03-01,2016,3,"Lettuce, iceberg",lb. (453.6 gm),Vegetables,1.065,APU0000712211
2016-04-01,2016,4,"Lettuce, iceberg",lb. (453.6 gm),Vegetables,1.018,APU0000712211
2016-05-01,2016,5,"Lettuce, iceberg",lb. (453.6 gm),Vegetables,1.089,APU0000712211
2016-06-01,2016,6,"Lettuce, iceberg",lb. (453.6 gm),Vegetables,1.015,APU0000712211
2016-07-01,2016,7,"Lettuce, iceberg",lb. (453.6 gm),Vegetables,0.995,APU0000712211
2016-08-01,2016,8,"Lettuce, iceberg",lb. (453.6 gm),Vegetables,0.994,APU0000712211
2016-09-01,2016,9,"Lettuce, iceberg",lb. (453.6 gm),Vegetables,0.95,APU0000712211
2016-10-01,2016,10,"Lettuce, iceberg",lb. (453.6 gm),Vegetables,0.949,APU0000712211
2016-11-01,2016,11,"Lettuce, iceberg",lb. (453.6 gm),Vegetables,1.042,APU0000712211
2016-12-01,2016,12,"Lettuce, iceberg",lb. (453.6 gm),Vegetables,1.016,APU0000712211
2017-01-01,2017,1,"Lettuce, iceberg",lb. (453.6 gm),Vegetables,0.985,APU0000712211
2017-02-01,2017,2,"Lettuce, iceberg",lb. (453.6 gm),Vegetables,1.045,APU0000712211
2017-03-01,2017,3,"Lettuce, iceberg",lb. (453.6 gm),Vegetables,1.025,APU0000712211
2017-04-01,2017,4,"Lettuce, iceberg",lb. (453.6 gm),Vegetables,1.231,APU0000712211
2017-05-01,2017,5,"Lettuce, iceberg",lb. (453.6 gm),Vegetables,1.151,APU0000712211
2017-06-01,2017,6,"Lettuce, iceberg",lb. (453.6 gm),Vegetables,1.011,APU0000712211
2017-07-01,2017,7,"Lettuce, iceberg",lb. (453.6 gm),Vegetables,0.957,APU0000712211
2017-08-01,2017,8,"Lettuce, iceberg",lb. (453.6 gm),Vegetables,0.938,APU0000712211
2017-09-01,2017,9,"Lettuce, iceberg",lb. (453.6 gm),Vegetables,0.943,APU0000712211
2017-10-01,2017,10,"Lettuce, iceberg",lb. (453.6 gm),Vegetables,1.014,APU0000712211
2017-11-01,2017,11,"Lettuce, iceberg",lb. (453.6 gm),Vegetables,1.044,APU0000712211
2017-12-01,2017,12,"Lettuce, iceberg",lb. (453.6 gm),Vegetables,1.008,APU0000712211
2018-01-01,2018,1,"Lettuce, iceberg",lb. (453.6 gm),Vegetables,0.922,APU0000712211
2018-02-01,2018,2,"Lettuce, iceberg",lb. (453.6 gm),Vegetables,0.894,APU0000712211
2018-03-01,2018,3,"Lettuce, iceberg",lb. (453.6 gm),Vegetables,0.889,APU0000712211
2018-04-01,2018,4,"Lettuce, iceberg",lb. (453.6 gm),Vegetables,0.906,APU0000712211
2018-05-01,2018,5,"Lettuce, iceberg",lb. (453.6 gm),Vegetables,0.968,APU0000712211
2018-06-01,2018,6,"Lettuce, iceberg",lb. (453.6 gm),Vegetables,0.89,APU0000712211
2018-07-01,2018,7,"Lettuce, iceberg",lb. (453.6 gm),Vegetables,0.903,APU0000712211
2018-08-01,2018,8,"Lettuce, iceberg",lb. (453.6 gm),Vegetables,0.913,APU0000712211
2018-09-01,2018,9,"Lettuce, iceberg",lb. (453.6 gm),Vegetables,0.876,APU0000712211
2018-10-01,2018,10,"Lettuce, iceberg",lb. (453.6 gm),Vegetables,0.91,APU0000712211
2018-11-01,2018,11,"Lettuce, iceberg",lb. (453.6 gm),Vegetables,1.007,APU0000712211
2018-12-01,2018,12,"Lettuce, iceberg",lb. (453.6 gm),Vegetables,1.25,APU0000712211
2019-01-01,2019,1,"Lettuce, iceberg",lb. (453.6 gm),Vegetables,1.161,APU0000712211
2019-02-01,2019,2,"Lettuce, iceberg",lb. (453.6 gm),Vegetables,1.114,APU0000712211
2019-03-01,2019,3,"Lettuce, iceberg",lb. (453.6 gm),Vegetables,1.301,APU0000712211
2019-04-01,2019,4,"Lettuce, iceberg",lb. (453.6 gm),Vegetables,1.213,APU0000712211
2019-05-01,2019,5,"Lettuce, iceberg",lb. (453.6 gm),Vegetables,1.108,APU0000712211
2019-06-01,2019,6,"Lettuce, iceberg",lb. (453.6 gm),Vegetables,1.083,APU0000712211
2019-07-01,2019,7,"Lettuce, iceberg",lb. (453.6 gm),Vegetables,1.207,APU0000712211
2019-08-01,2019,8,"Lettuce, iceberg",lb. (453.6 gm),Vegetables,1.143,APU0000712211
2019-09-01,2019,9,"Lettuce, iceberg",lb. (453.6 gm),Vegetables,1.107,APU0000712211
2019-10-01,2019,10,"Lettuce, iceberg",lb. (453.6 gm),Vegetables,1.134,APU0000712211
2019-11-01,2019,11,"Lettuce, iceberg",lb. (453.6 gm),Vegetables,1.337,APU0000712211
2019-12-01,2019,12,"Lettuce, iceberg",lb. (453.6 gm),Vegetables,1.304,APU0000712211
2020-01-01,2020,1,"Lettuce, iceberg",lb. (453.6 gm),Vegetables,1.341,APU0000712211
2020-02-01,2020,2,"Lettuce, iceberg",lb. (453.6 gm),Vegetables,1.248,APU0000712211
2023-05-01,2023,5,"Lettuce, iceberg",lb. (453.6 gm),Vegetables,1.7,APU0000712211
2023-06-01,2023,6,"Lettuce, iceberg",lb. (453.6 gm),Vegetables,1.605,APU0000712211
2023-07-01,2023,7,"Lettuce, iceberg",lb. (453.6 gm),Vegetables,1.666,APU0000712211
2023-08-01,2023,8,"Lettuce, iceberg",lb. (453.6 gm),Vegetables,1.596,APU0000712211
2023-09-01,2023,9,"Lettuce, iceberg",lb. (453.6 gm),Vegetables,1.66,APU0000712211
2023-10-01,2023,10,"Lettuce, iceberg",lb. (453.6 gm),Vegetables,1.522,APU0000712211
2023-11-01,2023,11,"Lettuce, iceberg",lb. (453.6 gm),Vegetables,1.675,APU0000712211
2023-12-01,2023,12,"Lettuce, iceberg",lb. (453.6 gm),Vegetables,1.53,APU0000712211
2024-01-01,2024,1,"Lettuce, iceberg",lb. (453.6 gm),Vegetables,1.439,APU0000712211
2024-02-01,2024,2,"Lettuce, iceberg",lb. (453.6 gm),Vegetables,1.443,APU0000712211
2024-03-01,2024,3,"Lettuce, iceberg",lb. (453.6 gm),Vegetables,1.68,APU0000712211
2024-04-01,2024,4,"Lettuce, iceberg",lb. (453.6 gm),Vegetables,1.754,APU0000712211
2024-05-01,2024,5,"Lettuce, iceberg",lb. (453.6 gm),Vegetables,1.692,APU0000712211
2024-06-01,2024,6,"Lettuce, iceberg",lb. (453.6 gm),Vegetables,1.741,APU0000712211
2024-07-01,2024,7,"Lettuce, iceberg",lb. (453.6 gm),Vegetables,1.643,APU0000712211
2024-08-01,2024,8,"Lettuce, iceberg",lb. (453.6 gm),Vegetables,1.517,APU0000712211
2024-09-01,2024,9,"Lettuce, iceberg",lb. (453.6 gm),Vegetables,1.435,APU0000712211
2024-10-01,2024,10,"Lettuce, iceberg",lb. (453.6 gm),Vegetables,1.414,APU0000712211
2024-11-01,2024,11,"Lettuce, iceberg",lb. (453.6 gm),Vegetables,1.641,APU0000712211
2024-12-01,2024,12,"Lettuce, iceberg",lb. (453.6 gm),Vegetables,1.705,APU0000712211
2025-01-01,2025,1,"Lettuce, iceberg",lb. (453.6 gm),Vegetables,1.618,APU0000712211
2025-02-01,2025,2,"Lettuce, iceberg",lb. (453.6 gm),Vegetables,1.522,APU0000712211
2025-03-01,2025,3,"Lettuce, iceberg",lb. (453.6 gm),Vegetables,1.465,APU0000712211
2025-04-01,2025,4,"Lettuce, iceberg",lb. (453.6 gm),Vegetables,1.515,APU0000712211
2025-05-01,2025,5,"Lettuce, iceberg",lb. (453.6 gm),Vegetables,1.438,APU0000712211
2025-06-01,2025,6,"Lettuce, iceberg",lb. (453.6 gm),Vegetables,1.378,APU0000712211
2025-07-01,2025,7,"Lettuce, iceberg",lb. (453.6 gm),Vegetables,1.579,APU0000712211
2025-08-01,2025,8,"Lettuce, iceberg",lb. (453.6 gm),Vegetables,1.673,APU0000712211
2025-09-01,2025,9,"Lettuce, iceberg",lb. (453.6 gm),Vegetables,1.731,APU0000712211
2025-11-01,2025,11,"Lettuce, iceberg",lb. (453.6 gm),Vegetables,1.987,APU0000712211
2026-01-01,2026,1,"Lettuce, iceberg",lb. (453.6 gm),Vegetables,1.699,APU0000712211
2026-03-01,2026,3,"Lettuce, iceberg",lb. (453.6 gm),Vegetables,1.719,APU0000712211
2026-04-01,2026,4,"Lettuce, iceberg",lb. (453.6 gm),Vegetables,1.629,APU0000712211
2026-05-01,2026,5,"Lettuce, iceberg",lb. (453.6 gm),Vegetables,1.964,APU0000712211
2026-06-01,2026,6,"Lettuce, iceberg",lb. (453.6 gm),Vegetables,2.012,APU0000712211
2026-07-01,2026,7,"Lettuce, iceberg",lb. (453.6 gm),Vegetables,1.753,APU0000712211
2015-01-01,2015,1,"Lettuce, romaine",lb. (453.6 gm),Vegetables,2.047,APU0000FL2101
2015-02-01,2015,2,"Lettuce, romaine",lb. (453.6 gm),Vegetables,2.195,APU0000FL2101
2015-03-01,2015,3,"Lettuce, romaine",lb. (453.6 gm),Vegetables,2.007,APU0000FL2101
2015-04-01,2015,4,"Lettuce, romaine",lb. (453.6 gm),Vegetables,1.868,APU0000FL2101
2015-05-01,2015,5,"Lettuce, romaine",lb. (453.6 gm),Vegetables,1.904,APU0000FL2101
2015-06-01,2015,6,"Lettuce, romaine",lb. (453.6 gm),Vegetables,1.977,APU0000FL2101
2015-07-01,2015,7,"Lettuce, romaine",lb. (453.6 gm),Vegetables,1.848,APU0000FL2101
2015-08-01,2015,8,"Lettuce, romaine",lb. (453.6 gm),Vegetables,1.79,APU0000FL2101
2015-09-01,2015,9,"Lettuce, romaine",lb. (453.6 gm),Vegetables,1.926,APU0000FL2101
2015-10-01,2015,10,"Lettuce, romaine",lb. (453.6 gm),Vegetables,1.953,APU0000FL2101
2015-11-01,2015,11,"Lettuce, romaine",lb. (453.6 gm),Vegetables,2.116,APU0000FL2101
2015-12-01,2015,12,"Lettuce, romaine",lb. (453.6 gm),Vegetables,2.205,APU0000FL2101
2016-01-01,2016,1,"Lettuce, romaine",lb. (453.6 gm),Vegetables,2.06,APU0000FL2101
2016-02-01,2016,2,"Lettuce, romaine",lb. (453.6 gm),Vegetables,2.03,APU0000FL2101
2016-03-01,2016,3,"Lettuce, romaine",lb. (453.6 gm),Vegetables,1.894,APU0000FL2101
2016-04-01,2016,4,"Lettuce, romaine",lb. (453.6 gm),Vegetables,1.887,APU0000FL2101
2016-05-01,2016,5,"Lettuce, romaine",lb. (453.6 gm),Vegetables,1.992,APU0000FL2101
2016-06-01,2016,6,"Lettuce, romaine",lb. (453.6 gm),Vegetables,2.029,APU0000FL2101
2016-07-01,2016,7,"Lettuce, romaine",lb. (453.6 gm),Vegetables,1.953,APU0000FL2101
2016-08-01,2016,8,"Lettuce, romaine",lb. (453.6 gm),Vegetables,1.862,APU0000FL2101
2016-09-01,2016,9,"Lettuce, romaine",lb. (453.6 gm),Vegetables,1.81,APU0000FL2101
2016-10-01,2016,10,"Lettuce, romaine",lb. (453.6 gm),Vegetables,1.794,APU0000FL2101
2016-11-01,2016,11,"Lettuce, romaine",lb. (453.6 gm),Vegetables,1.901,APU0000FL2101
2016-12-01,2016,12,"Lettuce, romaine",lb. (453.6 gm),Vegetables,1.873,APU0000FL2101
2017-01-01,2017,1,"Lettuce, romaine",lb. (453.6 gm),Vegetables,1.802,APU0000FL2101
2017-02-01,2017,2,"Lettuce, romaine",lb. (453.6 gm),Vegetables,1.944,APU0000FL2101
2017-03-01,2017,3,"Lettuce, romaine",lb. (453.6 gm),Vegetables,2.038,APU0000FL2101
2017-04-01,2017,4,"Lettuce, romaine",lb. (453.6 gm),Vegetables,2.439,APU0000FL2101
2017-05-01,2017,5,"Lettuce, romaine",lb. (453.6 gm),Vegetables,2.325,APU0000FL2101
2017-06-01,2017,6,"Lettuce, romaine",lb. (453.6 gm),Vegetables,2.179,APU0000FL2101
2017-07-01,2017,7,"Lettuce, romaine",lb. (453.6 gm),Vegetables,2.027,APU0000FL2101
2017-08-01,2017,8,"Lettuce, romaine",lb. (453.6 gm),Vegetables,2.088,APU0000FL2101
2017-09-01,2017,9,"Lettuce, romaine",lb. (453.6 gm),Vegetables,2.036,APU0000FL2101
2017-10-01,2017,10,"Lettuce, romaine",lb. (453.6 gm),Vegetables,2.125,APU0000FL2101
2017-11-01,2017,11,"Lettuce, romaine",lb. (453.6 gm),Vegetables,2.148,APU0000FL2101
2017-12-01,2017,12,"Lettuce, romaine",lb. (453.6 gm),Vegetables,2.159,APU0000FL2101
2018-01-01,2018,1,"Lettuce, romaine",lb. (453.6 gm),Vegetables,2.127,APU0000FL2101
2018-02-01,2018,2,"Lettuce, romaine",lb. (453.6 gm),Vegetables,2.072,APU0000FL2101
2018-03-01,2018,3,"Lettuce, romaine",lb. (453.6 gm),Vegetables,2.064,APU0000FL2101
2018-04-01,2018,4,"Lettuce, romaine",lb. (453.6 gm),Vegetables,2.129,APU0000FL2101
2018-05-01,2018,5,"Lettuce, romaine",lb. (453.6 gm),Vegetables,2.039,APU0000FL2101
2018-06-01,2018,6,"Lettuce, romaine",lb. (453.6 gm),Vegetables,1.937,APU0000FL2101
2018-07-01,2018,7,"Lettuce, romaine",lb. (453.6 gm),Vegetables,2.056,APU0000FL2101
2018-08-01,2018,8,"Lettuce, romaine",lb. (453.6 gm),Vegetables,2.043,APU0000FL2101
2018-09-01,2018,9,"Lettuce, romaine",lb. (453.6 gm),Vegetables,2.058,APU0000FL2101
2018-10-01,2018,10,"Lettuce, romaine",lb. (453.6 gm),Vegetables,2.132,APU0000FL2101
2018-11-01,2018,11,"Lettuce, romaine",lb. (453.6 gm),Vegetables,2.17,APU0000FL2101
2018-12-01,2018,12,"Lettuce, romaine",lb. (453.6 gm),Vegetables,2.352,APU0000FL2101
2019-01-01,2019,1,"Lettuce, romaine",lb. (453.6 gm),Vegetables,2.177,APU0000FL2101
2019-02-01,2019,2,"Lettuce, romaine",lb. (453.6 gm),Vegetables,2.3,APU0000FL2101
2019-03-01,2019,3,"Lettuce, romaine",lb. (453.6 gm),Vegetables,2.356,APU0000FL2101
2019-04-01,2019,4,"Lettuce, romaine",lb. (453.6 gm),Vegetables,2.3,APU0000FL2101
2019-05-01,2019,5,"Lettuce, romaine",lb. (453.6 gm),Vegetables,2.19,APU0000FL2101
2019-06-01,2019,6,"Lettuce, romaine",lb. (453.6 gm),Vegetables,2.115,APU0000FL2101
2019-07-01,2019,7,"Lettuce, romaine",lb. (453.6 gm),Vegetables,2.207,APU0000FL2101
2019-08-01,2019,8,"Lettuce, romaine",lb. (453.6 gm),Vegetables,2.162,APU0000FL2101
2019-09-01,2019,9,"Lettuce, romaine",lb. (453.6 gm),Vegetables,2.059,APU0000FL2101
2019-10-01,2019,10,"Lettuce, romaine",lb. (453.6 gm),Vegetables,2.203,APU0000FL2101
2019-11-01,2019,11,"Lettuce, romaine",lb. (453.6 gm),Vegetables,2.214,APU0000FL2101
2019-12-01,2019,12,"Lettuce, romaine",lb. (453.6 gm),Vegetables,2.176,APU0000FL2101
2020-01-01,2020,1,"Lettuce, romaine",lb. (453.6 gm),Vegetables,2.16,APU0000FL2101
2020-02-01,2020,2,"Lettuce, romaine",lb. (453.6 gm),Vegetables,2.029,APU0000FL2101
2021-12-01,2021,12,"Lettuce, romaine",lb. (453.6 gm),Vegetables,3.269,APU0000FL2101
2022-01-01,2022,1,"Lettuce, romaine",lb. (453.6 gm),Vegetables,3.178,APU0000FL2101
2022-02-01,2022,2,"Lettuce, romaine",lb. (453.6 gm),Vegetables,3.182,APU0000FL2101
2022-03-01,2022,3,"Lettuce, romaine",lb. (453.6 gm),Vegetables,3.154,APU0000FL2101
2022-04-01,2022,4,"Lettuce, romaine",lb. (453.6 gm),Vegetables,3.187,APU0000FL2101
2022-05-01,2022,5,"Lettuce, romaine",lb. (453.6 gm),Vegetables,2.993,APU0000FL2101
2022-06-01,2022,6,"Lettuce, romaine",lb. (453.6 gm),Vegetables,2.973,APU0000FL2101
2022-07-01,2022,7,"Lettuce, romaine",lb. (453.6 gm),Vegetables,2.927,APU0000FL2101
2022-08-01,2022,8,"Lettuce, romaine",lb. (453.6 gm),Vegetables,2.841,APU0000FL2101
2022-09-01,2022,9,"Lettuce, romaine",lb. (453.6 gm),Vegetables,3.003,APU0000FL2101
2022-10-01,2022,10,"Lettuce, romaine",lb. (453.6 gm),Vegetables,3.138,APU0000FL2101
2022-11-01,2022,11,"Lettuce, romaine",lb. (453.6 gm),Vegetables,3.487,APU0000FL2101
2022-12-01,2022,12,"Lettuce, romaine",lb. (453.6 gm),Vegetables,3.568,APU0000FL2101
2023-01-01,2023,1,"Lettuce, romaine",lb. (453.6 gm),Vegetables,3.058,APU0000FL2101
2023-02-01,2023,2,"Lettuce, romaine",lb. (453.6 gm),Vegetables,2.865,APU0000FL2101
2023-03-01,2023,3,"Lettuce, romaine",lb. (453.6 gm),Vegetables,2.805,APU0000FL2101
2023-04-01,2023,4,"Lettuce, romaine",lb. (453.6 gm),Vegetables,2.781,APU0000FL2101
2023-05-01,2023,5,"Lettuce, romaine",lb. (453.6 gm),Vegetables,2.833,APU0000FL2101
2023-06-01,2023,6,"Lettuce, romaine",lb. (453.6 gm),Vegetables,2.729,APU0000FL2101
2023-07-01,2023,7,"Lettuce, romaine",lb. (453.6 gm),Vegetables,2.67,APU0000FL2101
2023-08-01,2023,8,"Lettuce, romaine",lb. (453.6 gm),Vegetables,2.552,APU0000FL2101
2023-09-01,2023,9,"Lettuce, romaine",lb. (453.6 gm),Vegetables,2.679,APU0000FL2101
2023-10-01,2023,10,"Lettuce, romaine",lb. (453.6 gm),Vegetables,2.719,APU0000FL2101
2023-11-01,2023,11,"Lettuce, romaine",lb. (453.6 gm),Vegetables,2.826,APU0000FL2101
2023-12-01,2023,12,"Lettuce, romaine",lb. (453.6 gm),Vegetables,2.683,APU0000FL2101
2024-01-01,2024,1,"Lettuce, romaine",lb. (453.6 gm),Vegetables,2.592,APU0000FL2101
2024-02-01,2024,2,"Lettuce, romaine",lb. (453.6 gm),Vegetables,2.568,APU0000FL2101
2024-03-01,2024,3,"Lettuce, romaine",lb. (453.6 gm),Vegetables,2.729,APU0000FL2101
2024-04-01,2024,4,"Lettuce, romaine",lb. (453.6 gm),Vegetables,2.845,APU0000FL2101
2024-05-01,2024,5,"Lettuce, romaine",lb. (453.6 gm),Vegetables,2.832,APU0000FL2101
2024-06-01,2024,6,"Lettuce, romaine",lb. (453.6 gm),Vegetables,2.885,APU0000FL2101
2024-07-01,2024,7,"Lettuce, romaine",lb. (453.6 gm),Vegetables,2.874,APU0000FL2101
2024-08-01,2024,8,"Lettuce, romaine",lb. (453.6 gm),Vegetables,2.964,APU0000FL2101
2024-09-01,2024,9,"Lettuce, romaine",lb. (453.6 gm),Vegetables,2.888,APU0000FL2101
2024-10-01,2024,10,"Lettuce, romaine",lb. (453.6 gm),Vegetables,2.933,APU0000FL2101
2024-11-01,2024,11,"Lettuce, romaine",lb. (453.6 gm),Vegetables,3.027,APU0000FL2101
2024-12-01,2024,12,"Lettuce, romaine",lb. (453.6 gm),Vegetables,2.967,APU0000FL2101
2025-01-01,2025,1,"Lettuce, romaine",lb. (453.6 gm),Vegetables,2.831,APU0000FL2101
2025-02-01,2025,2,"Lettuce, romaine",lb. (453.6 gm),Vegetables,2.865,APU0000FL2101
2025-03-01,2025,3,"Lettuce, romaine",lb. (453.6 gm),Vegetables,2.923,APU0000FL2101
2025-04-01,2025,4,"Lettuce, romaine",lb. (453.6 gm),Vegetables,2.915,APU0000FL2101
2025-05-01,2025,5,"Lettuce, romaine",lb. (453.6 gm),Vegetables,2.994,APU0000FL2101
2025-06-01,2025,6,"Lettuce, romaine",lb. (453.6 gm),Vegetables,2.951,APU0000FL2101
2025-07-01,2025,7,"Lettuce, romaine",lb. (453.6 gm),Vegetables,3.006,APU0000FL2101
2025-11-01,2025,11,"Lettuce, romaine",lb. (453.6 gm),Vegetables,3.399,APU0000FL2101
2025-12-01,2025,12,"Lettuce, romaine",lb. (453.6 gm),Vegetables,3.466,APU0000FL2101
2026-01-01,2026,1,"Lettuce, romaine",lb. (453.6 gm),Vegetables,3.379,APU0000FL2101
2026-02-01,2026,2,"Lettuce, romaine",lb. (453.6 gm),Vegetables,3.56,APU0000FL2101
2026-03-01,2026,3,"Lettuce, romaine",lb. (453.6 gm),Vegetables,3.607,APU0000FL2101
2026-04-01,2026,4,"Lettuce, romaine",lb. (453.6 gm),Vegetables,3.195,APU0000FL2101
2026-05-01,2026,5,"Lettuce, romaine",lb. (453.6 gm),Vegetables,3.624,APU0000FL2101
2026-06-01,2026,6,"Lettuce, romaine",lb. (453.6 gm),Vegetables,4.021,APU0000FL2101
2026-07-01,2026,7,"Lettuce, romaine",lb. (453.6 gm),Vegetables,3.469,APU0000FL2101
2015-01-01,2015,1,"Malt beverages, all types, all sizes, any origin",16 oz. (473.2 ml),Drinks,1.295,APU0000720111
2015-02-01,2015,2,"Malt beverages, all types, all sizes, any origin",16 oz. (473.2 ml),Drinks,1.287,APU0000720111
2015-03-01,2015,3,"Malt beverages, all types, all sizes, any origin",16 oz. (473.2 ml),Drinks,1.318,APU0000720111
2015-04-01,2015,4,"Malt beverages, all types, all sizes, any origin",16 oz. (473.2 ml),Drinks,1.315,APU0000720111
2015-05-01,2015,5,"Malt beverages, all types, all sizes, any origin",16 oz. (473.2 ml),Drinks,1.32,APU0000720111
2015-06-01,2015,6,"Malt beverages, all types, all sizes, any origin",16 oz. (473.2 ml),Drinks,1.307,APU0000720111
2015-07-01,2015,7,"Malt beverages, all types, all sizes, any origin",16 oz. (473.2 ml),Drinks,1.306,APU0000720111
2015-08-01,2015,8,"Malt beverages, all types, all sizes, any origin",16 oz. (473.2 ml),Drinks,1.305,APU0000720111
2015-09-01,2015,9,"Malt beverages, all types, all sizes, any origin",16 oz. (473.2 ml),Drinks,1.309,APU0000720111
2015-10-01,2015,10,"Malt beverages, all types, all sizes, any origin",16 oz. (473.2 ml),Drinks,1.34,APU0000720111
2015-11-01,2015,11,"Malt beverages, all types, all sizes, any origin",16 oz. (473.2 ml),Drinks,1.345,APU0000720111
2015-12-01,2015,12,"Malt beverages, all types, all sizes, any origin",16 oz. (473.2 ml),Drinks,1.347,APU0000720111
2016-01-01,2016,1,"Malt beverages, all types, all sizes, any origin",16 oz. (473.2 ml),Drinks,1.356,APU0000720111
2016-02-01,2016,2,"Malt beverages, all types, all sizes, any origin",16 oz. (473.2 ml),Drinks,1.353,APU0000720111
2016-03-01,2016,3,"Malt beverages, all types, all sizes, any origin",16 oz. (473.2 ml),Drinks,1.363,APU0000720111
2016-04-01,2016,4,"Malt beverages, all types, all sizes, any origin",16 oz. (473.2 ml),Drinks,1.365,APU0000720111
2016-05-01,2016,5,"Malt beverages, all types, all sizes, any origin",16 oz. (473.2 ml),Drinks,1.351,APU0000720111
2016-06-01,2016,6,"Malt beverages, all types, all sizes, any origin",16 oz. (473.2 ml),Drinks,1.35,APU0000720111
2016-07-01,2016,7,"Malt beverages, all types, all sizes, any origin",16 oz. (473.2 ml),Drinks,1.347,APU0000720111
2016-08-01,2016,8,"Malt beverages, all types, all sizes, any origin",16 oz. (473.2 ml),Drinks,1.346,APU0000720111
2016-09-01,2016,9,"Malt beverages, all types, all sizes, any origin",16 oz. (473.2 ml),Drinks,1.347,APU0000720111
2016-10-01,2016,10,"Malt beverages, all types, all sizes, any origin",16 oz. (473.2 ml),Drinks,1.355,APU0000720111
2016-11-01,2016,11,"Malt beverages, all types, all sizes, any origin",16 oz. (473.2 ml),Drinks,1.354,APU0000720111
2016-12-01,2016,12,"Malt beverages, all types, all sizes, any origin",16 oz. (473.2 ml),Drinks,1.358,APU0000720111
2017-01-01,2017,1,"Malt beverages, all types, all sizes, any origin",16 oz. (473.2 ml),Drinks,1.363,APU0000720111
2017-02-01,2017,2,"Malt beverages, all types, all sizes, any origin",16 oz. (473.2 ml),Drinks,1.355,APU0000720111
2017-03-01,2017,3,"Malt beverages, all types, all sizes, any origin",16 oz. (473.2 ml),Drinks,1.362,APU0000720111
2017-04-01,2017,4,"Malt beverages, all types, all sizes, any origin",16 oz. (473.2 ml),Drinks,1.372,APU0000720111
2017-05-01,2017,5,"Malt beverages, all types, all sizes, any origin",16 oz. (473.2 ml),Drinks,1.388,APU0000720111
2017-06-01,2017,6,"Malt beverages, all types, all sizes, any origin",16 oz. (473.2 ml),Drinks,1.382,APU0000720111
2017-07-01,2017,7,"Malt beverages, all types, all sizes, any origin",16 oz. (473.2 ml),Drinks,1.382,APU0000720111
2017-08-01,2017,8,"Malt beverages, all types, all sizes, any origin",16 oz. (473.2 ml),Drinks,1.384,APU0000720111
2017-09-01,2017,9,"Malt beverages, all types, all sizes, any origin",16 oz. (473.2 ml),Drinks,1.398,APU0000720111
2017-10-01,2017,10,"Malt beverages, all types, all sizes, any origin",16 oz. (473.2 ml),Drinks,1.418,APU0000720111
2017-11-01,2017,11,"Malt beverages, all types, all sizes, any origin",16 oz. (473.2 ml),Drinks,1.421,APU0000720111
2017-12-01,2017,12,"Malt beverages, all types, all sizes, any origin",16 oz. (473.2 ml),Drinks,1.421,APU0000720111
2018-01-01,2018,1,"Malt beverages, all types, all sizes, any origin",16 oz. (473.2 ml),Drinks,1.412,APU0000720111
2018-02-01,2018,2,"Malt beverages, all types, all sizes, any origin",16 oz. (473.2 ml),Drinks,1.414,APU0000720111
2018-03-01,2018,3,"Malt beverages, all types, all sizes, any origin",16 oz. (473.2 ml),Drinks,1.418,APU0000720111
2018-04-01,2018,4,"Malt beverages, all types, all sizes, any origin",16 oz. (473.2 ml),Drinks,1.419,APU0000720111
2018-05-01,2018,5,"Malt beverages, all types, all sizes, any origin",16 oz. (473.2 ml),Drinks,1.404,APU0000720111
2018-06-01,2018,6,"Malt beverages, all types, all sizes, any origin",16 oz. (473.2 ml),Drinks,1.401,APU0000720111
2018-07-01,2018,7,"Malt beverages, all types, all sizes, any origin",16 oz. (473.2 ml),Drinks,1.39,APU0000720111
2018-08-01,2018,8,"Malt beverages, all types, all sizes, any origin",16 oz. (473.2 ml),Drinks,1.387,APU0000720111
2018-09-01,2018,9,"Malt beverages, all types, all sizes, any origin",16 oz. (473.2 ml),Drinks,1.4,APU0000720111
2018-10-01,2018,10,"Malt beverages, all types, all sizes, any origin",16 oz. (473.2 ml),Drinks,1.425,APU0000720111
2018-11-01,2018,11,"Malt beverages, all types, all sizes, any origin",16 oz. (473.2 ml),Drinks,1.446,APU0000720111
2018-12-01,2018,12,"Malt beverages, all types, all sizes, any origin",16 oz. (473.2 ml),Drinks,1.444,APU0000720111
2019-01-01,2019,1,"Malt beverages, all types, all sizes, any origin",16 oz. (473.2 ml),Drinks,1.45,APU0000720111
2019-02-01,2019,2,"Malt beverages, all types, all sizes, any origin",16 oz. (473.2 ml),Drinks,1.451,APU0000720111
2019-03-01,2019,3,"Malt beverages, all types, all sizes, any origin",16 oz. (473.2 ml),Drinks,1.443,APU0000720111
2019-04-01,2019,4,"Malt beverages, all types, all sizes, any origin",16 oz. (473.2 ml),Drinks,1.439,APU0000720111
2019-05-01,2019,5,"Malt beverages, all types, all sizes, any origin",16 oz. (473.2 ml),Drinks,1.442,APU0000720111
2019-06-01,2019,6,"Malt beverages, all types, all sizes, any origin",16 oz. (473.2 ml),Drinks,1.433,APU0000720111
2019-07-01,2019,7,"Malt beverages, all types, all sizes, any origin",16 oz. (473.2 ml),Drinks,1.437,APU0000720111
2019-08-01,2019,8,"Malt beverages, all types, all sizes, any origin",16 oz. (473.2 ml),Drinks,1.429,APU0000720111
2019-09-01,2019,9,"Malt beverages, all types, all sizes, any origin",16 oz. (473.2 ml),Drinks,1.44,APU0000720111
2019-10-01,2019,10,"Malt beverages, all types, all sizes, any origin",16 oz. (473.2 ml),Drinks,1.437,APU0000720111
2019-11-01,2019,11,"Malt beverages, all types, all sizes, any origin",16 oz. (473.2 ml),Drinks,1.418,APU0000720111
2019-12-01,2019,12,"Malt beverages, all types, all sizes, any origin",16 oz. (473.2 ml),Drinks,1.422,APU0000720111
2020-01-01,2020,1,"Malt beverages, all types, all sizes, any origin",16 oz. (473.2 ml),Drinks,1.439,APU0000720111
2020-02-01,2020,2,"Malt beverages, all types, all sizes, any origin",16 oz. (473.2 ml),Drinks,1.447,APU0000720111
2020-03-01,2020,3,"Malt beverages, all types, all sizes, any origin",16 oz. (473.2 ml),Drinks,1.472,APU0000720111
2020-04-01,2020,4,"Malt beverages, all types, all sizes, any origin",16 oz. (473.2 ml),Drinks,1.502,APU0000720111
2020-05-01,2020,5,"Malt beverages, all types, all sizes, any origin",16 oz. (473.2 ml),Drinks,1.494,APU0000720111
2020-06-01,2020,6,"Malt beverages, all types, all sizes, any origin",16 oz. (473.2 ml),Drinks,1.484,APU0000720111
2020-07-01,2020,7,"Malt beverages, all types, all sizes, any origin",16 oz. (473.2 ml),Drinks,1.487,APU0000720111
2020-08-01,2020,8,"Malt beverages, all types, all sizes, any origin",16 oz. (473.2 ml),Drinks,1.482,APU0000720111
2020-09-01,2020,9,"Malt beverages, all types, all sizes, any origin",16 oz. (473.2 ml),Drinks,1.485,APU0000720111
2020-10-01,2020,10,"Malt beverages, all types, all sizes, any origin",16 oz. (473.2 ml),Drinks,1.492,APU0000720111
2020-11-01,2020,11,"Malt beverages, all types, all sizes, any origin",16 oz. (473.2 ml),Drinks,1.509,APU0000720111
2020-12-01,2020,12,"Malt beverages, all types, all sizes, any origin",16 oz. (473.2 ml),Drinks,1.506,APU0000720111
2021-01-01,2021,1,"Malt beverages, all types, all sizes, any origin",16 oz. (473.2 ml),Drinks,1.494,APU0000720111
2021-02-01,2021,2,"Malt beverages, all types, all sizes, any origin",16 oz. (473.2 ml),Drinks,1.498,APU0000720111
2021-03-01,2021,3,"Malt beverages, all types, all sizes, any origin",16 oz. (473.2 ml),Drinks,1.498,APU0000720111
2021-04-01,2021,4,"Malt beverages, all types, all sizes, any origin",16 oz. (473.2 ml),Drinks,1.49,APU0000720111
2021-05-01,2021,5,"Malt beverages, all types, all sizes, any origin",16 oz. (473.2 ml),Drinks,1.506,APU0000720111
2021-06-01,2021,6,"Malt beverages, all types, all sizes, any origin",16 oz. (473.2 ml),Drinks,1.532,APU0000720111
2021-07-01,2021,7,"Malt beverages, all types, all sizes, any origin",16 oz. (473.2 ml),Drinks,1.54,APU0000720111
2021-08-01,2021,8,"Malt beverages, all types, all sizes, any origin",16 oz. (473.2 ml),Drinks,1.534,APU0000720111
2021-09-01,2021,9,"Malt beverages, all types, all sizes, any origin",16 oz. (473.2 ml),Drinks,1.549,APU0000720111
2021-10-01,2021,10,"Malt beverages, all types, all sizes, any origin",16 oz. (473.2 ml),Drinks,1.551,APU0000720111
2021-11-01,2021,11,"Malt beverages, all types, all sizes, any origin",16 oz. (473.2 ml),Drinks,1.57,APU0000720111
2021-12-01,2021,12,"Malt beverages, all types, all sizes, any origin",16 oz. (473.2 ml),Drinks,1.566,APU0000720111
2022-01-01,2022,1,"Malt beverages, all types, all sizes, any origin",16 oz. (473.2 ml),Drinks,1.58,APU0000720111
2022-02-01,2022,2,"Malt beverages, all types, all sizes, any origin",16 oz. (473.2 ml),Drinks,1.618,APU0000720111
2022-03-01,2022,3,"Malt beverages, all types, all sizes, any origin",16 oz. (473.2 ml),Drinks,1.626,APU0000720111
2022-04-01,2022,4,"Malt beverages, all types, all sizes, any origin",16 oz. (473.2 ml),Drinks,1.619,APU0000720111
2022-05-01,2022,5,"Malt beverages, all types, all sizes, any origin",16 oz. (473.2 ml),Drinks,1.63,APU0000720111
2022-06-01,2022,6,"Malt beverages, all types, all sizes, any origin",16 oz. (473.2 ml),Drinks,1.66,APU0000720111
2022-07-01,2022,7,"Malt beverages, all types, all sizes, any origin",16 oz. (473.2 ml),Drinks,1.669,APU0000720111
2022-08-01,2022,8,"Malt beverages, all types, all sizes, any origin",16 oz. (473.2 ml),Drinks,1.681,APU0000720111
2022-09-01,2022,9,"Malt beverages, all types, all sizes, any origin",16 oz. (473.2 ml),Drinks,1.655,APU0000720111
2022-10-01,2022,10,"Malt beverages, all types, all sizes, any origin",16 oz. (473.2 ml),Drinks,1.691,APU0000720111
2022-11-01,2022,11,"Malt beverages, all types, all sizes, any origin",16 oz. (473.2 ml),Drinks,1.719,APU0000720111
2022-12-01,2022,12,"Malt beverages, all types, all sizes, any origin",16 oz. (473.2 ml),Drinks,1.736,APU0000720111
2023-01-01,2023,1,"Malt beverages, all types, all sizes, any origin",16 oz. (473.2 ml),Drinks,1.739,APU0000720111
2023-02-01,2023,2,"Malt beverages, all types, all sizes, any origin",16 oz. (473.2 ml),Drinks,1.741,APU0000720111
2023-03-01,2023,3,"Malt beverages, all types, all sizes, any origin",16 oz. (473.2 ml),Drinks,1.745,APU0000720111
2023-04-01,2023,4,"Malt beverages, all types, all sizes, any origin",16 oz. (473.2 ml),Drinks,1.746,APU0000720111
2023-05-01,2023,5,"Malt beverages, all types, all sizes, any origin",16 oz. (473.2 ml),Drinks,1.754,APU0000720111
2023-06-01,2023,6,"Malt beverages, all types, all sizes, any origin",16 oz. (473.2 ml),Drinks,1.738,APU0000720111
2023-07-01,2023,7,"Malt beverages, all types, all sizes, any origin",16 oz. (473.2 ml),Drinks,1.731,APU0000720111
2023-08-01,2023,8,"Malt beverages, all types, all sizes, any origin",16 oz. (473.2 ml),Drinks,1.734,APU0000720111
2023-09-01,2023,9,"Malt beverages, all types, all sizes, any origin",16 oz. (473.2 ml),Drinks,1.742,APU0000720111
2023-10-01,2023,10,"Malt beverages, all types, all sizes, any origin",16 oz. (473.2 ml),Drinks,1.754,APU0000720111
2023-11-01,2023,11,"Malt beverages, all types, all sizes, any origin",16 oz. (473.2 ml),Drinks,1.745,APU0000720111
2023-12-01,2023,12,"Malt beverages, all types, all sizes, any origin",16 oz. (473.2 ml),Drinks,1.749,APU0000720111
2024-01-01,2024,1,"Malt beverages, all types, all sizes, any origin",16 oz. (473.2 ml),Drinks,1.762,APU0000720111
2024-02-01,2024,2,"Malt beverages, all types, all sizes, any origin",16 oz. (473.2 ml),Drinks,1.772,APU0000720111
2024-03-01,2024,3,"Malt beverages, all types, all sizes, any origin",16 oz. (473.2 ml),Drinks,1.767,APU0000720111
2024-04-01,2024,4,"Malt beverages, all types, all sizes, any origin",16 oz. (473.2 ml),Drinks,1.776,APU0000720111
2024-05-01,2024,5,"Malt beverages, all types, all sizes, any origin",16 oz. (473.2 ml),Drinks,1.775,APU0000720111
2024-06-01,2024,6,"Malt beverages, all types, all sizes, any origin",16 oz. (473.2 ml),Drinks,1.772,APU0000720111
2024-07-01,2024,7,"Malt beverages, all types, all sizes, any origin",16 oz. (473.2 ml),Drinks,1.778,APU0000720111
2024-08-01,2024,8,"Malt beverages, all types, all sizes, any origin",16 oz. (473.2 ml),Drinks,1.792,APU0000720111
2024-09-01,2024,9,"Malt beverages, all types, all sizes, any origin",16 oz. (473.2 ml),Drinks,1.795,APU0000720111
2024-10-01,2024,10,"Malt beverages, all types, all sizes, any origin",16 oz. (473.2 ml),Drinks,1.745,APU0000720111
2024-11-01,2024,11,"Malt beverages, all types, all sizes, any origin",16 oz. (473.2 ml),Drinks,1.811,APU0000720111
2024-12-01,2024,12,"Malt beverages, all types, all sizes, any origin",16 oz. (473.2 ml),Drinks,1.812,APU0000720111
2025-01-01,2025,1,"Malt beverages, all types, all sizes, any origin",16 oz. (473.2 ml),Drinks,1.813,APU0000720111
2025-02-01,2025,2,"Malt beverages, all types, all sizes, any origin",16 oz. (473.2 ml),Drinks,1.819,APU0000720111
2025-03-01,2025,3,"Malt beverages, all types, all sizes, any origin",16 oz. (473.2 ml),Drinks,1.821,APU0000720111
2025-04-01,2025,4,"Malt beverages, all types, all sizes, any origin",16 oz. (473.2 ml),Drinks,1.827,APU0000720111
2025-05-01,2025,5,"Malt beverages, all types, all sizes, any origin",16 oz. (473.2 ml),Drinks,1.834,APU0000720111
2025-06-01,2025,6,"Malt beverages, all types, all sizes, any origin",16 oz. (473.2 ml),Drinks,1.814,APU0000720111
2025-07-01,2025,7,"Malt beverages, all types, all sizes, any origin",16 oz. (473.2 ml),Drinks,1.823,APU0000720111
2025-08-01,2025,8,"Malt beverages, all types, all sizes, any origin",16 oz. (473.2 ml),Drinks,1.838,APU0000720111
2025-09-01,2025,9,"Malt beverages, all types, all sizes, any origin",16 oz. (473.2 ml),Drinks,1.834,APU0000720111
2025-11-01,2025,11,"Malt beverages, all types, all sizes, any origin",16 oz. (473.2 ml),Drinks,1.861,APU0000720111
2025-12-01,2025,12,"Malt beverages, all types, all sizes, any origin",16 oz. (473.2 ml),Drinks,1.835,APU0000720111
2026-01-01,2026,1,"Malt beverages, all types, all sizes, any origin",16 oz. (473.2 ml),Drinks,1.839,APU0000720111
2026-02-01,2026,2,"Malt beverages, all types, all sizes, any origin",16 oz. (473.2 ml),Drinks,1.85,APU0000720111
2026-03-01,2026,3,"Malt beverages, all types, all sizes, any origin",16 oz. (473.2 ml),Drinks,1.852,APU0000720111
2026-04-01,2026,4,"Malt beverages, all types, all sizes, any origin",16 oz. (473.2 ml),Drinks,1.856,APU0000720111
2026-05-01,2026,5,"Malt beverages, all types, all sizes, any origin",16 oz. (473.2 ml),Drinks,1.877,APU0000720111
2026-06-01,2026,6,"Malt beverages, all types, all sizes, any origin",16 oz. (473.2 ml),Drinks,1.882,APU0000720111
2026-07-01,2026,7,"Malt beverages, all types, all sizes, any origin",16 oz. (473.2 ml),Drinks,1.878,APU0000720111
2015-01-01,2015,1,"Margarine, soft, tubs",lb. (453.6 gm),Dairy and fats,1.966,APU0000716116
2015-02-01,2015,2,"Margarine, soft, tubs",lb. (453.6 gm),Dairy and fats,1.972,APU0000716116
2015-03-01,2015,3,"Margarine, soft, tubs",lb. (453.6 gm),Dairy and fats,1.975,APU0000716116
2015-04-01,2015,4,"Margarine, soft, tubs",lb. (453.6 gm),Dairy and fats,2.006,APU0000716116
2015-05-01,2015,5,"Margarine, soft, tubs",lb. (453.6 gm),Dairy and fats,2.004,APU0000716116
2015-06-01,2015,6,"Margarine, soft, tubs",lb. (453.6 gm),Dairy and fats,1.939,APU0000716116
2015-07-01,2015,7,"Margarine, soft, tubs",lb. (453.6 gm),Dairy and fats,1.892,APU0000716116
2015-08-01,2015,8,"Margarine, soft, tubs",lb. (453.6 gm),Dairy and fats,1.94,APU0000716116
2015-09-01,2015,9,"Margarine, soft, tubs",lb. (453.6 gm),Dairy and fats,1.904,APU0000716116
2015-10-01,2015,10,"Margarine, soft, tubs",lb. (453.6 gm),Dairy and fats,1.935,APU0000716116
2015-11-01,2015,11,"Margarine, soft, tubs",lb. (453.6 gm),Dairy and fats,1.81,APU0000716116
2015-12-01,2015,12,"Margarine, soft, tubs",lb. (453.6 gm),Dairy and fats,1.856,APU0000716116
2016-01-01,2016,1,"Margarine, soft, tubs",lb. (453.6 gm),Dairy and fats,1.849,APU0000716116
2016-02-01,2016,2,"Margarine, soft, tubs",lb. (453.6 gm),Dairy and fats,1.841,APU0000716116
2016-03-01,2016,3,"Margarine, soft, tubs",lb. (453.6 gm),Dairy and fats,1.775,APU0000716116
2016-04-01,2016,4,"Margarine, soft, tubs",lb. (453.6 gm),Dairy and fats,1.846,APU0000716116
2016-05-01,2016,5,"Margarine, soft, tubs",lb. (453.6 gm),Dairy and fats,1.844,APU0000716116
2016-06-01,2016,6,"Margarine, soft, tubs",lb. (453.6 gm),Dairy and fats,1.828,APU0000716116
2016-07-01,2016,7,"Margarine, soft, tubs",lb. (453.6 gm),Dairy and fats,1.867,APU0000716116
2016-08-01,2016,8,"Margarine, soft, tubs",lb. (453.6 gm),Dairy and fats,1.818,APU0000716116
2016-09-01,2016,9,"Margarine, soft, tubs",lb. (453.6 gm),Dairy and fats,1.841,APU0000716116
2016-10-01,2016,10,"Margarine, soft, tubs",lb. (453.6 gm),Dairy and fats,1.826,APU0000716116
2016-11-01,2016,11,"Margarine, soft, tubs",lb. (453.6 gm),Dairy and fats,1.747,APU0000716116
2016-12-01,2016,12,"Margarine, soft, tubs",lb. (453.6 gm),Dairy and fats,1.782,APU0000716116
2017-01-01,2017,1,"Margarine, soft, tubs",lb. (453.6 gm),Dairy and fats,1.771,APU0000716116
2017-02-01,2017,2,"Margarine, soft, tubs",lb. (453.6 gm),Dairy and fats,1.82,APU0000716116
2017-03-01,2017,3,"Margarine, soft, tubs",lb. (453.6 gm),Dairy and fats,1.798,APU0000716116
2017-04-01,2017,4,"Margarine, soft, tubs",lb. (453.6 gm),Dairy and fats,1.818,APU0000716116
2017-05-01,2017,5,"Margarine, soft, tubs",lb. (453.6 gm),Dairy and fats,1.703,APU0000716116
2017-06-01,2017,6,"Margarine, soft, tubs",lb. (453.6 gm),Dairy and fats,1.704,APU0000716116
2017-07-01,2017,7,"Margarine, soft, tubs",lb. (453.6 gm),Dairy and fats,1.704,APU0000716116
2017-08-01,2017,8,"Margarine, soft, tubs",lb. (453.6 gm),Dairy and fats,1.706,APU0000716116
2017-09-01,2017,9,"Margarine, soft, tubs",lb. (453.6 gm),Dairy and fats,1.717,APU0000716116
2017-10-01,2017,10,"Margarine, soft, tubs",lb. (453.6 gm),Dairy and fats,1.709,APU0000716116
2017-11-01,2017,11,"Margarine, soft, tubs",lb. (453.6 gm),Dairy and fats,1.634,APU0000716116
2017-12-01,2017,12,"Margarine, soft, tubs",lb. (453.6 gm),Dairy and fats,1.697,APU0000716116
2018-01-01,2018,1,"Margarine, soft, tubs",lb. (453.6 gm),Dairy and fats,1.671,APU0000716116
2018-02-01,2018,2,"Margarine, soft, tubs",lb. (453.6 gm),Dairy and fats,1.677,APU0000716116
2018-03-01,2018,3,"Margarine, soft, tubs",lb. (453.6 gm),Dairy and fats,1.672,APU0000716116
2018-04-01,2018,4,"Margarine, soft, tubs",lb. (453.6 gm),Dairy and fats,1.657,APU0000716116
2018-05-01,2018,5,"Margarine, soft, tubs",lb. (453.6 gm),Dairy and fats,1.623,APU0000716116
2018-06-01,2018,6,"Margarine, soft, tubs",lb. (453.6 gm),Dairy and fats,1.623,APU0000716116
2018-07-01,2018,7,"Margarine, soft, tubs",lb. (453.6 gm),Dairy and fats,1.635,APU0000716116
2018-08-01,2018,8,"Margarine, soft, tubs",lb. (453.6 gm),Dairy and fats,1.655,APU0000716116
2018-09-01,2018,9,"Margarine, soft, tubs",lb. (453.6 gm),Dairy and fats,1.686,APU0000716116
2018-10-01,2018,10,"Margarine, soft, tubs",lb. (453.6 gm),Dairy and fats,1.6,APU0000716116
2018-11-01,2018,11,"Margarine, soft, tubs",lb. (453.6 gm),Dairy and fats,1.564,APU0000716116
2018-12-01,2018,12,"Margarine, soft, tubs",lb. (453.6 gm),Dairy and fats,1.567,APU0000716116
2019-01-01,2019,1,"Margarine, soft, tubs",lb. (453.6 gm),Dairy and fats,1.575,APU0000716116
2019-02-01,2019,2,"Margarine, soft, tubs",lb. (453.6 gm),Dairy and fats,1.556,APU0000716116
2019-03-01,2019,3,"Margarine, soft, tubs",lb. (453.6 gm),Dairy and fats,1.579,APU0000716116
2019-04-01,2019,4,"Margarine, soft, tubs",lb. (453.6 gm),Dairy and fats,1.566,APU0000716116
2019-05-01,2019,5,"Margarine, soft, tubs",lb. (453.6 gm),Dairy and fats,1.579,APU0000716116
2019-06-01,2019,6,"Margarine, soft, tubs",lb. (453.6 gm),Dairy and fats,1.689,APU0000716116
2019-07-01,2019,7,"Margarine, soft, tubs",lb. (453.6 gm),Dairy and fats,1.686,APU0000716116
2019-08-01,2019,8,"Margarine, soft, tubs",lb. (453.6 gm),Dairy and fats,1.649,APU0000716116
2019-09-01,2019,9,"Margarine, soft, tubs",lb. (453.6 gm),Dairy and fats,1.745,APU0000716116
2019-10-01,2019,10,"Margarine, soft, tubs",lb. (453.6 gm),Dairy and fats,1.728,APU0000716116
2018-04-01,2018,4,"Milk, fresh, low-fat, reduced fat, skim",gal. (3.8 lit),Dairy and fats,2.658,APU0000FJ1101
2018-05-01,2018,5,"Milk, fresh, low-fat, reduced fat, skim",gal. (3.8 lit),Dairy and fats,2.616,APU0000FJ1101
2018-06-01,2018,6,"Milk, fresh, low-fat, reduced fat, skim",gal. (3.8 lit),Dairy and fats,2.627,APU0000FJ1101
2018-07-01,2018,7,"Milk, fresh, low-fat, reduced fat, skim",gal. (3.8 lit),Dairy and fats,2.567,APU0000FJ1101
2018-08-01,2018,8,"Milk, fresh, low-fat, reduced fat, skim",gal. (3.8 lit),Dairy and fats,2.588,APU0000FJ1101
2018-09-01,2018,9,"Milk, fresh, low-fat, reduced fat, skim",gal. (3.8 lit),Dairy and fats,2.573,APU0000FJ1101
2018-10-01,2018,10,"Milk, fresh, low-fat, reduced fat, skim",gal. (3.8 lit),Dairy and fats,2.625,APU0000FJ1101
2018-11-01,2018,11,"Milk, fresh, low-fat, reduced fat, skim",gal. (3.8 lit),Dairy and fats,2.648,APU0000FJ1101
2018-12-01,2018,12,"Milk, fresh, low-fat, reduced fat, skim",gal. (3.8 lit),Dairy and fats,2.629,APU0000FJ1101
2019-01-01,2019,1,"Milk, fresh, low-fat, reduced fat, skim",gal. (3.8 lit),Dairy and fats,2.631,APU0000FJ1101
2019-02-01,2019,2,"Milk, fresh, low-fat, reduced fat, skim",gal. (3.8 lit),Dairy and fats,2.656,APU0000FJ1101
2019-03-01,2019,3,"Milk, fresh, low-fat, reduced fat, skim",gal. (3.8 lit),Dairy and fats,2.67,APU0000FJ1101
2019-04-01,2019,4,"Milk, fresh, low-fat, reduced fat, skim",gal. (3.8 lit),Dairy and fats,2.694,APU0000FJ1101
2019-05-01,2019,5,"Milk, fresh, low-fat, reduced fat, skim",gal. (3.8 lit),Dairy and fats,2.683,APU0000FJ1101
2019-06-01,2019,6,"Milk, fresh, low-fat, reduced fat, skim",gal. (3.8 lit),Dairy and fats,2.672,APU0000FJ1101
2019-07-01,2019,7,"Milk, fresh, low-fat, reduced fat, skim",gal. (3.8 lit),Dairy and fats,2.674,APU0000FJ1101
2019-08-01,2019,8,"Milk, fresh, low-fat, reduced fat, skim",gal. (3.8 lit),Dairy and fats,2.702,APU0000FJ1101
2019-09-01,2019,9,"Milk, fresh, low-fat, reduced fat, skim",gal. (3.8 lit),Dairy and fats,2.742,APU0000FJ1101
2019-10-01,2019,10,"Milk, fresh, low-fat, reduced fat, skim",gal. (3.8 lit),Dairy and fats,2.818,APU0000FJ1101
2019-11-01,2019,11,"Milk, fresh, low-fat, reduced fat, skim",gal. (3.8 lit),Dairy and fats,2.818,APU0000FJ1101
2019-12-01,2019,12,"Milk, fresh, low-fat, reduced fat, skim",gal. (3.8 lit),Dairy and fats,2.872,APU0000FJ1101
2020-01-01,2020,1,"Milk, fresh, low-fat, reduced fat, skim",gal. (3.8 lit),Dairy and fats,2.953,APU0000FJ1101
2020-02-01,2020,2,"Milk, fresh, low-fat, reduced fat, skim",gal. (3.8 lit),Dairy and fats,2.882,APU0000FJ1101
2020-03-01,2020,3,"Milk, fresh, low-fat, reduced fat, skim",gal. (3.8 lit),Dairy and fats,2.913,APU0000FJ1101
2020-04-01,2020,4,"Milk, fresh, low-fat, reduced fat, skim",gal. (3.8 lit),Dairy and fats,2.901,APU0000FJ1101
2020-05-01,2020,5,"Milk, fresh, low-fat, reduced fat, skim",gal. (3.8 lit),Dairy and fats,2.877,APU0000FJ1101
2020-06-01,2020,6,"Milk, fresh, low-fat, reduced fat, skim",gal. (3.8 lit),Dairy and fats,2.811,APU0000FJ1101
2020-07-01,2020,7,"Milk, fresh, low-fat, reduced fat, skim",gal. (3.8 lit),Dairy and fats,2.826,APU0000FJ1101
2020-08-01,2020,8,"Milk, fresh, low-fat, reduced fat, skim",gal. (3.8 lit),Dairy and fats,3.038,APU0000FJ1101
2020-09-01,2020,9,"Milk, fresh, low-fat, reduced fat, skim",gal. (3.8 lit),Dairy and fats,3.017,APU0000FJ1101
2020-10-01,2020,10,"Milk, fresh, low-fat, reduced fat, skim",gal. (3.8 lit),Dairy and fats,2.928,APU0000FJ1101
2020-11-01,2020,11,"Milk, fresh, low-fat, reduced fat, skim",gal. (3.8 lit),Dairy and fats,3.002,APU0000FJ1101
2020-12-01,2020,12,"Milk, fresh, low-fat, reduced fat, skim",gal. (3.8 lit),Dairy and fats,3.118,APU0000FJ1101
2021-01-01,2021,1,"Milk, fresh, low-fat, reduced fat, skim",gal. (3.8 lit),Dairy and fats,3.045,APU0000FJ1101
2021-02-01,2021,2,"Milk, fresh, low-fat, reduced fat, skim",gal. (3.8 lit),Dairy and fats,3.008,APU0000FJ1101
2021-03-01,2021,3,"Milk, fresh, low-fat, reduced fat, skim",gal. (3.8 lit),Dairy and fats,2.966,APU0000FJ1101
2021-04-01,2021,4,"Milk, fresh, low-fat, reduced fat, skim",gal. (3.8 lit),Dairy and fats,3.045,APU0000FJ1101
2021-05-01,2021,5,"Milk, fresh, low-fat, reduced fat, skim",gal. (3.8 lit),Dairy and fats,3.078,APU0000FJ1101
2021-06-01,2021,6,"Milk, fresh, low-fat, reduced fat, skim",gal. (3.8 lit),Dairy and fats,3.165,APU0000FJ1101
2021-07-01,2021,7,"Milk, fresh, low-fat, reduced fat, skim",gal. (3.8 lit),Dairy and fats,3.168,APU0000FJ1101
2021-08-01,2021,8,"Milk, fresh, low-fat, reduced fat, skim",gal. (3.8 lit),Dairy and fats,3.172,APU0000FJ1101
2021-09-01,2021,9,"Milk, fresh, low-fat, reduced fat, skim",gal. (3.8 lit),Dairy and fats,3.165,APU0000FJ1101
2021-10-01,2021,10,"Milk, fresh, low-fat, reduced fat, skim",gal. (3.8 lit),Dairy and fats,3.187,APU0000FJ1101
2021-11-01,2021,11,"Milk, fresh, low-fat, reduced fat, skim",gal. (3.8 lit),Dairy and fats,3.288,APU0000FJ1101
2021-12-01,2021,12,"Milk, fresh, low-fat, reduced fat, skim",gal. (3.8 lit),Dairy and fats,3.359,APU0000FJ1101
2022-01-01,2022,1,"Milk, fresh, low-fat, reduced fat, skim",gal. (3.8 lit),Dairy and fats,3.393,APU0000FJ1101
2022-02-01,2022,2,"Milk, fresh, low-fat, reduced fat, skim",gal. (3.8 lit),Dairy and fats,3.514,APU0000FJ1101
2022-03-01,2022,3,"Milk, fresh, low-fat, reduced fat, skim",gal. (3.8 lit),Dairy and fats,3.584,APU0000FJ1101
2022-04-01,2022,4,"Milk, fresh, low-fat, reduced fat, skim",gal. (3.8 lit),Dairy and fats,3.682,APU0000FJ1101
2022-05-01,2022,5,"Milk, fresh, low-fat, reduced fat, skim",gal. (3.8 lit),Dairy and fats,3.827,APU0000FJ1101
2022-06-01,2022,6,"Milk, fresh, low-fat, reduced fat, skim",gal. (3.8 lit),Dairy and fats,3.869,APU0000FJ1101
2022-07-01,2022,7,"Milk, fresh, low-fat, reduced fat, skim",gal. (3.8 lit),Dairy and fats,3.874,APU0000FJ1101
2022-08-01,2022,8,"Milk, fresh, low-fat, reduced fat, skim",gal. (3.8 lit),Dairy and fats,3.888,APU0000FJ1101
2022-09-01,2022,9,"Milk, fresh, low-fat, reduced fat, skim",gal. (3.8 lit),Dairy and fats,3.808,APU0000FJ1101
2022-10-01,2022,10,"Milk, fresh, low-fat, reduced fat, skim",gal. (3.8 lit),Dairy and fats,3.836,APU0000FJ1101
2022-11-01,2022,11,"Milk, fresh, low-fat, reduced fat, skim",gal. (3.8 lit),Dairy and fats,3.842,APU0000FJ1101
2022-12-01,2022,12,"Milk, fresh, low-fat, reduced fat, skim",gal. (3.8 lit),Dairy and fats,3.845,APU0000FJ1101
2023-01-01,2023,1,"Milk, fresh, low-fat, reduced fat, skim",gal. (3.8 lit),Dairy and fats,3.817,APU0000FJ1101
2023-02-01,2023,2,"Milk, fresh, low-fat, reduced fat, skim",gal. (3.8 lit),Dairy and fats,3.819,APU0000FJ1101
2023-03-01,2023,3,"Milk, fresh, low-fat, reduced fat, skim",gal. (3.8 lit),Dairy and fats,3.748,APU0000FJ1101
2023-04-01,2023,4,"Milk, fresh, low-fat, reduced fat, skim",gal. (3.8 lit),Dairy and fats,3.7,APU0000FJ1101
2023-05-01,2023,5,"Milk, fresh, low-fat, reduced fat, skim",gal. (3.8 lit),Dairy and fats,3.715,APU0000FJ1101
2023-06-01,2023,6,"Milk, fresh, low-fat, reduced fat, skim",gal. (3.8 lit),Dairy and fats,3.682,APU0000FJ1101
2023-07-01,2023,7,"Milk, fresh, low-fat, reduced fat, skim",gal. (3.8 lit),Dairy and fats,3.633,APU0000FJ1101
2023-08-01,2023,8,"Milk, fresh, low-fat, reduced fat, skim",gal. (3.8 lit),Dairy and fats,3.596,APU0000FJ1101
2023-09-01,2023,9,"Milk, fresh, low-fat, reduced fat, skim",gal. (3.8 lit),Dairy and fats,3.639,APU0000FJ1101
2023-10-01,2023,10,"Milk, fresh, low-fat, reduced fat, skim",gal. (3.8 lit),Dairy and fats,3.673,APU0000FJ1101
2023-11-01,2023,11,"Milk, fresh, low-fat, reduced fat, skim",gal. (3.8 lit),Dairy and fats,3.692,APU0000FJ1101
2023-12-01,2023,12,"Milk, fresh, low-fat, reduced fat, skim",gal. (3.8 lit),Dairy and fats,3.678,APU0000FJ1101
2024-01-01,2024,1,"Milk, fresh, low-fat, reduced fat, skim",gal. (3.8 lit),Dairy and fats,3.65,APU0000FJ1101
2024-02-01,2024,2,"Milk, fresh, low-fat, reduced fat, skim",gal. (3.8 lit),Dairy and fats,3.634,APU0000FJ1101
2024-03-01,2024,3,"Milk, fresh, low-fat, reduced fat, skim",gal. (3.8 lit),Dairy and fats,3.597,APU0000FJ1101
2024-04-01,2024,4,"Milk, fresh, low-fat, reduced fat, skim",gal. (3.8 lit),Dairy and fats,3.622,APU0000FJ1101
2024-05-01,2024,5,"Milk, fresh, low-fat, reduced fat, skim",gal. (3.8 lit),Dairy and fats,3.543,APU0000FJ1101
2024-06-01,2024,6,"Milk, fresh, low-fat, reduced fat, skim",gal. (3.8 lit),Dairy and fats,3.703,APU0000FJ1101
2024-07-01,2024,7,"Milk, fresh, low-fat, reduced fat, skim",gal. (3.8 lit),Dairy and fats,3.748,APU0000FJ1101
2024-08-01,2024,8,"Milk, fresh, low-fat, reduced fat, skim",gal. (3.8 lit),Dairy and fats,3.765,APU0000FJ1101
2024-09-01,2024,9,"Milk, fresh, low-fat, reduced fat, skim",gal. (3.8 lit),Dairy and fats,3.768,APU0000FJ1101
2024-10-01,2024,10,"Milk, fresh, low-fat, reduced fat, skim",gal. (3.8 lit),Dairy and fats,3.772,APU0000FJ1101
2024-11-01,2024,11,"Milk, fresh, low-fat, reduced fat, skim",gal. (3.8 lit),Dairy and fats,3.866,APU0000FJ1101
2024-12-01,2024,12,"Milk, fresh, low-fat, reduced fat, skim",gal. (3.8 lit),Dairy and fats,3.868,APU0000FJ1101
2025-01-01,2025,1,"Milk, fresh, low-fat, reduced fat, skim",gal. (3.8 lit),Dairy and fats,3.784,APU0000FJ1101
2025-02-01,2025,2,"Milk, fresh, low-fat, reduced fat, skim",gal. (3.8 lit),Dairy and fats,3.798,APU0000FJ1101
2025-03-01,2025,3,"Milk, fresh, low-fat, reduced fat, skim",gal. (3.8 lit),Dairy and fats,3.851,APU0000FJ1101
2025-04-01,2025,4,"Milk, fresh, low-fat, reduced fat, skim",gal. (3.8 lit),Dairy and fats,3.85,APU0000FJ1101
2025-05-01,2025,5,"Milk, fresh, low-fat, reduced fat, skim",gal. (3.8 lit),Dairy and fats,3.777,APU0000FJ1101
2025-06-01,2025,6,"Milk, fresh, low-fat, reduced fat, skim",gal. (3.8 lit),Dairy and fats,3.592,APU0000FJ1101
2025-07-01,2025,7,"Milk, fresh, low-fat, reduced fat, skim",gal. (3.8 lit),Dairy and fats,3.662,APU0000FJ1101
2025-08-01,2025,8,"Milk, fresh, low-fat, reduced fat, skim",gal. (3.8 lit),Dairy and fats,3.663,APU0000FJ1101
2025-09-01,2025,9,"Milk, fresh, low-fat, reduced fat, skim",gal. (3.8 lit),Dairy and fats,3.648,APU0000FJ1101
2025-11-01,2025,11,"Milk, fresh, low-fat, reduced fat, skim",gal. (3.8 lit),Dairy and fats,3.41,APU0000FJ1101
2025-12-01,2025,12,"Milk, fresh, low-fat, reduced fat, skim",gal. (3.8 lit),Dairy and fats,3.372,APU0000FJ1101
2026-01-01,2026,1,"Milk, fresh, low-fat, reduced fat, skim",gal. (3.8 lit),Dairy and fats,3.426,APU0000FJ1101
2026-02-01,2026,2,"Milk, fresh, low-fat, reduced fat, skim",gal. (3.8 lit),Dairy and fats,3.409,APU0000FJ1101
2026-03-01,2026,3,"Milk, fresh, low-fat, reduced fat, skim",gal. (3.8 lit),Dairy and fats,3.404,APU0000FJ1101
2026-04-01,2026,4,"Milk, fresh, low-fat, reduced fat, skim",gal. (3.8 lit),Dairy and fats,3.52,APU0000FJ1101
2026-05-01,2026,5,"Milk, fresh, low-fat, reduced fat, skim",gal. (3.8 lit),Dairy and fats,3.633,APU0000FJ1101
2026-06-01,2026,6,"Milk, fresh, low-fat, reduced fat, skim",gal. (3.8 lit),Dairy and fats,3.75,APU0000FJ1101
2026-07-01,2026,7,"Milk, fresh, low-fat, reduced fat, skim",gal. (3.8 lit),Dairy and fats,3.8,APU0000FJ1101
2015-01-01,2015,1,"Milk, fresh, whole, fortified",gal. (3.8 lit),Dairy and fats,3.758,APU0000709112
2015-02-01,2015,2,"Milk, fresh, whole, fortified",gal. (3.8 lit),Dairy and fats,3.496,APU0000709112
2015-03-01,2015,3,"Milk, fresh, whole, fortified",gal. (3.8 lit),Dairy and fats,3.463,APU0000709112
2015-04-01,2015,4,"Milk, fresh, whole, fortified",gal. (3.8 lit),Dairy and fats,3.397,APU0000709112
2015-05-01,2015,5,"Milk, fresh, whole, fortified",gal. (3.8 lit),Dairy and fats,3.387,APU0000709112
2015-06-01,2015,6,"Milk, fresh, whole, fortified",gal. (3.8 lit),Dairy and fats,3.366,APU0000709112
2015-07-01,2015,7,"Milk, fresh, whole, fortified",gal. (3.8 lit),Dairy and fats,3.43,APU0000709112
2015-08-01,2015,8,"Milk, fresh, whole, fortified",gal. (3.8 lit),Dairy and fats,3.389,APU0000709112
2015-09-01,2015,9,"Milk, fresh, whole, fortified",gal. (3.8 lit),Dairy and fats,3.392,APU0000709112
2015-10-01,2015,10,"Milk, fresh, whole, fortified",gal. (3.8 lit),Dairy and fats,3.338,APU0000709112
2015-11-01,2015,11,"Milk, fresh, whole, fortified",gal. (3.8 lit),Dairy and fats,3.299,APU0000709112
2015-12-01,2015,12,"Milk, fresh, whole, fortified",gal. (3.8 lit),Dairy and fats,3.31,APU0000709112
2016-01-01,2016,1,"Milk, fresh, whole, fortified",gal. (3.8 lit),Dairy and fats,3.313,APU0000709112
2016-02-01,2016,2,"Milk, fresh, whole, fortified",gal. (3.8 lit),Dairy and fats,3.23,APU0000709112
2016-03-01,2016,3,"Milk, fresh, whole, fortified",gal. (3.8 lit),Dairy and fats,3.187,APU0000709112
2016-04-01,2016,4,"Milk, fresh, whole, fortified",gal. (3.8 lit),Dairy and fats,3.155,APU0000709112
2016-05-01,2016,5,"Milk, fresh, whole, fortified",gal. (3.8 lit),Dairy and fats,3.157,APU0000709112
2016-06-01,2016,6,"Milk, fresh, whole, fortified",gal. (3.8 lit),Dairy and fats,3.115,APU0000709112
2016-07-01,2016,7,"Milk, fresh, whole, fortified",gal. (3.8 lit),Dairy and fats,3.062,APU0000709112
2016-08-01,2016,8,"Milk, fresh, whole, fortified",gal. (3.8 lit),Dairy and fats,3.141,APU0000709112
2016-09-01,2016,9,"Milk, fresh, whole, fortified",gal. (3.8 lit),Dairy and fats,3.229,APU0000709112
2016-10-01,2016,10,"Milk, fresh, whole, fortified",gal. (3.8 lit),Dairy and fats,3.292,APU0000709112
2016-11-01,2016,11,"Milk, fresh, whole, fortified",gal. (3.8 lit),Dairy and fats,3.28,APU0000709112
2016-12-01,2016,12,"Milk, fresh, whole, fortified",gal. (3.8 lit),Dairy and fats,3.29,APU0000709112
2017-01-01,2017,1,"Milk, fresh, whole, fortified",gal. (3.8 lit),Dairy and fats,3.318,APU0000709112
2017-02-01,2017,2,"Milk, fresh, whole, fortified",gal. (3.8 lit),Dairy and fats,3.3,APU0000709112
2017-03-01,2017,3,"Milk, fresh, whole, fortified",gal. (3.8 lit),Dairy and fats,3.315,APU0000709112
2017-04-01,2017,4,"Milk, fresh, whole, fortified",gal. (3.8 lit),Dairy and fats,3.259,APU0000709112
2017-05-01,2017,5,"Milk, fresh, whole, fortified",gal. (3.8 lit),Dairy and fats,3.242,APU0000709112
2017-06-01,2017,6,"Milk, fresh, whole, fortified",gal. (3.8 lit),Dairy and fats,3.213,APU0000709112
2017-07-01,2017,7,"Milk, fresh, whole, fortified",gal. (3.8 lit),Dairy and fats,3.219,APU0000709112
2017-08-01,2017,8,"Milk, fresh, whole, fortified",gal. (3.8 lit),Dairy and fats,3.168,APU0000709112
2017-09-01,2017,9,"Milk, fresh, whole, fortified",gal. (3.8 lit),Dairy and fats,3.209,APU0000709112
2017-10-01,2017,10,"Milk, fresh, whole, fortified",gal. (3.8 lit),Dairy and fats,3.158,APU0000709112
2017-11-01,2017,11,"Milk, fresh, whole, fortified",gal. (3.8 lit),Dairy and fats,3.15,APU0000709112
2017-12-01,2017,12,"Milk, fresh, whole, fortified",gal. (3.8 lit),Dairy and fats,3.155,APU0000709112
2018-01-01,2018,1,"Milk, fresh, whole, fortified",gal. (3.8 lit),Dairy and fats,2.961,APU0000709112
2018-02-01,2018,2,"Milk, fresh, whole, fortified",gal. (3.8 lit),Dairy and fats,2.923,APU0000709112
2018-03-01,2018,3,"Milk, fresh, whole, fortified",gal. (3.8 lit),Dairy and fats,2.903,APU0000709112
2018-04-01,2018,4,"Milk, fresh, whole, fortified",gal. (3.8 lit),Dairy and fats,2.924,APU0000709112
2018-05-01,2018,5,"Milk, fresh, whole, fortified",gal. (3.8 lit),Dairy and fats,2.919,APU0000709112
2018-06-01,2018,6,"Milk, fresh, whole, fortified",gal. (3.8 lit),Dairy and fats,2.877,APU0000709112
2018-07-01,2018,7,"Milk, fresh, whole, fortified",gal. (3.8 lit),Dairy and fats,2.839,APU0000709112
2018-08-01,2018,8,"Milk, fresh, whole, fortified",gal. (3.8 lit),Dairy and fats,2.871,APU0000709112
2018-09-01,2018,9,"Milk, fresh, whole, fortified",gal. (3.8 lit),Dairy and fats,2.89,APU0000709112
2018-10-01,2018,10,"Milk, fresh, whole, fortified",gal. (3.8 lit),Dairy and fats,2.913,APU0000709112
2018-11-01,2018,11,"Milk, fresh, whole, fortified",gal. (3.8 lit),Dairy and fats,2.877,APU0000709112
2018-12-01,2018,12,"Milk, fresh, whole, fortified",gal. (3.8 lit),Dairy and fats,2.853,APU0000709112
2019-01-01,2019,1,"Milk, fresh, whole, fortified",gal. (3.8 lit),Dairy and fats,2.913,APU0000709112
2019-02-01,2019,2,"Milk, fresh, whole, fortified",gal. (3.8 lit),Dairy and fats,2.9,APU0000709112
2019-03-01,2019,3,"Milk, fresh, whole, fortified",gal. (3.8 lit),Dairy and fats,2.944,APU0000709112
2019-04-01,2019,4,"Milk, fresh, whole, fortified",gal. (3.8 lit),Dairy and fats,2.98,APU0000709112
2019-05-01,2019,5,"Milk, fresh, whole, fortified",gal. (3.8 lit),Dairy and fats,2.963,APU0000709112
2019-06-01,2019,6,"Milk, fresh, whole, fortified",gal. (3.8 lit),Dairy and fats,3.054,APU0000709112
2019-07-01,2019,7,"Milk, fresh, whole, fortified",gal. (3.8 lit),Dairy and fats,3.031,APU0000709112
2019-08-01,2019,8,"Milk, fresh, whole, fortified",gal. (3.8 lit),Dairy and fats,3.045,APU0000709112
2019-09-01,2019,9,"Milk, fresh, whole, fortified",gal. (3.8 lit),Dairy and fats,3.102,APU0000709112
2019-10-01,2019,10,"Milk, fresh, whole, fortified",gal. (3.8 lit),Dairy and fats,3.119,APU0000709112
2019-11-01,2019,11,"Milk, fresh, whole, fortified",gal. (3.8 lit),Dairy and fats,3.189,APU0000709112
2019-12-01,2019,12,"Milk, fresh, whole, fortified",gal. (3.8 lit),Dairy and fats,3.188,APU0000709112
2020-01-01,2020,1,"Milk, fresh, whole, fortified",gal. (3.8 lit),Dairy and fats,3.253,APU0000709112
2020-02-01,2020,2,"Milk, fresh, whole, fortified",gal. (3.8 lit),Dairy and fats,3.196,APU0000709112
2020-03-01,2020,3,"Milk, fresh, whole, fortified",gal. (3.8 lit),Dairy and fats,3.248,APU0000709112
2020-04-01,2020,4,"Milk, fresh, whole, fortified",gal. (3.8 lit),Dairy and fats,3.267,APU0000709112
2020-05-01,2020,5,"Milk, fresh, whole, fortified",gal. (3.8 lit),Dairy and fats,3.21,APU0000709112
2020-06-01,2020,6,"Milk, fresh, whole, fortified",gal. (3.8 lit),Dairy and fats,3.198,APU0000709112
2020-07-01,2020,7,"Milk, fresh, whole, fortified",gal. (3.8 lit),Dairy and fats,3.255,APU0000709112
2020-08-01,2020,8,"Milk, fresh, whole, fortified",gal. (3.8 lit),Dairy and fats,3.406,APU0000709112
2020-09-01,2020,9,"Milk, fresh, whole, fortified",gal. (3.8 lit),Dairy and fats,3.448,APU0000709112
2020-10-01,2020,10,"Milk, fresh, whole, fortified",gal. (3.8 lit),Dairy and fats,3.38,APU0000709112
2020-11-01,2020,11,"Milk, fresh, whole, fortified",gal. (3.8 lit),Dairy and fats,3.425,APU0000709112
2020-12-01,2020,12,"Milk, fresh, whole, fortified",gal. (3.8 lit),Dairy and fats,3.535,APU0000709112
2021-01-01,2021,1,"Milk, fresh, whole, fortified",gal. (3.8 lit),Dairy and fats,3.468,APU0000709112
2021-02-01,2021,2,"Milk, fresh, whole, fortified",gal. (3.8 lit),Dairy and fats,3.368,APU0000709112
2021-03-01,2021,3,"Milk, fresh, whole, fortified",gal. (3.8 lit),Dairy and fats,3.348,APU0000709112
2021-04-01,2021,4,"Milk, fresh, whole, fortified",gal. (3.8 lit),Dairy and fats,3.447,APU0000709112
2021-05-01,2021,5,"Milk, fresh, whole, fortified",gal. (3.8 lit),Dairy and fats,3.497,APU0000709112
2021-06-01,2021,6,"Milk, fresh, whole, fortified",gal. (3.8 lit),Dairy and fats,3.557,APU0000709112
2021-07-01,2021,7,"Milk, fresh, whole, fortified",gal. (3.8 lit),Dairy and fats,3.627,APU0000709112
2021-08-01,2021,8,"Milk, fresh, whole, fortified",gal. (3.8 lit),Dairy and fats,3.56,APU0000709112
2021-09-01,2021,9,"Milk, fresh, whole, fortified",gal. (3.8 lit),Dairy and fats,3.585,APU0000709112
2021-10-01,2021,10,"Milk, fresh, whole, fortified",gal. (3.8 lit),Dairy and fats,3.663,APU0000709112
2021-11-01,2021,11,"Milk, fresh, whole, fortified",gal. (3.8 lit),Dairy and fats,3.671,APU0000709112
2021-12-01,2021,12,"Milk, fresh, whole, fortified",gal. (3.8 lit),Dairy and fats,3.743,APU0000709112
2022-01-01,2022,1,"Milk, fresh, whole, fortified",gal. (3.8 lit),Dairy and fats,3.787,APU0000709112
2022-02-01,2022,2,"Milk, fresh, whole, fortified",gal. (3.8 lit),Dairy and fats,3.875,APU0000709112
2022-03-01,2022,3,"Milk, fresh, whole, fortified",gal. (3.8 lit),Dairy and fats,3.917,APU0000709112
2022-04-01,2022,4,"Milk, fresh, whole, fortified",gal. (3.8 lit),Dairy and fats,4.012,APU0000709112
2022-05-01,2022,5,"Milk, fresh, whole, fortified",gal. (3.8 lit),Dairy and fats,4.204,APU0000709112
2022-06-01,2022,6,"Milk, fresh, whole, fortified",gal. (3.8 lit),Dairy and fats,4.153,APU0000709112
2022-07-01,2022,7,"Milk, fresh, whole, fortified",gal. (3.8 lit),Dairy and fats,4.156,APU0000709112
2022-08-01,2022,8,"Milk, fresh, whole, fortified",gal. (3.8 lit),Dairy and fats,4.194,APU0000709112
2022-09-01,2022,9,"Milk, fresh, whole, fortified",gal. (3.8 lit),Dairy and fats,4.181,APU0000709112
2022-10-01,2022,10,"Milk, fresh, whole, fortified",gal. (3.8 lit),Dairy and fats,4.184,APU0000709112
2022-11-01,2022,11,"Milk, fresh, whole, fortified",gal. (3.8 lit),Dairy and fats,4.218,APU0000709112
2022-12-01,2022,12,"Milk, fresh, whole, fortified",gal. (3.8 lit),Dairy and fats,4.211,APU0000709112
2023-01-01,2023,1,"Milk, fresh, whole, fortified",gal. (3.8 lit),Dairy and fats,4.204,APU0000709112
2023-02-01,2023,2,"Milk, fresh, whole, fortified",gal. (3.8 lit),Dairy and fats,4.163,APU0000709112
2023-03-01,2023,3,"Milk, fresh, whole, fortified",gal. (3.8 lit),Dairy and fats,4.098,APU0000709112
2023-04-01,2023,4,"Milk, fresh, whole, fortified",gal. (3.8 lit),Dairy and fats,4.042,APU0000709112
2023-05-01,2023,5,"Milk, fresh, whole, fortified",gal. (3.8 lit),Dairy and fats,4.042,APU0000709112
2023-06-01,2023,6,"Milk, fresh, whole, fortified",gal. (3.8 lit),Dairy and fats,3.985,APU0000709112
2023-07-01,2023,7,"Milk, fresh, whole, fortified",gal. (3.8 lit),Dairy and fats,3.971,APU0000709112
2023-08-01,2023,8,"Milk, fresh, whole, fortified",gal. (3.8 lit),Dairy and fats,3.927,APU0000709112
2023-09-01,2023,9,"Milk, fresh, whole, fortified",gal. (3.8 lit),Dairy and fats,3.965,APU0000709112
2023-10-01,2023,10,"Milk, fresh, whole, fortified",gal. (3.8 lit),Dairy and fats,3.927,APU0000709112
2023-11-01,2023,11,"Milk, fresh, whole, fortified",gal. (3.8 lit),Dairy and fats,3.997,APU0000709112
2023-12-01,2023,12,"Milk, fresh, whole, fortified",gal. (3.8 lit),Dairy and fats,4.008,APU0000709112
2024-01-01,2024,1,"Milk, fresh, whole, fortified",gal. (3.8 lit),Dairy and fats,3.958,APU0000709112
2024-02-01,2024,2,"Milk, fresh, whole, fortified",gal. (3.8 lit),Dairy and fats,3.94,APU0000709112
2024-03-01,2024,3,"Milk, fresh, whole, fortified",gal. (3.8 lit),Dairy and fats,3.893,APU0000709112
2024-04-01,2024,4,"Milk, fresh, whole, fortified",gal. (3.8 lit),Dairy and fats,3.868,APU0000709112
2024-05-01,2024,5,"Milk, fresh, whole, fortified",gal. (3.8 lit),Dairy and fats,3.864,APU0000709112
2024-06-01,2024,6,"Milk, fresh, whole, fortified",gal. (3.8 lit),Dairy and fats,3.956,APU0000709112
2024-07-01,2024,7,"Milk, fresh, whole, fortified",gal. (3.8 lit),Dairy and fats,3.983,APU0000709112
2024-08-01,2024,8,"Milk, fresh, whole, fortified",gal. (3.8 lit),Dairy and fats,4.044,APU0000709112
2024-09-01,2024,9,"Milk, fresh, whole, fortified",gal. (3.8 lit),Dairy and fats,4.021,APU0000709112
2024-10-01,2024,10,"Milk, fresh, whole, fortified",gal. (3.8 lit),Dairy and fats,4.041,APU0000709112
2024-11-01,2024,11,"Milk, fresh, whole, fortified",gal. (3.8 lit),Dairy and fats,4.138,APU0000709112
2024-12-01,2024,12,"Milk, fresh, whole, fortified",gal. (3.8 lit),Dairy and fats,4.101,APU0000709112
2025-01-01,2025,1,"Milk, fresh, whole, fortified",gal. (3.8 lit),Dairy and fats,4.025,APU0000709112
2025-02-01,2025,2,"Milk, fresh, whole, fortified",gal. (3.8 lit),Dairy and fats,4.026,APU0000709112
2025-03-01,2025,3,"Milk, fresh, whole, fortified",gal. (3.8 lit),Dairy and fats,4.05,APU0000709112
2025-04-01,2025,4,"Milk, fresh, whole, fortified",gal. (3.8 lit),Dairy and fats,4.074,APU0000709112
2025-05-01,2025,5,"Milk, fresh, whole, fortified",gal. (3.8 lit),Dairy and fats,4.022,APU0000709112
2025-06-01,2025,6,"Milk, fresh, whole, fortified",gal. (3.8 lit),Dairy and fats,4.029,APU0000709112
2025-07-01,2025,7,"Milk, fresh, whole, fortified",gal. (3.8 lit),Dairy and fats,4.162,APU0000709112
2025-08-01,2025,8,"Milk, fresh, whole, fortified",gal. (3.8 lit),Dairy and fats,4.171,APU0000709112
2025-09-01,2025,9,"Milk, fresh, whole, fortified",gal. (3.8 lit),Dairy and fats,4.129,APU0000709112
2025-11-01,2025,11,"Milk, fresh, whole, fortified",gal. (3.8 lit),Dairy and fats,3.997,APU0000709112
2025-12-01,2025,12,"Milk, fresh, whole, fortified",gal. (3.8 lit),Dairy and fats,4.047,APU0000709112
2026-01-01,2026,1,"Milk, fresh, whole, fortified",gal. (3.8 lit),Dairy and fats,4.1,APU0000709112
2026-02-01,2026,2,"Milk, fresh, whole, fortified",gal. (3.8 lit),Dairy and fats,4.026,APU0000709112
2026-03-01,2026,3,"Milk, fresh, whole, fortified",gal. (3.8 lit),Dairy and fats,4.067,APU0000709112
2026-04-01,2026,4,"Milk, fresh, whole, fortified",gal. (3.8 lit),Dairy and fats,4.136,APU0000709112
2026-05-01,2026,5,"Milk, fresh, whole, fortified",gal. (3.8 lit),Dairy and fats,4.217,APU0000709112
2026-06-01,2026,6,"Milk, fresh, whole, fortified",gal. (3.8 lit),Dairy and fats,4.317,APU0000709112
2026-07-01,2026,7,"Milk, fresh, whole, fortified",gal. (3.8 lit),Dairy and fats,4.313,APU0000709112
2015-01-01,2015,1,"Orange juice, frozen concentrate, 12 oz. can",16 oz. (473.2 ml),Fruit,2.732,APU0000713111
2015-02-01,2015,2,"Orange juice, frozen concentrate, 12 oz. can",16 oz. (473.2 ml),Fruit,2.734,APU0000713111
2015-03-01,2015,3,"Orange juice, frozen concentrate, 12 oz. can",16 oz. (473.2 ml),Fruit,2.678,APU0000713111
2015-04-01,2015,4,"Orange juice, frozen concentrate, 12 oz. can",16 oz. (473.2 ml),Fruit,2.662,APU0000713111
2015-05-01,2015,5,"Orange juice, frozen concentrate, 12 oz. can",16 oz. (473.2 ml),Fruit,2.709,APU0000713111
2015-06-01,2015,6,"Orange juice, frozen concentrate, 12 oz. can",16 oz. (473.2 ml),Fruit,2.68,APU0000713111
2015-07-01,2015,7,"Orange juice, frozen concentrate, 12 oz. can",16 oz. (473.2 ml),Fruit,2.658,APU0000713111
2015-08-01,2015,8,"Orange juice, frozen concentrate, 12 oz. can",16 oz. (473.2 ml),Fruit,2.739,APU0000713111
2015-09-01,2015,9,"Orange juice, frozen concentrate, 12 oz. can",16 oz. (473.2 ml),Fruit,2.732,APU0000713111
2015-10-01,2015,10,"Orange juice, frozen concentrate, 12 oz. can",16 oz. (473.2 ml),Fruit,2.753,APU0000713111
2015-11-01,2015,11,"Orange juice, frozen concentrate, 12 oz. can",16 oz. (473.2 ml),Fruit,2.715,APU0000713111
2015-12-01,2015,12,"Orange juice, frozen concentrate, 12 oz. can",16 oz. (473.2 ml),Fruit,2.733,APU0000713111
2016-01-01,2016,1,"Orange juice, frozen concentrate, 12 oz. can",16 oz. (473.2 ml),Fruit,2.731,APU0000713111
2016-02-01,2016,2,"Orange juice, frozen concentrate, 12 oz. can",16 oz. (473.2 ml),Fruit,2.752,APU0000713111
2016-03-01,2016,3,"Orange juice, frozen concentrate, 12 oz. can",16 oz. (473.2 ml),Fruit,2.758,APU0000713111
2016-04-01,2016,4,"Orange juice, frozen concentrate, 12 oz. can",16 oz. (473.2 ml),Fruit,2.747,APU0000713111
2016-05-01,2016,5,"Orange juice, frozen concentrate, 12 oz. can",16 oz. (473.2 ml),Fruit,2.796,APU0000713111
2016-06-01,2016,6,"Orange juice, frozen concentrate, 12 oz. can",16 oz. (473.2 ml),Fruit,2.772,APU0000713111
2016-07-01,2016,7,"Orange juice, frozen concentrate, 12 oz. can",16 oz. (473.2 ml),Fruit,2.768,APU0000713111
2016-08-01,2016,8,"Orange juice, frozen concentrate, 12 oz. can",16 oz. (473.2 ml),Fruit,2.774,APU0000713111
2016-09-01,2016,9,"Orange juice, frozen concentrate, 12 oz. can",16 oz. (473.2 ml),Fruit,2.81,APU0000713111
2016-10-01,2016,10,"Orange juice, frozen concentrate, 12 oz. can",16 oz. (473.2 ml),Fruit,2.55,APU0000713111
2016-11-01,2016,11,"Orange juice, frozen concentrate, 12 oz. can",16 oz. (473.2 ml),Fruit,2.53,APU0000713111
2016-12-01,2016,12,"Orange juice, frozen concentrate, 12 oz. can",16 oz. (473.2 ml),Fruit,2.571,APU0000713111
2017-01-01,2017,1,"Orange juice, frozen concentrate, 12 oz. can",16 oz. (473.2 ml),Fruit,2.608,APU0000713111
2017-02-01,2017,2,"Orange juice, frozen concentrate, 12 oz. can",16 oz. (473.2 ml),Fruit,2.653,APU0000713111
2017-03-01,2017,3,"Orange juice, frozen concentrate, 12 oz. can",16 oz. (473.2 ml),Fruit,2.661,APU0000713111
2017-04-01,2017,4,"Orange juice, frozen concentrate, 12 oz. can",16 oz. (473.2 ml),Fruit,2.645,APU0000713111
2017-05-01,2017,5,"Orange juice, frozen concentrate, 12 oz. can",16 oz. (473.2 ml),Fruit,2.579,APU0000713111
2017-06-01,2017,6,"Orange juice, frozen concentrate, 12 oz. can",16 oz. (473.2 ml),Fruit,2.582,APU0000713111
2017-07-01,2017,7,"Orange juice, frozen concentrate, 12 oz. can",16 oz. (473.2 ml),Fruit,2.827,APU0000713111
2017-08-01,2017,8,"Orange juice, frozen concentrate, 12 oz. can",16 oz. (473.2 ml),Fruit,2.868,APU0000713111
2017-09-01,2017,9,"Orange juice, frozen concentrate, 12 oz. can",16 oz. (473.2 ml),Fruit,2.619,APU0000713111
2017-10-01,2017,10,"Orange juice, frozen concentrate, 12 oz. can",16 oz. (473.2 ml),Fruit,2.619,APU0000713111
2017-11-01,2017,11,"Orange juice, frozen concentrate, 12 oz. can",16 oz. (473.2 ml),Fruit,2.573,APU0000713111
2017-12-01,2017,12,"Orange juice, frozen concentrate, 12 oz. can",16 oz. (473.2 ml),Fruit,2.615,APU0000713111
2018-01-01,2018,1,"Orange juice, frozen concentrate, 12 oz. can",16 oz. (473.2 ml),Fruit,2.521,APU0000713111
2018-02-01,2018,2,"Orange juice, frozen concentrate, 12 oz. can",16 oz. (473.2 ml),Fruit,2.538,APU0000713111
2018-03-01,2018,3,"Orange juice, frozen concentrate, 12 oz. can",16 oz. (473.2 ml),Fruit,2.513,APU0000713111
2018-04-01,2018,4,"Orange juice, frozen concentrate, 12 oz. can",16 oz. (473.2 ml),Fruit,2.481,APU0000713111
2018-05-01,2018,5,"Orange juice, frozen concentrate, 12 oz. can",16 oz. (473.2 ml),Fruit,2.481,APU0000713111
2018-06-01,2018,6,"Orange juice, frozen concentrate, 12 oz. can",16 oz. (473.2 ml),Fruit,2.469,APU0000713111
2018-07-01,2018,7,"Orange juice, frozen concentrate, 12 oz. can",16 oz. (473.2 ml),Fruit,2.504,APU0000713111
2018-08-01,2018,8,"Orange juice, frozen concentrate, 12 oz. can",16 oz. (473.2 ml),Fruit,2.44,APU0000713111
2018-09-01,2018,9,"Orange juice, frozen concentrate, 12 oz. can",16 oz. (473.2 ml),Fruit,2.493,APU0000713111
2018-10-01,2018,10,"Orange juice, frozen concentrate, 12 oz. can",16 oz. (473.2 ml),Fruit,2.478,APU0000713111
2018-11-01,2018,11,"Orange juice, frozen concentrate, 12 oz. can",16 oz. (473.2 ml),Fruit,2.475,APU0000713111
2018-12-01,2018,12,"Orange juice, frozen concentrate, 12 oz. can",16 oz. (473.2 ml),Fruit,2.434,APU0000713111
2019-01-01,2019,1,"Orange juice, frozen concentrate, 12 oz. can",16 oz. (473.2 ml),Fruit,2.407,APU0000713111
2019-02-01,2019,2,"Orange juice, frozen concentrate, 12 oz. can",16 oz. (473.2 ml),Fruit,2.427,APU0000713111
2019-03-01,2019,3,"Orange juice, frozen concentrate, 12 oz. can",16 oz. (473.2 ml),Fruit,2.45,APU0000713111
2019-04-01,2019,4,"Orange juice, frozen concentrate, 12 oz. can",16 oz. (473.2 ml),Fruit,2.448,APU0000713111
2019-05-01,2019,5,"Orange juice, frozen concentrate, 12 oz. can",16 oz. (473.2 ml),Fruit,2.454,APU0000713111
2019-06-01,2019,6,"Orange juice, frozen concentrate, 12 oz. can",16 oz. (473.2 ml),Fruit,2.486,APU0000713111
2019-07-01,2019,7,"Orange juice, frozen concentrate, 12 oz. can",16 oz. (473.2 ml),Fruit,2.404,APU0000713111
2019-08-01,2019,8,"Orange juice, frozen concentrate, 12 oz. can",16 oz. (473.2 ml),Fruit,2.416,APU0000713111
2019-09-01,2019,9,"Orange juice, frozen concentrate, 12 oz. can",16 oz. (473.2 ml),Fruit,2.414,APU0000713111
2019-10-01,2019,10,"Orange juice, frozen concentrate, 12 oz. can",16 oz. (473.2 ml),Fruit,2.369,APU0000713111
2019-11-01,2019,11,"Orange juice, frozen concentrate, 12 oz. can",16 oz. (473.2 ml),Fruit,2.264,APU0000713111
2019-12-01,2019,12,"Orange juice, frozen concentrate, 12 oz. can",16 oz. (473.2 ml),Fruit,2.336,APU0000713111
2020-01-01,2020,1,"Orange juice, frozen concentrate, 12 oz. can",16 oz. (473.2 ml),Fruit,2.321,APU0000713111
2020-02-01,2020,2,"Orange juice, frozen concentrate, 12 oz. can",16 oz. (473.2 ml),Fruit,2.319,APU0000713111
2020-03-01,2020,3,"Orange juice, frozen concentrate, 12 oz. can",16 oz. (473.2 ml),Fruit,2.277,APU0000713111
2020-04-01,2020,4,"Orange juice, frozen concentrate, 12 oz. can",16 oz. (473.2 ml),Fruit,2.398,APU0000713111
2020-05-01,2020,5,"Orange juice, frozen concentrate, 12 oz. can",16 oz. (473.2 ml),Fruit,2.375,APU0000713111
2020-06-01,2020,6,"Orange juice, frozen concentrate, 12 oz. can",16 oz. (473.2 ml),Fruit,2.36,APU0000713111
2020-07-01,2020,7,"Orange juice, frozen concentrate, 12 oz. can",16 oz. (473.2 ml),Fruit,2.339,APU0000713111
2020-08-01,2020,8,"Orange juice, frozen concentrate, 12 oz. can",16 oz. (473.2 ml),Fruit,2.339,APU0000713111
2020-09-01,2020,9,"Orange juice, frozen concentrate, 12 oz. can",16 oz. (473.2 ml),Fruit,2.257,APU0000713111
2020-10-01,2020,10,"Orange juice, frozen concentrate, 12 oz. can",16 oz. (473.2 ml),Fruit,2.307,APU0000713111
2020-11-01,2020,11,"Orange juice, frozen concentrate, 12 oz. can",16 oz. (473.2 ml),Fruit,2.285,APU0000713111
2020-12-01,2020,12,"Orange juice, frozen concentrate, 12 oz. can",16 oz. (473.2 ml),Fruit,2.333,APU0000713111
2021-01-01,2021,1,"Orange juice, frozen concentrate, 12 oz. can",16 oz. (473.2 ml),Fruit,2.341,APU0000713111
2021-02-01,2021,2,"Orange juice, frozen concentrate, 12 oz. can",16 oz. (473.2 ml),Fruit,2.359,APU0000713111
2021-03-01,2021,3,"Orange juice, frozen concentrate, 12 oz. can",16 oz. (473.2 ml),Fruit,2.285,APU0000713111
2021-04-01,2021,4,"Orange juice, frozen concentrate, 12 oz. can",16 oz. (473.2 ml),Fruit,2.364,APU0000713111
2021-05-01,2021,5,"Orange juice, frozen concentrate, 12 oz. can",16 oz. (473.2 ml),Fruit,2.387,APU0000713111
2021-06-01,2021,6,"Orange juice, frozen concentrate, 12 oz. can",16 oz. (473.2 ml),Fruit,2.594,APU0000713111
2021-07-01,2021,7,"Orange juice, frozen concentrate, 12 oz. can",16 oz. (473.2 ml),Fruit,2.612,APU0000713111
2021-08-01,2021,8,"Orange juice, frozen concentrate, 12 oz. can",16 oz. (473.2 ml),Fruit,2.58,APU0000713111
2021-09-01,2021,9,"Orange juice, frozen concentrate, 12 oz. can",16 oz. (473.2 ml),Fruit,2.544,APU0000713111
2021-10-01,2021,10,"Orange juice, frozen concentrate, 12 oz. can",16 oz. (473.2 ml),Fruit,2.631,APU0000713111
2021-11-01,2021,11,"Orange juice, frozen concentrate, 12 oz. can",16 oz. (473.2 ml),Fruit,2.651,APU0000713111
2021-12-01,2021,12,"Orange juice, frozen concentrate, 12 oz. can",16 oz. (473.2 ml),Fruit,2.654,APU0000713111
2022-01-01,2022,1,"Orange juice, frozen concentrate, 12 oz. can",16 oz. (473.2 ml),Fruit,2.621,APU0000713111
2022-02-01,2022,2,"Orange juice, frozen concentrate, 12 oz. can",16 oz. (473.2 ml),Fruit,2.754,APU0000713111
2022-03-01,2022,3,"Orange juice, frozen concentrate, 12 oz. can",16 oz. (473.2 ml),Fruit,2.696,APU0000713111
2022-04-01,2022,4,"Orange juice, frozen concentrate, 12 oz. can",16 oz. (473.2 ml),Fruit,2.77,APU0000713111
2022-05-01,2022,5,"Orange juice, frozen concentrate, 12 oz. can",16 oz. (473.2 ml),Fruit,2.856,APU0000713111
2022-06-01,2022,6,"Orange juice, frozen concentrate, 12 oz. can",16 oz. (473.2 ml),Fruit,2.887,APU0000713111
2022-07-01,2022,7,"Orange juice, frozen concentrate, 12 oz. can",16 oz. (473.2 ml),Fruit,2.889,APU0000713111
2022-08-01,2022,8,"Orange juice, frozen concentrate, 12 oz. can",16 oz. (473.2 ml),Fruit,2.751,APU0000713111
2022-09-01,2022,9,"Orange juice, frozen concentrate, 12 oz. can",16 oz. (473.2 ml),Fruit,2.777,APU0000713111
2022-10-01,2022,10,"Orange juice, frozen concentrate, 12 oz. can",16 oz. (473.2 ml),Fruit,2.744,APU0000713111
2022-11-01,2022,11,"Orange juice, frozen concentrate, 12 oz. can",16 oz. (473.2 ml),Fruit,2.672,APU0000713111
2022-12-01,2022,12,"Orange juice, frozen concentrate, 12 oz. can",16 oz. (473.2 ml),Fruit,2.718,APU0000713111
2023-01-01,2023,1,"Orange juice, frozen concentrate, 12 oz. can",16 oz. (473.2 ml),Fruit,2.823,APU0000713111
2023-02-01,2023,2,"Orange juice, frozen concentrate, 12 oz. can",16 oz. (473.2 ml),Fruit,2.982,APU0000713111
2023-03-01,2023,3,"Orange juice, frozen concentrate, 12 oz. can",16 oz. (473.2 ml),Fruit,2.893,APU0000713111
2023-04-01,2023,4,"Orange juice, frozen concentrate, 12 oz. can",16 oz. (473.2 ml),Fruit,3.01,APU0000713111
2023-05-01,2023,5,"Orange juice, frozen concentrate, 12 oz. can",16 oz. (473.2 ml),Fruit,3.175,APU0000713111
2023-06-01,2023,6,"Orange juice, frozen concentrate, 12 oz. can",16 oz. (473.2 ml),Fruit,3.27,APU0000713111
2023-07-01,2023,7,"Orange juice, frozen concentrate, 12 oz. can",16 oz. (473.2 ml),Fruit,3.336,APU0000713111
2023-08-01,2023,8,"Orange juice, frozen concentrate, 12 oz. can",16 oz. (473.2 ml),Fruit,3.415,APU0000713111
2023-09-01,2023,9,"Orange juice, frozen concentrate, 12 oz. can",16 oz. (473.2 ml),Fruit,3.427,APU0000713111
2023-10-01,2023,10,"Orange juice, frozen concentrate, 12 oz. can",16 oz. (473.2 ml),Fruit,3.669,APU0000713111
2023-11-01,2023,11,"Orange juice, frozen concentrate, 12 oz. can",16 oz. (473.2 ml),Fruit,3.638,APU0000713111
2023-12-01,2023,12,"Orange juice, frozen concentrate, 12 oz. can",16 oz. (473.2 ml),Fruit,3.717,APU0000713111
2024-01-01,2024,1,"Orange juice, frozen concentrate, 12 oz. can",16 oz. (473.2 ml),Fruit,4.111,APU0000713111
2024-02-01,2024,2,"Orange juice, frozen concentrate, 12 oz. can",16 oz. (473.2 ml),Fruit,4.214,APU0000713111
2024-03-01,2024,3,"Orange juice, frozen concentrate, 12 oz. can",16 oz. (473.2 ml),Fruit,4.259,APU0000713111
2024-04-01,2024,4,"Orange juice, frozen concentrate, 12 oz. can",16 oz. (473.2 ml),Fruit,4.278,APU0000713111
2024-05-01,2024,5,"Orange juice, frozen concentrate, 12 oz. can",16 oz. (473.2 ml),Fruit,4.194,APU0000713111
2024-06-01,2024,6,"Orange juice, frozen concentrate, 12 oz. can",16 oz. (473.2 ml),Fruit,4.258,APU0000713111
2024-07-01,2024,7,"Orange juice, frozen concentrate, 12 oz. can",16 oz. (473.2 ml),Fruit,4.248,APU0000713111
2024-08-01,2024,8,"Orange juice, frozen concentrate, 12 oz. can",16 oz. (473.2 ml),Fruit,4.273,APU0000713111
2024-09-01,2024,9,"Orange juice, frozen concentrate, 12 oz. can",16 oz. (473.2 ml),Fruit,4.227,APU0000713111
2024-10-01,2024,10,"Orange juice, frozen concentrate, 12 oz. can",16 oz. (473.2 ml),Fruit,4.247,APU0000713111
2024-11-01,2024,11,"Orange juice, frozen concentrate, 12 oz. can",16 oz. (473.2 ml),Fruit,4.306,APU0000713111
2024-12-01,2024,12,"Orange juice, frozen concentrate, 12 oz. can",16 oz. (473.2 ml),Fruit,4.289,APU0000713111
2025-01-01,2025,1,"Orange juice, frozen concentrate, 12 oz. can",16 oz. (473.2 ml),Fruit,4.48,APU0000713111
2025-02-01,2025,2,"Orange juice, frozen concentrate, 12 oz. can",16 oz. (473.2 ml),Fruit,4.492,APU0000713111
2025-03-01,2025,3,"Orange juice, frozen concentrate, 12 oz. can",16 oz. (473.2 ml),Fruit,4.482,APU0000713111
2025-04-01,2025,4,"Orange juice, frozen concentrate, 12 oz. can",16 oz. (473.2 ml),Fruit,4.44,APU0000713111
2025-05-01,2025,5,"Orange juice, frozen concentrate, 12 oz. can",16 oz. (473.2 ml),Fruit,4.429,APU0000713111
2025-06-01,2025,6,"Orange juice, frozen concentrate, 12 oz. can",16 oz. (473.2 ml),Fruit,4.493,APU0000713111
2025-07-01,2025,7,"Orange juice, frozen concentrate, 12 oz. can",16 oz. (473.2 ml),Fruit,4.641,APU0000713111
2025-08-01,2025,8,"Orange juice, frozen concentrate, 12 oz. can",16 oz. (473.2 ml),Fruit,4.67,APU0000713111
2025-09-01,2025,9,"Orange juice, frozen concentrate, 12 oz. can",16 oz. (473.2 ml),Fruit,4.736,APU0000713111
2025-11-01,2025,11,"Orange juice, frozen concentrate, 12 oz. can",16 oz. (473.2 ml),Fruit,4.806,APU0000713111
2025-12-01,2025,12,"Orange juice, frozen concentrate, 12 oz. can",16 oz. (473.2 ml),Fruit,4.821,APU0000713111
2026-01-01,2026,1,"Orange juice, frozen concentrate, 12 oz. can",16 oz. (473.2 ml),Fruit,4.871,APU0000713111
2026-02-01,2026,2,"Orange juice, frozen concentrate, 12 oz. can",16 oz. (473.2 ml),Fruit,4.863,APU0000713111
2026-03-01,2026,3,"Orange juice, frozen concentrate, 12 oz. can",16 oz. (473.2 ml),Fruit,4.886,APU0000713111
2026-04-01,2026,4,"Orange juice, frozen concentrate, 12 oz. can",16 oz. (473.2 ml),Fruit,4.903,APU0000713111
2026-05-01,2026,5,"Orange juice, frozen concentrate, 12 oz. can",16 oz. (473.2 ml),Fruit,4.97,APU0000713111
2026-06-01,2026,6,"Orange juice, frozen concentrate, 12 oz. can",16 oz. (473.2 ml),Fruit,4.874,APU0000713111
2026-07-01,2026,7,"Orange juice, frozen concentrate, 12 oz. can",16 oz. (473.2 ml),Fruit,4.817,APU0000713111
2015-01-01,2015,1,"Oranges, Navel",lb. (453.6 gm),Fruit,1.195,APU0000711311
2015-02-01,2015,2,"Oranges, Navel",lb. (453.6 gm),Fruit,1.185,APU0000711311
2015-03-01,2015,3,"Oranges, Navel",lb. (453.6 gm),Fruit,1.201,APU0000711311
2015-04-01,2015,4,"Oranges, Navel",lb. (453.6 gm),Fruit,1.165,APU0000711311
2015-05-01,2015,5,"Oranges, Navel",lb. (453.6 gm),Fruit,1.208,APU0000711311
2015-06-01,2015,6,"Oranges, Navel",lb. (453.6 gm),Fruit,1.274,APU0000711311
2015-07-01,2015,7,"Oranges, Navel",lb. (453.6 gm),Fruit,1.38,APU0000711311
2015-08-01,2015,8,"Oranges, Navel",lb. (453.6 gm),Fruit,1.493,APU0000711311
2015-09-01,2015,9,"Oranges, Navel",lb. (453.6 gm),Fruit,1.48,APU0000711311
2015-10-01,2015,10,"Oranges, Navel",lb. (453.6 gm),Fruit,1.514,APU0000711311
2015-11-01,2015,11,"Oranges, Navel",lb. (453.6 gm),Fruit,1.329,APU0000711311
2015-12-01,2015,12,"Oranges, Navel",lb. (453.6 gm),Fruit,1.229,APU0000711311
2016-01-01,2016,1,"Oranges, Navel",lb. (453.6 gm),Fruit,1.196,APU0000711311
2016-02-01,2016,2,"Oranges, Navel",lb. (453.6 gm),Fruit,1.194,APU0000711311
2016-03-01,2016,3,"Oranges, Navel",lb. (453.6 gm),Fruit,1.188,APU0000711311
2016-04-01,2016,4,"Oranges, Navel",lb. (453.6 gm),Fruit,1.176,APU0000711311
2016-05-01,2016,5,"Oranges, Navel",lb. (453.6 gm),Fruit,1.148,APU0000711311
2016-06-01,2016,6,"Oranges, Navel",lb. (453.6 gm),Fruit,1.186,APU0000711311
2016-07-01,2016,7,"Oranges, Navel",lb. (453.6 gm),Fruit,1.268,APU0000711311
2016-08-01,2016,8,"Oranges, Navel",lb. (453.6 gm),Fruit,1.365,APU0000711311
2016-09-01,2016,9,"Oranges, Navel",lb. (453.6 gm),Fruit,1.41,APU0000711311
2016-10-01,2016,10,"Oranges, Navel",lb. (453.6 gm),Fruit,1.412,APU0000711311
2016-11-01,2016,11,"Oranges, Navel",lb. (453.6 gm),Fruit,1.239,APU0000711311
2016-12-01,2016,12,"Oranges, Navel",lb. (453.6 gm),Fruit,1.169,APU0000711311
2017-01-01,2017,1,"Oranges, Navel",lb. (453.6 gm),Fruit,1.186,APU0000711311
2017-02-01,2017,2,"Oranges, Navel",lb. (453.6 gm),Fruit,1.191,APU0000711311
2017-03-01,2017,3,"Oranges, Navel",lb. (453.6 gm),Fruit,1.18,APU0000711311
2017-04-01,2017,4,"Oranges, Navel",lb. (453.6 gm),Fruit,1.174,APU0000711311
2017-05-01,2017,5,"Oranges, Navel",lb. (453.6 gm),Fruit,1.226,APU0000711311
2017-06-01,2017,6,"Oranges, Navel",lb. (453.6 gm),Fruit,1.346,APU0000711311
2017-07-01,2017,7,"Oranges, Navel",lb. (453.6 gm),Fruit,1.462,APU0000711311
2017-08-01,2017,8,"Oranges, Navel",lb. (453.6 gm),Fruit,1.453,APU0000711311
2017-09-01,2017,9,"Oranges, Navel",lb. (453.6 gm),Fruit,1.48,APU0000711311
2017-10-01,2017,10,"Oranges, Navel",lb. (453.6 gm),Fruit,1.59,APU0000711311
2017-11-01,2017,11,"Oranges, Navel",lb. (453.6 gm),Fruit,1.486,APU0000711311
2017-12-01,2017,12,"Oranges, Navel",lb. (453.6 gm),Fruit,1.315,APU0000711311
2018-01-01,2018,1,"Oranges, Navel",lb. (453.6 gm),Fruit,1.326,APU0000711311
2018-02-01,2018,2,"Oranges, Navel",lb. (453.6 gm),Fruit,1.339,APU0000711311
2018-03-01,2018,3,"Oranges, Navel",lb. (453.6 gm),Fruit,1.305,APU0000711311
2018-04-01,2018,4,"Oranges, Navel",lb. (453.6 gm),Fruit,1.291,APU0000711311
2018-05-01,2018,5,"Oranges, Navel",lb. (453.6 gm),Fruit,1.348,APU0000711311
2018-06-01,2018,6,"Oranges, Navel",lb. (453.6 gm),Fruit,1.409,APU0000711311
2018-07-01,2018,7,"Oranges, Navel",lb. (453.6 gm),Fruit,1.538,APU0000711311
2018-08-01,2018,8,"Oranges, Navel",lb. (453.6 gm),Fruit,1.559,APU0000711311
2018-09-01,2018,9,"Oranges, Navel",lb. (453.6 gm),Fruit,1.511,APU0000711311
2018-10-01,2018,10,"Oranges, Navel",lb. (453.6 gm),Fruit,1.502,APU0000711311
2018-11-01,2018,11,"Oranges, Navel",lb. (453.6 gm),Fruit,1.437,APU0000711311
2018-12-01,2018,12,"Oranges, Navel",lb. (453.6 gm),Fruit,1.389,APU0000711311
2019-01-01,2019,1,"Oranges, Navel",lb. (453.6 gm),Fruit,1.344,APU0000711311
2019-02-01,2019,2,"Oranges, Navel",lb. (453.6 gm),Fruit,1.298,APU0000711311
2019-03-01,2019,3,"Oranges, Navel",lb. (453.6 gm),Fruit,1.346,APU0000711311
2019-04-01,2019,4,"Oranges, Navel",lb. (453.6 gm),Fruit,1.28,APU0000711311
2019-05-01,2019,5,"Oranges, Navel",lb. (453.6 gm),Fruit,1.331,APU0000711311
2019-06-01,2019,6,"Oranges, Navel",lb. (453.6 gm),Fruit,1.296,APU0000711311
2019-07-01,2019,7,"Oranges, Navel",lb. (453.6 gm),Fruit,1.411,APU0000711311
2019-08-01,2019,8,"Oranges, Navel",lb. (453.6 gm),Fruit,1.442,APU0000711311
2019-09-01,2019,9,"Oranges, Navel",lb. (453.6 gm),Fruit,1.426,APU0000711311
2019-10-01,2019,10,"Oranges, Navel",lb. (453.6 gm),Fruit,1.47,APU0000711311
2019-11-01,2019,11,"Oranges, Navel",lb. (453.6 gm),Fruit,1.429,APU0000711311
2019-12-01,2019,12,"Oranges, Navel",lb. (453.6 gm),Fruit,1.327,APU0000711311
2020-01-01,2020,1,"Oranges, Navel",lb. (453.6 gm),Fruit,1.244,APU0000711311
2020-02-01,2020,2,"Oranges, Navel",lb. (453.6 gm),Fruit,1.218,APU0000711311
2020-03-01,2020,3,"Oranges, Navel",lb. (453.6 gm),Fruit,1.174,APU0000711311
2020-05-01,2020,5,"Oranges, Navel",lb. (453.6 gm),Fruit,1.209,APU0000711311
2020-06-01,2020,6,"Oranges, Navel",lb. (453.6 gm),Fruit,1.296,APU0000711311
2020-12-01,2020,12,"Oranges, Navel",lb. (453.6 gm),Fruit,1.329,APU0000711311
2021-01-01,2021,1,"Oranges, Navel",lb. (453.6 gm),Fruit,1.303,APU0000711311
2021-02-01,2021,2,"Oranges, Navel",lb. (453.6 gm),Fruit,1.321,APU0000711311
2021-03-01,2021,3,"Oranges, Navel",lb. (453.6 gm),Fruit,1.266,APU0000711311
2021-04-01,2021,4,"Oranges, Navel",lb. (453.6 gm),Fruit,1.32,APU0000711311
2021-05-01,2021,5,"Oranges, Navel",lb. (453.6 gm),Fruit,1.317,APU0000711311
2021-06-01,2021,6,"Oranges, Navel",lb. (453.6 gm),Fruit,1.354,APU0000711311
2021-10-01,2021,10,"Oranges, Navel",lb. (453.6 gm),Fruit,1.49,APU0000711311
2021-11-01,2021,11,"Oranges, Navel",lb. (453.6 gm),Fruit,1.44,APU0000711311
2021-12-01,2021,12,"Oranges, Navel",lb. (453.6 gm),Fruit,1.448,APU0000711311
2022-01-01,2022,1,"Oranges, Navel",lb. (453.6 gm),Fruit,1.427,APU0000711311
2022-02-01,2022,2,"Oranges, Navel",lb. (453.6 gm),Fruit,1.445,APU0000711311
2022-03-01,2022,3,"Oranges, Navel",lb. (453.6 gm),Fruit,1.48,APU0000711311
2022-04-01,2022,4,"Oranges, Navel",lb. (453.6 gm),Fruit,1.505,APU0000711311
2022-05-01,2022,5,"Oranges, Navel",lb. (453.6 gm),Fruit,1.546,APU0000711311
2022-06-01,2022,6,"Oranges, Navel",lb. (453.6 gm),Fruit,1.6,APU0000711311
2022-08-01,2022,8,"Oranges, Navel",lb. (453.6 gm),Fruit,1.703,APU0000711311
2022-09-01,2022,9,"Oranges, Navel",lb. (453.6 gm),Fruit,1.73,APU0000711311
2022-10-01,2022,10,"Oranges, Navel",lb. (453.6 gm),Fruit,1.73,APU0000711311
2022-11-01,2022,11,"Oranges, Navel",lb. (453.6 gm),Fruit,1.641,APU0000711311
2022-12-01,2022,12,"Oranges, Navel",lb. (453.6 gm),Fruit,1.485,APU0000711311
2023-01-01,2023,1,"Oranges, Navel",lb. (453.6 gm),Fruit,1.514,APU0000711311
2023-02-01,2023,2,"Oranges, Navel",lb. (453.6 gm),Fruit,1.549,APU0000711311
2023-03-01,2023,3,"Oranges, Navel",lb. (453.6 gm),Fruit,1.509,APU0000711311
2023-04-01,2023,4,"Oranges, Navel",lb. (453.6 gm),Fruit,1.53,APU0000711311
2023-05-01,2023,5,"Oranges, Navel",lb. (453.6 gm),Fruit,1.512,APU0000711311
2023-06-01,2023,6,"Oranges, Navel",lb. (453.6 gm),Fruit,1.535,APU0000711311
2023-07-01,2023,7,"Oranges, Navel",lb. (453.6 gm),Fruit,1.591,APU0000711311
2023-08-01,2023,8,"Oranges, Navel",lb. (453.6 gm),Fruit,1.623,APU0000711311
2023-09-01,2023,9,"Oranges, Navel",lb. (453.6 gm),Fruit,1.637,APU0000711311
2023-10-01,2023,10,"Oranges, Navel",lb. (453.6 gm),Fruit,1.693,APU0000711311
2023-11-01,2023,11,"Oranges, Navel",lb. (453.6 gm),Fruit,1.664,APU0000711311
2023-12-01,2023,12,"Oranges, Navel",lb. (453.6 gm),Fruit,1.601,APU0000711311
2024-01-01,2024,1,"Oranges, Navel",lb. (453.6 gm),Fruit,1.55,APU0000711311
2024-02-01,2024,2,"Oranges, Navel",lb. (453.6 gm),Fruit,1.532,APU0000711311
2024-03-01,2024,3,"Oranges, Navel",lb. (453.6 gm),Fruit,1.516,APU0000711311
2024-04-01,2024,4,"Oranges, Navel",lb. (453.6 gm),Fruit,1.475,APU0000711311
2024-05-01,2024,5,"Oranges, Navel",lb. (453.6 gm),Fruit,1.545,APU0000711311
2024-06-01,2024,6,"Oranges, Navel",lb. (453.6 gm),Fruit,1.582,APU0000711311
2024-07-01,2024,7,"Oranges, Navel",lb. (453.6 gm),Fruit,1.627,APU0000711311
2024-08-01,2024,8,"Oranges, Navel",lb. (453.6 gm),Fruit,1.728,APU0000711311
2024-09-01,2024,9,"Oranges, Navel",lb. (453.6 gm),Fruit,1.733,APU0000711311
2024-10-01,2024,10,"Oranges, Navel",lb. (453.6 gm),Fruit,1.805,APU0000711311
2024-11-01,2024,11,"Oranges, Navel",lb. (453.6 gm),Fruit,1.729,APU0000711311
2024-12-01,2024,12,"Oranges, Navel",lb. (453.6 gm),Fruit,1.564,APU0000711311
2025-01-01,2025,1,"Oranges, Navel",lb. (453.6 gm),Fruit,1.531,APU0000711311
2025-02-01,2025,2,"Oranges, Navel",lb. (453.6 gm),Fruit,1.536,APU0000711311
2025-03-01,2025,3,"Oranges, Navel",lb. (453.6 gm),Fruit,1.484,APU0000711311
2025-04-01,2025,4,"Oranges, Navel",lb. (453.6 gm),Fruit,1.485,APU0000711311
2025-05-01,2025,5,"Oranges, Navel",lb. (453.6 gm),Fruit,1.564,APU0000711311
2025-06-01,2025,6,"Oranges, Navel",lb. (453.6 gm),Fruit,1.633,APU0000711311
2025-08-01,2025,8,"Oranges, Navel",lb. (453.6 gm),Fruit,1.795,APU0000711311
2025-09-01,2025,9,"Oranges, Navel",lb. (453.6 gm),Fruit,1.803,APU0000711311
2025-12-01,2025,12,"Oranges, Navel",lb. (453.6 gm),Fruit,1.57,APU0000711311
2026-01-01,2026,1,"Oranges, Navel",lb. (453.6 gm),Fruit,1.536,APU0000711311
2026-02-01,2026,2,"Oranges, Navel",lb. (453.6 gm),Fruit,1.508,APU0000711311
2026-03-01,2026,3,"Oranges, Navel",lb. (453.6 gm),Fruit,1.483,APU0000711311
2026-04-01,2026,4,"Oranges, Navel",lb. (453.6 gm),Fruit,1.504,APU0000711311
2026-05-01,2026,5,"Oranges, Navel",lb. (453.6 gm),Fruit,1.542,APU0000711311
2026-06-01,2026,6,"Oranges, Navel",lb. (453.6 gm),Fruit,1.54,APU0000711311
2016-06-01,2016,6,"Pears, Anjou",lb. (453.6 gm),Fruit,1.65,APU0000711413
2016-07-01,2016,7,"Pears, Anjou",lb. (453.6 gm),Fruit,1.684,APU0000711413
2016-10-01,2016,10,"Pears, Anjou",lb. (453.6 gm),Fruit,1.682,APU0000711413
2016-11-01,2016,11,"Pears, Anjou",lb. (453.6 gm),Fruit,1.726,APU0000711413
2016-12-01,2016,12,"Pears, Anjou",lb. (453.6 gm),Fruit,1.628,APU0000711413
2017-01-01,2017,1,"Pears, Anjou",lb. (453.6 gm),Fruit,1.577,APU0000711413
2017-02-01,2017,2,"Pears, Anjou",lb. (453.6 gm),Fruit,1.57,APU0000711413
2017-03-01,2017,3,"Pears, Anjou",lb. (453.6 gm),Fruit,1.599,APU0000711413
2017-04-01,2017,4,"Pears, Anjou",lb. (453.6 gm),Fruit,1.602,APU0000711413
2017-05-01,2017,5,"Pears, Anjou",lb. (453.6 gm),Fruit,1.597,APU0000711413
2017-06-01,2017,6,"Pears, Anjou",lb. (453.6 gm),Fruit,1.639,APU0000711413
2017-07-01,2017,7,"Pears, Anjou",lb. (453.6 gm),Fruit,1.629,APU0000711413
2017-08-01,2017,8,"Pears, Anjou",lb. (453.6 gm),Fruit,1.653,APU0000711413
2017-11-01,2017,11,"Pears, Anjou",lb. (453.6 gm),Fruit,1.614,APU0000711413
2017-12-01,2017,12,"Pears, Anjou",lb. (453.6 gm),Fruit,1.545,APU0000711413
2018-01-01,2018,1,"Pears, Anjou",lb. (453.6 gm),Fruit,1.641,APU0000711413
2018-02-01,2018,2,"Pears, Anjou",lb. (453.6 gm),Fruit,1.56,APU0000711413
2018-03-01,2018,3,"Pears, Anjou",lb. (453.6 gm),Fruit,1.558,APU0000711413
2018-04-01,2018,4,"Pears, Anjou",lb. (453.6 gm),Fruit,1.521,APU0000711413
2018-05-01,2018,5,"Pears, Anjou",lb. (453.6 gm),Fruit,1.568,APU0000711413
2018-06-01,2018,6,"Pears, Anjou",lb. (453.6 gm),Fruit,1.621,APU0000711413
2018-07-01,2018,7,"Pears, Anjou",lb. (453.6 gm),Fruit,1.662,APU0000711413
2018-11-01,2018,11,"Pears, Anjou",lb. (453.6 gm),Fruit,1.513,APU0000711413
2018-12-01,2018,12,"Pears, Anjou",lb. (453.6 gm),Fruit,1.57,APU0000711413
2019-01-01,2019,1,"Pears, Anjou",lb. (453.6 gm),Fruit,1.634,APU0000711413
2019-02-01,2019,2,"Pears, Anjou",lb. (453.6 gm),Fruit,1.586,APU0000711413
2019-03-01,2019,3,"Pears, Anjou",lb. (453.6 gm),Fruit,1.601,APU0000711413
2019-04-01,2019,4,"Pears, Anjou",lb. (453.6 gm),Fruit,1.601,APU0000711413
2019-05-01,2019,5,"Pears, Anjou",lb. (453.6 gm),Fruit,1.635,APU0000711413
2019-06-01,2019,6,"Pears, Anjou",lb. (453.6 gm),Fruit,1.614,APU0000711413
2019-07-01,2019,7,"Pears, Anjou",lb. (453.6 gm),Fruit,1.552,APU0000711413
2015-01-01,2015,1,"Peppers, sweet",lb. (453.6 gm),Vegetables,2.427,APU0000712406
2015-02-01,2015,2,"Peppers, sweet",lb. (453.6 gm),Vegetables,2.196,APU0000712406
2015-03-01,2015,3,"Peppers, sweet",lb. (453.6 gm),Vegetables,2.355,APU0000712406
2015-04-01,2015,4,"Peppers, sweet",lb. (453.6 gm),Vegetables,2.475,APU0000712406
2015-05-01,2015,5,"Peppers, sweet",lb. (453.6 gm),Vegetables,2.482,APU0000712406
2015-06-01,2015,6,"Peppers, sweet",lb. (453.6 gm),Vegetables,2.19,APU0000712406
2015-07-01,2015,7,"Peppers, sweet",lb. (453.6 gm),Vegetables,2.509,APU0000712406
2015-08-01,2015,8,"Peppers, sweet",lb. (453.6 gm),Vegetables,2.595,APU0000712406
2015-09-01,2015,9,"Peppers, sweet",lb. (453.6 gm),Vegetables,2.66,APU0000712406
2015-10-01,2015,10,"Peppers, sweet",lb. (453.6 gm),Vegetables,2.501,APU0000712406
2016-04-01,2016,4,"Peppers, sweet",lb. (453.6 gm),Vegetables,2.888,APU0000712406
2016-05-01,2016,5,"Peppers, sweet",lb. (453.6 gm),Vegetables,2.679,APU0000712406
2016-06-01,2016,6,"Peppers, sweet",lb. (453.6 gm),Vegetables,2.497,APU0000712406
2016-07-01,2016,7,"Peppers, sweet",lb. (453.6 gm),Vegetables,2.216,APU0000712406
2016-08-01,2016,8,"Peppers, sweet",lb. (453.6 gm),Vegetables,2.224,APU0000712406
2016-09-01,2016,9,"Peppers, sweet",lb. (453.6 gm),Vegetables,2.121,APU0000712406
2016-10-01,2016,10,"Peppers, sweet",lb. (453.6 gm),Vegetables,2.213,APU0000712406
2016-11-01,2016,11,"Peppers, sweet",lb. (453.6 gm),Vegetables,2.361,APU0000712406
2016-12-01,2016,12,"Peppers, sweet",lb. (453.6 gm),Vegetables,2.199,APU0000712406
2017-01-01,2017,1,"Peppers, sweet",lb. (453.6 gm),Vegetables,2.238,APU0000712406
2017-02-01,2017,2,"Peppers, sweet",lb. (453.6 gm),Vegetables,2.043,APU0000712406
2017-03-01,2017,3,"Peppers, sweet",lb. (453.6 gm),Vegetables,2.145,APU0000712406
2017-04-01,2017,4,"Peppers, sweet",lb. (453.6 gm),Vegetables,2.331,APU0000712406
2017-05-01,2017,5,"Peppers, sweet",lb. (453.6 gm),Vegetables,2.331,APU0000712406
2017-06-01,2017,6,"Peppers, sweet",lb. (453.6 gm),Vegetables,2.19,APU0000712406
2017-07-01,2017,7,"Peppers, sweet",lb. (453.6 gm),Vegetables,2.223,APU0000712406
2017-08-01,2017,8,"Peppers, sweet",lb. (453.6 gm),Vegetables,2.168,APU0000712406
2017-09-01,2017,9,"Peppers, sweet",lb. (453.6 gm),Vegetables,2.099,APU0000712406
2017-10-01,2017,10,"Peppers, sweet",lb. (453.6 gm),Vegetables,2.197,APU0000712406
2017-11-01,2017,11,"Peppers, sweet",lb. (453.6 gm),Vegetables,2.251,APU0000712406
2017-12-01,2017,12,"Peppers, sweet",lb. (453.6 gm),Vegetables,2.422,APU0000712406
2018-01-01,2018,1,"Peppers, sweet",lb. (453.6 gm),Vegetables,2.347,APU0000712406
2018-02-01,2018,2,"Peppers, sweet",lb. (453.6 gm),Vegetables,2.278,APU0000712406
2018-03-01,2018,3,"Peppers, sweet",lb. (453.6 gm),Vegetables,2.225,APU0000712406
2018-04-01,2018,4,"Peppers, sweet",lb. (453.6 gm),Vegetables,2.343,APU0000712406
2018-05-01,2018,5,"Peppers, sweet",lb. (453.6 gm),Vegetables,2.366,APU0000712406
2018-06-01,2018,6,"Peppers, sweet",lb. (453.6 gm),Vegetables,2.27,APU0000712406
2018-07-01,2018,7,"Peppers, sweet",lb. (453.6 gm),Vegetables,2.513,APU0000712406
2018-08-01,2018,8,"Peppers, sweet",lb. (453.6 gm),Vegetables,2.328,APU0000712406
2018-09-01,2018,9,"Peppers, sweet",lb. (453.6 gm),Vegetables,2.328,APU0000712406
2018-10-01,2018,10,"Peppers, sweet",lb. (453.6 gm),Vegetables,2.281,APU0000712406
2018-11-01,2018,11,"Peppers, sweet",lb. (453.6 gm),Vegetables,2.485,APU0000712406
2018-12-01,2018,12,"Peppers, sweet",lb. (453.6 gm),Vegetables,2.652,APU0000712406
2019-01-01,2019,1,"Peppers, sweet",lb. (453.6 gm),Vegetables,2.493,APU0000712406
2019-02-01,2019,2,"Peppers, sweet",lb. (453.6 gm),Vegetables,2.49,APU0000712406
2019-03-01,2019,3,"Peppers, sweet",lb. (453.6 gm),Vegetables,2.498,APU0000712406
2019-04-01,2019,4,"Peppers, sweet",lb. (453.6 gm),Vegetables,2.426,APU0000712406
2019-05-01,2019,5,"Peppers, sweet",lb. (453.6 gm),Vegetables,2.313,APU0000712406
2019-06-01,2019,6,"Peppers, sweet",lb. (453.6 gm),Vegetables,2.364,APU0000712406
2019-07-01,2019,7,"Peppers, sweet",lb. (453.6 gm),Vegetables,2.42,APU0000712406
2019-08-01,2019,8,"Peppers, sweet",lb. (453.6 gm),Vegetables,2.371,APU0000712406
2019-09-01,2019,9,"Peppers, sweet",lb. (453.6 gm),Vegetables,2.412,APU0000712406
2019-10-01,2019,10,"Peppers, sweet",lb. (453.6 gm),Vegetables,2.228,APU0000712406
2019-11-01,2019,11,"Peppers, sweet",lb. (453.6 gm),Vegetables,2.307,APU0000712406
2019-12-01,2019,12,"Peppers, sweet",lb. (453.6 gm),Vegetables,2.501,APU0000712406
2020-01-01,2020,1,"Peppers, sweet",lb. (453.6 gm),Vegetables,2.493,APU0000712406
2020-02-01,2020,2,"Peppers, sweet",lb. (453.6 gm),Vegetables,2.43,APU0000712406
2020-03-01,2020,3,"Peppers, sweet",lb. (453.6 gm),Vegetables,2.437,APU0000712406
2015-01-01,2015,1,Potato chips,16 oz.,Vegetables,4.263,APU0000718311
2015-02-01,2015,2,Potato chips,16 oz.,Vegetables,4.298,APU0000718311
2015-03-01,2015,3,Potato chips,16 oz.,Vegetables,4.4,APU0000718311
2015-04-01,2015,4,Potato chips,16 oz.,Vegetables,4.412,APU0000718311
2015-05-01,2015,5,Potato chips,16 oz.,Vegetables,4.427,APU0000718311
2015-06-01,2015,6,Potato chips,16 oz.,Vegetables,4.442,APU0000718311
2015-07-01,2015,7,Potato chips,16 oz.,Vegetables,4.48,APU0000718311
2015-08-01,2015,8,Potato chips,16 oz.,Vegetables,4.411,APU0000718311
2015-09-01,2015,9,Potato chips,16 oz.,Vegetables,4.504,APU0000718311
2015-10-01,2015,10,Potato chips,16 oz.,Vegetables,4.355,APU0000718311
2015-11-01,2015,11,Potato chips,16 oz.,Vegetables,4.49,APU0000718311
2015-12-01,2015,12,Potato chips,16 oz.,Vegetables,4.413,APU0000718311
2016-01-01,2016,1,Potato chips,16 oz.,Vegetables,4.444,APU0000718311
2016-02-01,2016,2,Potato chips,16 oz.,Vegetables,4.421,APU0000718311
2016-03-01,2016,3,Potato chips,16 oz.,Vegetables,4.622,APU0000718311
2016-04-01,2016,4,Potato chips,16 oz.,Vegetables,4.544,APU0000718311
2016-05-01,2016,5,Potato chips,16 oz.,Vegetables,4.462,APU0000718311
2016-06-01,2016,6,Potato chips,16 oz.,Vegetables,4.477,APU0000718311
2016-07-01,2016,7,Potato chips,16 oz.,Vegetables,4.444,APU0000718311
2016-08-01,2016,8,Potato chips,16 oz.,Vegetables,4.427,APU0000718311
2016-09-01,2016,9,Potato chips,16 oz.,Vegetables,4.44,APU0000718311
2016-10-01,2016,10,Potato chips,16 oz.,Vegetables,4.507,APU0000718311
2016-11-01,2016,11,Potato chips,16 oz.,Vegetables,4.391,APU0000718311
2016-12-01,2016,12,Potato chips,16 oz.,Vegetables,4.353,APU0000718311
2017-01-01,2017,1,Potato chips,16 oz.,Vegetables,4.39,APU0000718311
2017-02-01,2017,2,Potato chips,16 oz.,Vegetables,4.334,APU0000718311
2017-03-01,2017,3,Potato chips,16 oz.,Vegetables,4.365,APU0000718311
2017-04-01,2017,4,Potato chips,16 oz.,Vegetables,4.369,APU0000718311
2017-05-01,2017,5,Potato chips,16 oz.,Vegetables,4.439,APU0000718311
2017-06-01,2017,6,Potato chips,16 oz.,Vegetables,4.428,APU0000718311
2017-07-01,2017,7,Potato chips,16 oz.,Vegetables,4.391,APU0000718311
2017-08-01,2017,8,Potato chips,16 oz.,Vegetables,4.37,APU0000718311
2017-09-01,2017,9,Potato chips,16 oz.,Vegetables,4.389,APU0000718311
2017-10-01,2017,10,Potato chips,16 oz.,Vegetables,4.48,APU0000718311
2017-11-01,2017,11,Potato chips,16 oz.,Vegetables,4.521,APU0000718311
2017-12-01,2017,12,Potato chips,16 oz.,Vegetables,4.431,APU0000718311
2018-01-01,2018,1,Potato chips,16 oz.,Vegetables,4.386,APU0000718311
2018-02-01,2018,2,Potato chips,16 oz.,Vegetables,4.344,APU0000718311
2018-03-01,2018,3,Potato chips,16 oz.,Vegetables,4.446,APU0000718311
2018-04-01,2018,4,Potato chips,16 oz.,Vegetables,4.448,APU0000718311
2018-05-01,2018,5,Potato chips,16 oz.,Vegetables,4.491,APU0000718311
2018-06-01,2018,6,Potato chips,16 oz.,Vegetables,4.441,APU0000718311
2018-07-01,2018,7,Potato chips,16 oz.,Vegetables,4.407,APU0000718311
2018-08-01,2018,8,Potato chips,16 oz.,Vegetables,4.446,APU0000718311
2018-09-01,2018,9,Potato chips,16 oz.,Vegetables,4.432,APU0000718311
2018-10-01,2018,10,Potato chips,16 oz.,Vegetables,4.473,APU0000718311
2018-11-01,2018,11,Potato chips,16 oz.,Vegetables,4.59,APU0000718311
2018-12-01,2018,12,Potato chips,16 oz.,Vegetables,4.447,APU0000718311
2019-01-01,2019,1,Potato chips,16 oz.,Vegetables,4.432,APU0000718311
2019-02-01,2019,2,Potato chips,16 oz.,Vegetables,4.503,APU0000718311
2019-03-01,2019,3,Potato chips,16 oz.,Vegetables,4.587,APU0000718311
2019-04-01,2019,4,Potato chips,16 oz.,Vegetables,4.508,APU0000718311
2019-05-01,2019,5,Potato chips,16 oz.,Vegetables,4.407,APU0000718311
2019-06-01,2019,6,Potato chips,16 oz.,Vegetables,4.452,APU0000718311
2019-07-01,2019,7,Potato chips,16 oz.,Vegetables,4.377,APU0000718311
2019-08-01,2019,8,Potato chips,16 oz.,Vegetables,4.382,APU0000718311
2019-09-01,2019,9,Potato chips,16 oz.,Vegetables,4.561,APU0000718311
2019-10-01,2019,10,Potato chips,16 oz.,Vegetables,4.389,APU0000718311
2019-11-01,2019,11,Potato chips,16 oz.,Vegetables,4.692,APU0000718311
2019-12-01,2019,12,Potato chips,16 oz.,Vegetables,4.532,APU0000718311
2020-01-01,2020,1,Potato chips,16 oz.,Vegetables,4.494,APU0000718311
2020-02-01,2020,2,Potato chips,16 oz.,Vegetables,4.594,APU0000718311
2020-03-01,2020,3,Potato chips,16 oz.,Vegetables,4.63,APU0000718311
2020-04-01,2020,4,Potato chips,16 oz.,Vegetables,4.88,APU0000718311
2020-05-01,2020,5,Potato chips,16 oz.,Vegetables,4.985,APU0000718311
2020-06-01,2020,6,Potato chips,16 oz.,Vegetables,5.087,APU0000718311
2020-07-01,2020,7,Potato chips,16 oz.,Vegetables,5.104,APU0000718311
2020-08-01,2020,8,Potato chips,16 oz.,Vegetables,5.07,APU0000718311
2020-09-01,2020,9,Potato chips,16 oz.,Vegetables,5.024,APU0000718311
2020-10-01,2020,10,Potato chips,16 oz.,Vegetables,5.039,APU0000718311
2020-11-01,2020,11,Potato chips,16 oz.,Vegetables,5.085,APU0000718311
2020-12-01,2020,12,Potato chips,16 oz.,Vegetables,5.077,APU0000718311
2021-01-01,2021,1,Potato chips,16 oz.,Vegetables,4.942,APU0000718311
2021-02-01,2021,2,Potato chips,16 oz.,Vegetables,5.046,APU0000718311
2021-03-01,2021,3,Potato chips,16 oz.,Vegetables,5.043,APU0000718311
2021-04-01,2021,4,Potato chips,16 oz.,Vegetables,5.092,APU0000718311
2021-05-01,2021,5,Potato chips,16 oz.,Vegetables,4.929,APU0000718311
2021-06-01,2021,6,Potato chips,16 oz.,Vegetables,5.02,APU0000718311
2021-07-01,2021,7,Potato chips,16 oz.,Vegetables,5.003,APU0000718311
2021-08-01,2021,8,Potato chips,16 oz.,Vegetables,5.111,APU0000718311
2021-09-01,2021,9,Potato chips,16 oz.,Vegetables,5.058,APU0000718311
2021-10-01,2021,10,Potato chips,16 oz.,Vegetables,5.273,APU0000718311
2021-11-01,2021,11,Potato chips,16 oz.,Vegetables,5.246,APU0000718311
2021-12-01,2021,12,Potato chips,16 oz.,Vegetables,5.15,APU0000718311
2022-01-01,2022,1,Potato chips,16 oz.,Vegetables,5.258,APU0000718311
2022-02-01,2022,2,Potato chips,16 oz.,Vegetables,5.363,APU0000718311
2022-03-01,2022,3,Potato chips,16 oz.,Vegetables,5.487,APU0000718311
2022-04-01,2022,4,Potato chips,16 oz.,Vegetables,5.601,APU0000718311
2022-05-01,2022,5,Potato chips,16 oz.,Vegetables,5.619,APU0000718311
2022-06-01,2022,6,Potato chips,16 oz.,Vegetables,5.766,APU0000718311
2022-07-01,2022,7,Potato chips,16 oz.,Vegetables,5.894,APU0000718311
2022-08-01,2022,8,Potato chips,16 oz.,Vegetables,5.941,APU0000718311
2022-09-01,2022,9,Potato chips,16 oz.,Vegetables,6.058,APU0000718311
2022-10-01,2022,10,Potato chips,16 oz.,Vegetables,6.402,APU0000718311
2022-11-01,2022,11,Potato chips,16 oz.,Vegetables,6.253,APU0000718311
2022-12-01,2022,12,Potato chips,16 oz.,Vegetables,6.283,APU0000718311
2023-01-01,2023,1,Potato chips,16 oz.,Vegetables,6.238,APU0000718311
2023-02-01,2023,2,Potato chips,16 oz.,Vegetables,6.171,APU0000718311
2023-03-01,2023,3,Potato chips,16 oz.,Vegetables,6.526,APU0000718311
2023-04-01,2023,4,Potato chips,16 oz.,Vegetables,6.623,APU0000718311
2023-05-01,2023,5,Potato chips,16 oz.,Vegetables,6.454,APU0000718311
2023-06-01,2023,6,Potato chips,16 oz.,Vegetables,6.283,APU0000718311
2023-07-01,2023,7,Potato chips,16 oz.,Vegetables,6.476,APU0000718311
2023-08-01,2023,8,Potato chips,16 oz.,Vegetables,6.463,APU0000718311
2023-09-01,2023,9,Potato chips,16 oz.,Vegetables,6.562,APU0000718311
2023-10-01,2023,10,Potato chips,16 oz.,Vegetables,6.682,APU0000718311
2023-11-01,2023,11,Potato chips,16 oz.,Vegetables,6.459,APU0000718311
2023-12-01,2023,12,Potato chips,16 oz.,Vegetables,6.408,APU0000718311
2024-01-01,2024,1,Potato chips,16 oz.,Vegetables,6.389,APU0000718311
2024-02-01,2024,2,Potato chips,16 oz.,Vegetables,6.41,APU0000718311
2024-03-01,2024,3,Potato chips,16 oz.,Vegetables,6.572,APU0000718311
2024-04-01,2024,4,Potato chips,16 oz.,Vegetables,6.504,APU0000718311
2024-05-01,2024,5,Potato chips,16 oz.,Vegetables,6.629,APU0000718311
2024-06-01,2024,6,Potato chips,16 oz.,Vegetables,6.566,APU0000718311
2024-07-01,2024,7,Potato chips,16 oz.,Vegetables,6.323,APU0000718311
2024-08-01,2024,8,Potato chips,16 oz.,Vegetables,6.246,APU0000718311
2024-09-01,2024,9,Potato chips,16 oz.,Vegetables,6.466,APU0000718311
2024-10-01,2024,10,Potato chips,16 oz.,Vegetables,6.517,APU0000718311
2024-11-01,2024,11,Potato chips,16 oz.,Vegetables,6.511,APU0000718311
2024-12-01,2024,12,Potato chips,16 oz.,Vegetables,6.324,APU0000718311
2025-01-01,2025,1,Potato chips,16 oz.,Vegetables,6.474,APU0000718311
2025-02-01,2025,2,Potato chips,16 oz.,Vegetables,6.462,APU0000718311
2025-03-01,2025,3,Potato chips,16 oz.,Vegetables,6.536,APU0000718311
2025-04-01,2025,4,Potato chips,16 oz.,Vegetables,6.611,APU0000718311
2025-05-01,2025,5,Potato chips,16 oz.,Vegetables,6.731,APU0000718311
2025-06-01,2025,6,Potato chips,16 oz.,Vegetables,6.815,APU0000718311
2025-07-01,2025,7,Potato chips,16 oz.,Vegetables,6.797,APU0000718311
2025-08-01,2025,8,Potato chips,16 oz.,Vegetables,6.751,APU0000718311
2025-09-01,2025,9,Potato chips,16 oz.,Vegetables,6.971,APU0000718311
2025-11-01,2025,11,Potato chips,16 oz.,Vegetables,6.821,APU0000718311
2025-12-01,2025,12,Potato chips,16 oz.,Vegetables,6.788,APU0000718311
2026-01-01,2026,1,Potato chips,16 oz.,Vegetables,6.629,APU0000718311
2026-02-01,2026,2,Potato chips,16 oz.,Vegetables,6.827,APU0000718311
2026-03-01,2026,3,Potato chips,16 oz.,Vegetables,6.712,APU0000718311
2026-04-01,2026,4,Potato chips,16 oz.,Vegetables,6.748,APU0000718311
2026-05-01,2026,5,Potato chips,16 oz.,Vegetables,6.58,APU0000718311
2026-06-01,2026,6,Potato chips,16 oz.,Vegetables,6.632,APU0000718311
2026-07-01,2026,7,Potato chips,16 oz.,Vegetables,6.559,APU0000718311
2015-01-01,2015,1,"Potatoes, white",lb. (453.6 gm),Vegetables,0.668,APU0000712112
2015-02-01,2015,2,"Potatoes, white",lb. (453.6 gm),Vegetables,0.646,APU0000712112
2015-03-01,2015,3,"Potatoes, white",lb. (453.6 gm),Vegetables,0.639,APU0000712112
2015-04-01,2015,4,"Potatoes, white",lb. (453.6 gm),Vegetables,0.645,APU0000712112
2015-05-01,2015,5,"Potatoes, white",lb. (453.6 gm),Vegetables,0.646,APU0000712112
2015-06-01,2015,6,"Potatoes, white",lb. (453.6 gm),Vegetables,0.647,APU0000712112
2015-07-01,2015,7,"Potatoes, white",lb. (453.6 gm),Vegetables,0.668,APU0000712112
2015-08-01,2015,8,"Potatoes, white",lb. (453.6 gm),Vegetables,0.661,APU0000712112
2015-09-01,2015,9,"Potatoes, white",lb. (453.6 gm),Vegetables,0.65,APU0000712112
2015-10-01,2015,10,"Potatoes, white",lb. (453.6 gm),Vegetables,0.655,APU0000712112
2015-11-01,2015,11,"Potatoes, white",lb. (453.6 gm),Vegetables,0.633,APU0000712112
2015-12-01,2015,12,"Potatoes, white",lb. (453.6 gm),Vegetables,0.637,APU0000712112
2016-01-01,2016,1,"Potatoes, white",lb. (453.6 gm),Vegetables,0.659,APU0000712112
2016-02-01,2016,2,"Potatoes, white",lb. (453.6 gm),Vegetables,0.659,APU0000712112
2016-03-01,2016,3,"Potatoes, white",lb. (453.6 gm),Vegetables,0.652,APU0000712112
2016-04-01,2016,4,"Potatoes, white",lb. (453.6 gm),Vegetables,0.652,APU0000712112
2016-05-01,2016,5,"Potatoes, white",lb. (453.6 gm),Vegetables,0.679,APU0000712112
2016-06-01,2016,6,"Potatoes, white",lb. (453.6 gm),Vegetables,0.688,APU0000712112
2016-07-01,2016,7,"Potatoes, white",lb. (453.6 gm),Vegetables,0.699,APU0000712112
2016-08-01,2016,8,"Potatoes, white",lb. (453.6 gm),Vegetables,0.711,APU0000712112
2016-09-01,2016,9,"Potatoes, white",lb. (453.6 gm),Vegetables,0.702,APU0000712112
2016-10-01,2016,10,"Potatoes, white",lb. (453.6 gm),Vegetables,0.691,APU0000712112
2016-11-01,2016,11,"Potatoes, white",lb. (453.6 gm),Vegetables,0.697,APU0000712112
2016-12-01,2016,12,"Potatoes, white",lb. (453.6 gm),Vegetables,0.686,APU0000712112
2017-01-01,2017,1,"Potatoes, white",lb. (453.6 gm),Vegetables,0.696,APU0000712112
2017-02-01,2017,2,"Potatoes, white",lb. (453.6 gm),Vegetables,0.703,APU0000712112
2017-03-01,2017,3,"Potatoes, white",lb. (453.6 gm),Vegetables,0.689,APU0000712112
2017-04-01,2017,4,"Potatoes, white",lb. (453.6 gm),Vegetables,0.698,APU0000712112
2017-05-01,2017,5,"Potatoes, white",lb. (453.6 gm),Vegetables,0.706,APU0000712112
2017-06-01,2017,6,"Potatoes, white",lb. (453.6 gm),Vegetables,0.733,APU0000712112
2017-07-01,2017,7,"Potatoes, white",lb. (453.6 gm),Vegetables,0.752,APU0000712112
2017-08-01,2017,8,"Potatoes, white",lb. (453.6 gm),Vegetables,0.75,APU0000712112
2017-09-01,2017,9,"Potatoes, white",lb. (453.6 gm),Vegetables,0.745,APU0000712112
2017-10-01,2017,10,"Potatoes, white",lb. (453.6 gm),Vegetables,0.748,APU0000712112
2017-11-01,2017,11,"Potatoes, white",lb. (453.6 gm),Vegetables,0.733,APU0000712112
2017-12-01,2017,12,"Potatoes, white",lb. (453.6 gm),Vegetables,0.731,APU0000712112
2018-01-01,2018,1,"Potatoes, white",lb. (453.6 gm),Vegetables,0.73,APU0000712112
2018-02-01,2018,2,"Potatoes, white",lb. (453.6 gm),Vegetables,0.736,APU0000712112
2018-03-01,2018,3,"Potatoes, white",lb. (453.6 gm),Vegetables,0.727,APU0000712112
2018-04-01,2018,4,"Potatoes, white",lb. (453.6 gm),Vegetables,0.728,APU0000712112
2018-05-01,2018,5,"Potatoes, white",lb. (453.6 gm),Vegetables,0.739,APU0000712112
2018-06-01,2018,6,"Potatoes, white",lb. (453.6 gm),Vegetables,0.744,APU0000712112
2018-07-01,2018,7,"Potatoes, white",lb. (453.6 gm),Vegetables,0.765,APU0000712112
2018-08-01,2018,8,"Potatoes, white",lb. (453.6 gm),Vegetables,0.768,APU0000712112
2018-09-01,2018,9,"Potatoes, white",lb. (453.6 gm),Vegetables,0.75,APU0000712112
2018-10-01,2018,10,"Potatoes, white",lb. (453.6 gm),Vegetables,0.746,APU0000712112
2018-11-01,2018,11,"Potatoes, white",lb. (453.6 gm),Vegetables,0.725,APU0000712112
2018-12-01,2018,12,"Potatoes, white",lb. (453.6 gm),Vegetables,0.718,APU0000712112
2019-01-01,2019,1,"Potatoes, white",lb. (453.6 gm),Vegetables,0.749,APU0000712112
2019-02-01,2019,2,"Potatoes, white",lb. (453.6 gm),Vegetables,0.751,APU0000712112
2019-03-01,2019,3,"Potatoes, white",lb. (453.6 gm),Vegetables,0.755,APU0000712112
2019-04-01,2019,4,"Potatoes, white",lb. (453.6 gm),Vegetables,0.749,APU0000712112
2019-05-01,2019,5,"Potatoes, white",lb. (453.6 gm),Vegetables,0.772,APU0000712112
2019-06-01,2019,6,"Potatoes, white",lb. (453.6 gm),Vegetables,0.743,APU0000712112
2019-07-01,2019,7,"Potatoes, white",lb. (453.6 gm),Vegetables,0.78,APU0000712112
2019-08-01,2019,8,"Potatoes, white",lb. (453.6 gm),Vegetables,0.786,APU0000712112
2019-09-01,2019,9,"Potatoes, white",lb. (453.6 gm),Vegetables,0.794,APU0000712112
2019-10-01,2019,10,"Potatoes, white",lb. (453.6 gm),Vegetables,0.785,APU0000712112
2019-11-01,2019,11,"Potatoes, white",lb. (453.6 gm),Vegetables,0.764,APU0000712112
2019-12-01,2019,12,"Potatoes, white",lb. (453.6 gm),Vegetables,0.78,APU0000712112
2020-01-01,2020,1,"Potatoes, white",lb. (453.6 gm),Vegetables,0.802,APU0000712112
2020-02-01,2020,2,"Potatoes, white",lb. (453.6 gm),Vegetables,0.786,APU0000712112
2020-05-01,2020,5,"Potatoes, white",lb. (453.6 gm),Vegetables,0.855,APU0000712112
2020-06-01,2020,6,"Potatoes, white",lb. (453.6 gm),Vegetables,0.854,APU0000712112
2020-07-01,2020,7,"Potatoes, white",lb. (453.6 gm),Vegetables,0.854,APU0000712112
2020-08-01,2020,8,"Potatoes, white",lb. (453.6 gm),Vegetables,0.856,APU0000712112
2020-09-01,2020,9,"Potatoes, white",lb. (453.6 gm),Vegetables,0.798,APU0000712112
2020-10-01,2020,10,"Potatoes, white",lb. (453.6 gm),Vegetables,0.802,APU0000712112
2020-11-01,2020,11,"Potatoes, white",lb. (453.6 gm),Vegetables,0.756,APU0000712112
2020-12-01,2020,12,"Potatoes, white",lb. (453.6 gm),Vegetables,0.749,APU0000712112
2021-01-01,2021,1,"Potatoes, white",lb. (453.6 gm),Vegetables,0.782,APU0000712112
2021-02-01,2021,2,"Potatoes, white",lb. (453.6 gm),Vegetables,0.762,APU0000712112
2021-03-01,2021,3,"Potatoes, white",lb. (453.6 gm),Vegetables,0.786,APU0000712112
2021-04-01,2021,4,"Potatoes, white",lb. (453.6 gm),Vegetables,0.774,APU0000712112
2021-05-01,2021,5,"Potatoes, white",lb. (453.6 gm),Vegetables,0.764,APU0000712112
2021-06-01,2021,6,"Potatoes, white",lb. (453.6 gm),Vegetables,0.769,APU0000712112
2021-07-01,2021,7,"Potatoes, white",lb. (453.6 gm),Vegetables,0.776,APU0000712112
2021-08-01,2021,8,"Potatoes, white",lb. (453.6 gm),Vegetables,0.797,APU0000712112
2021-09-01,2021,9,"Potatoes, white",lb. (453.6 gm),Vegetables,0.798,APU0000712112
2021-10-01,2021,10,"Potatoes, white",lb. (453.6 gm),Vegetables,0.808,APU0000712112
2021-11-01,2021,11,"Potatoes, white",lb. (453.6 gm),Vegetables,0.767,APU0000712112
2021-12-01,2021,12,"Potatoes, white",lb. (453.6 gm),Vegetables,0.778,APU0000712112
2022-01-01,2022,1,"Potatoes, white",lb. (453.6 gm),Vegetables,0.792,APU0000712112
2022-02-01,2022,2,"Potatoes, white",lb. (453.6 gm),Vegetables,0.802,APU0000712112
2022-03-01,2022,3,"Potatoes, white",lb. (453.6 gm),Vegetables,0.825,APU0000712112
2022-04-01,2022,4,"Potatoes, white",lb. (453.6 gm),Vegetables,0.849,APU0000712112
2022-05-01,2022,5,"Potatoes, white",lb. (453.6 gm),Vegetables,0.875,APU0000712112
2022-06-01,2022,6,"Potatoes, white",lb. (453.6 gm),Vegetables,0.891,APU0000712112
2022-07-01,2022,7,"Potatoes, white",lb. (453.6 gm),Vegetables,0.945,APU0000712112
2022-08-01,2022,8,"Potatoes, white",lb. (453.6 gm),Vegetables,0.994,APU0000712112
2022-09-01,2022,9,"Potatoes, white",lb. (453.6 gm),Vegetables,1.019,APU0000712112
2022-10-01,2022,10,"Potatoes, white",lb. (453.6 gm),Vegetables,0.991,APU0000712112
2022-11-01,2022,11,"Potatoes, white",lb. (453.6 gm),Vegetables,0.945,APU0000712112
2022-12-01,2022,12,"Potatoes, white",lb. (453.6 gm),Vegetables,0.948,APU0000712112
2023-01-01,2023,1,"Potatoes, white",lb. (453.6 gm),Vegetables,0.953,APU0000712112
2023-02-01,2023,2,"Potatoes, white",lb. (453.6 gm),Vegetables,0.978,APU0000712112
2023-03-01,2023,3,"Potatoes, white",lb. (453.6 gm),Vegetables,0.968,APU0000712112
2023-04-01,2023,4,"Potatoes, white",lb. (453.6 gm),Vegetables,0.98,APU0000712112
2023-05-01,2023,5,"Potatoes, white",lb. (453.6 gm),Vegetables,1.008,APU0000712112
2023-06-01,2023,6,"Potatoes, white",lb. (453.6 gm),Vegetables,1.026,APU0000712112
2023-07-01,2023,7,"Potatoes, white",lb. (453.6 gm),Vegetables,1.051,APU0000712112
2023-08-01,2023,8,"Potatoes, white",lb. (453.6 gm),Vegetables,1.094,APU0000712112
2023-09-01,2023,9,"Potatoes, white",lb. (453.6 gm),Vegetables,1.047,APU0000712112
2023-10-01,2023,10,"Potatoes, white",lb. (453.6 gm),Vegetables,1.006,APU0000712112
2023-11-01,2023,11,"Potatoes, white",lb. (453.6 gm),Vegetables,0.983,APU0000712112
2023-12-01,2023,12,"Potatoes, white",lb. (453.6 gm),Vegetables,0.961,APU0000712112
2024-01-01,2024,1,"Potatoes, white",lb. (453.6 gm),Vegetables,0.978,APU0000712112
2024-02-01,2024,2,"Potatoes, white",lb. (453.6 gm),Vegetables,0.971,APU0000712112
2024-03-01,2024,3,"Potatoes, white",lb. (453.6 gm),Vegetables,0.972,APU0000712112
2024-04-01,2024,4,"Potatoes, white",lb. (453.6 gm),Vegetables,0.971,APU0000712112
2024-05-01,2024,5,"Potatoes, white",lb. (453.6 gm),Vegetables,0.964,APU0000712112
2024-06-01,2024,6,"Potatoes, white",lb. (453.6 gm),Vegetables,0.993,APU0000712112
2024-07-01,2024,7,"Potatoes, white",lb. (453.6 gm),Vegetables,1.017,APU0000712112
2024-08-01,2024,8,"Potatoes, white",lb. (453.6 gm),Vegetables,1.006,APU0000712112
2024-09-01,2024,9,"Potatoes, white",lb. (453.6 gm),Vegetables,1.009,APU0000712112
2024-10-01,2024,10,"Potatoes, white",lb. (453.6 gm),Vegetables,0.998,APU0000712112
2024-11-01,2024,11,"Potatoes, white",lb. (453.6 gm),Vegetables,0.956,APU0000712112
2024-12-01,2024,12,"Potatoes, white",lb. (453.6 gm),Vegetables,0.949,APU0000712112
2025-01-01,2025,1,"Potatoes, white",lb. (453.6 gm),Vegetables,0.973,APU0000712112
2025-02-01,2025,2,"Potatoes, white",lb. (453.6 gm),Vegetables,0.957,APU0000712112
2025-03-01,2025,3,"Potatoes, white",lb. (453.6 gm),Vegetables,0.95,APU0000712112
2025-04-01,2025,4,"Potatoes, white",lb. (453.6 gm),Vegetables,0.967,APU0000712112
2025-05-01,2025,5,"Potatoes, white",lb. (453.6 gm),Vegetables,0.958,APU0000712112
2025-06-01,2025,6,"Potatoes, white",lb. (453.6 gm),Vegetables,0.981,APU0000712112
2025-07-01,2025,7,"Potatoes, white",lb. (453.6 gm),Vegetables,0.978,APU0000712112
2025-08-01,2025,8,"Potatoes, white",lb. (453.6 gm),Vegetables,1.001,APU0000712112
2025-09-01,2025,9,"Potatoes, white",lb. (453.6 gm),Vegetables,1.014,APU0000712112
2025-12-01,2025,12,"Potatoes, white",lb. (453.6 gm),Vegetables,0.847,APU0000712112
2026-01-01,2026,1,"Potatoes, white",lb. (453.6 gm),Vegetables,0.871,APU0000712112
2026-02-01,2026,2,"Potatoes, white",lb. (453.6 gm),Vegetables,0.866,APU0000712112
2026-03-01,2026,3,"Potatoes, white",lb. (453.6 gm),Vegetables,0.847,APU0000712112
2026-04-01,2026,4,"Potatoes, white",lb. (453.6 gm),Vegetables,0.86,APU0000712112
2026-05-01,2026,5,"Potatoes, white",lb. (453.6 gm),Vegetables,0.894,APU0000712112
2026-06-01,2026,6,"Potatoes, white",lb. (453.6 gm),Vegetables,0.923,APU0000712112
2026-07-01,2026,7,"Potatoes, white",lb. (453.6 gm),Vegetables,0.942,APU0000712112
2015-01-01,2015,1,"Rice, white, long grain, uncooked",lb. (453.6 gm),Bakery and grains,0.692,APU0000701312
2015-02-01,2015,2,"Rice, white, long grain, uncooked",lb. (453.6 gm),Bakery and grains,0.689,APU0000701312
2015-03-01,2015,3,"Rice, white, long grain, uncooked",lb. (453.6 gm),Bakery and grains,0.67,APU0000701312
2015-04-01,2015,4,"Rice, white, long grain, uncooked",lb. (453.6 gm),Bakery and grains,0.67,APU0000701312
2015-05-01,2015,5,"Rice, white, long grain, uncooked",lb. (453.6 gm),Bakery and grains,0.676,APU0000701312
2015-06-01,2015,6,"Rice, white, long grain, uncooked",lb. (453.6 gm),Bakery and grains,0.691,APU0000701312
2015-07-01,2015,7,"Rice, white, long grain, uncooked",lb. (453.6 gm),Bakery and grains,0.673,APU0000701312
2015-08-01,2015,8,"Rice, white, long grain, uncooked",lb. (453.6 gm),Bakery and grains,0.669,APU0000701312
2015-09-01,2015,9,"Rice, white, long grain, uncooked",lb. (453.6 gm),Bakery and grains,0.662,APU0000701312
2015-10-01,2015,10,"Rice, white, long grain, uncooked",lb. (453.6 gm),Bakery and grains,0.69,APU0000701312
2015-11-01,2015,11,"Rice, white, long grain, uncooked",lb. (453.6 gm),Bakery and grains,0.732,APU0000701312
2015-12-01,2015,12,"Rice, white, long grain, uncooked",lb. (453.6 gm),Bakery and grains,0.711,APU0000701312
2016-01-01,2016,1,"Rice, white, long grain, uncooked",lb. (453.6 gm),Bakery and grains,0.709,APU0000701312
2016-02-01,2016,2,"Rice, white, long grain, uncooked",lb. (453.6 gm),Bakery and grains,0.707,APU0000701312
2016-03-01,2016,3,"Rice, white, long grain, uncooked",lb. (453.6 gm),Bakery and grains,0.711,APU0000701312
2016-04-01,2016,4,"Rice, white, long grain, uncooked",lb. (453.6 gm),Bakery and grains,0.703,APU0000701312
2016-05-01,2016,5,"Rice, white, long grain, uncooked",lb. (453.6 gm),Bakery and grains,0.747,APU0000701312
2016-06-01,2016,6,"Rice, white, long grain, uncooked",lb. (453.6 gm),Bakery and grains,0.734,APU0000701312
2016-07-01,2016,7,"Rice, white, long grain, uncooked",lb. (453.6 gm),Bakery and grains,0.74,APU0000701312
2016-08-01,2016,8,"Rice, white, long grain, uncooked",lb. (453.6 gm),Bakery and grains,0.729,APU0000701312
2016-09-01,2016,9,"Rice, white, long grain, uncooked",lb. (453.6 gm),Bakery and grains,0.721,APU0000701312
2016-10-01,2016,10,"Rice, white, long grain, uncooked",lb. (453.6 gm),Bakery and grains,0.697,APU0000701312
2016-11-01,2016,11,"Rice, white, long grain, uncooked",lb. (453.6 gm),Bakery and grains,0.703,APU0000701312
2016-12-01,2016,12,"Rice, white, long grain, uncooked",lb. (453.6 gm),Bakery and grains,0.693,APU0000701312
2017-01-01,2017,1,"Rice, white, long grain, uncooked",lb. (453.6 gm),Bakery and grains,0.7,APU0000701312
2017-02-01,2017,2,"Rice, white, long grain, uncooked",lb. (453.6 gm),Bakery and grains,0.695,APU0000701312
2017-03-01,2017,3,"Rice, white, long grain, uncooked",lb. (453.6 gm),Bakery and grains,0.692,APU0000701312
2017-04-01,2017,4,"Rice, white, long grain, uncooked",lb. (453.6 gm),Bakery and grains,0.686,APU0000701312
2017-05-01,2017,5,"Rice, white, long grain, uncooked",lb. (453.6 gm),Bakery and grains,0.726,APU0000701312
2017-06-01,2017,6,"Rice, white, long grain, uncooked",lb. (453.6 gm),Bakery and grains,0.752,APU0000701312
2017-07-01,2017,7,"Rice, white, long grain, uncooked",lb. (453.6 gm),Bakery and grains,0.764,APU0000701312
2017-08-01,2017,8,"Rice, white, long grain, uncooked",lb. (453.6 gm),Bakery and grains,0.753,APU0000701312
2017-09-01,2017,9,"Rice, white, long grain, uncooked",lb. (453.6 gm),Bakery and grains,0.741,APU0000701312
2017-10-01,2017,10,"Rice, white, long grain, uncooked",lb. (453.6 gm),Bakery and grains,0.723,APU0000701312
2017-11-01,2017,11,"Rice, white, long grain, uncooked",lb. (453.6 gm),Bakery and grains,0.712,APU0000701312
2017-12-01,2017,12,"Rice, white, long grain, uncooked",lb. (453.6 gm),Bakery and grains,0.711,APU0000701312
2018-01-01,2018,1,"Rice, white, long grain, uncooked",lb. (453.6 gm),Bakery and grains,0.682,APU0000701312
2018-02-01,2018,2,"Rice, white, long grain, uncooked",lb. (453.6 gm),Bakery and grains,0.691,APU0000701312
2018-03-01,2018,3,"Rice, white, long grain, uncooked",lb. (453.6 gm),Bakery and grains,0.682,APU0000701312
2018-04-01,2018,4,"Rice, white, long grain, uncooked",lb. (453.6 gm),Bakery and grains,0.685,APU0000701312
2018-05-01,2018,5,"Rice, white, long grain, uncooked",lb. (453.6 gm),Bakery and grains,0.698,APU0000701312
2018-06-01,2018,6,"Rice, white, long grain, uncooked",lb. (453.6 gm),Bakery and grains,0.689,APU0000701312
2018-07-01,2018,7,"Rice, white, long grain, uncooked",lb. (453.6 gm),Bakery and grains,0.69,APU0000701312
2018-08-01,2018,8,"Rice, white, long grain, uncooked",lb. (453.6 gm),Bakery and grains,0.705,APU0000701312
2018-09-01,2018,9,"Rice, white, long grain, uncooked",lb. (453.6 gm),Bakery and grains,0.693,APU0000701312
2018-10-01,2018,10,"Rice, white, long grain, uncooked",lb. (453.6 gm),Bakery and grains,0.685,APU0000701312
2018-11-01,2018,11,"Rice, white, long grain, uncooked",lb. (453.6 gm),Bakery and grains,0.711,APU0000701312
2018-12-01,2018,12,"Rice, white, long grain, uncooked",lb. (453.6 gm),Bakery and grains,0.712,APU0000701312
2019-01-01,2019,1,"Rice, white, long grain, uncooked",lb. (453.6 gm),Bakery and grains,0.73,APU0000701312
2019-02-01,2019,2,"Rice, white, long grain, uncooked",lb. (453.6 gm),Bakery and grains,0.762,APU0000701312
2019-03-01,2019,3,"Rice, white, long grain, uncooked",lb. (453.6 gm),Bakery and grains,0.757,APU0000701312
2019-04-01,2019,4,"Rice, white, long grain, uncooked",lb. (453.6 gm),Bakery and grains,0.767,APU0000701312
2019-05-01,2019,5,"Rice, white, long grain, uncooked",lb. (453.6 gm),Bakery and grains,0.761,APU0000701312
2019-06-01,2019,6,"Rice, white, long grain, uncooked",lb. (453.6 gm),Bakery and grains,0.801,APU0000701312
2019-07-01,2019,7,"Rice, white, long grain, uncooked",lb. (453.6 gm),Bakery and grains,0.798,APU0000701312
2019-08-01,2019,8,"Rice, white, long grain, uncooked",lb. (453.6 gm),Bakery and grains,0.793,APU0000701312
2019-09-01,2019,9,"Rice, white, long grain, uncooked",lb. (453.6 gm),Bakery and grains,0.797,APU0000701312
2019-10-01,2019,10,"Rice, white, long grain, uncooked",lb. (453.6 gm),Bakery and grains,0.773,APU0000701312
2019-11-01,2019,11,"Rice, white, long grain, uncooked",lb. (453.6 gm),Bakery and grains,0.721,APU0000701312
2019-12-01,2019,12,"Rice, white, long grain, uncooked",lb. (453.6 gm),Bakery and grains,0.714,APU0000701312
2020-01-01,2020,1,"Rice, white, long grain, uncooked",lb. (453.6 gm),Bakery and grains,0.716,APU0000701312
2020-02-01,2020,2,"Rice, white, long grain, uncooked",lb. (453.6 gm),Bakery and grains,0.734,APU0000701312
2020-03-01,2020,3,"Rice, white, long grain, uncooked",lb. (453.6 gm),Bakery and grains,0.733,APU0000701312
2020-05-01,2020,5,"Rice, white, long grain, uncooked",lb. (453.6 gm),Bakery and grains,0.748,APU0000701312
2020-06-01,2020,6,"Rice, white, long grain, uncooked",lb. (453.6 gm),Bakery and grains,0.749,APU0000701312
2020-07-01,2020,7,"Rice, white, long grain, uncooked",lb. (453.6 gm),Bakery and grains,0.772,APU0000701312
2020-08-01,2020,8,"Rice, white, long grain, uncooked",lb. (453.6 gm),Bakery and grains,0.769,APU0000701312
2020-09-01,2020,9,"Rice, white, long grain, uncooked",lb. (453.6 gm),Bakery and grains,0.777,APU0000701312
2020-10-01,2020,10,"Rice, white, long grain, uncooked",lb. (453.6 gm),Bakery and grains,0.766,APU0000701312
2020-11-01,2020,11,"Rice, white, long grain, uncooked",lb. (453.6 gm),Bakery and grains,0.791,APU0000701312
2020-12-01,2020,12,"Rice, white, long grain, uncooked",lb. (453.6 gm),Bakery and grains,0.789,APU0000701312
2021-01-01,2021,1,"Rice, white, long grain, uncooked",lb. (453.6 gm),Bakery and grains,0.794,APU0000701312
2021-02-01,2021,2,"Rice, white, long grain, uncooked",lb. (453.6 gm),Bakery and grains,0.779,APU0000701312
2021-03-01,2021,3,"Rice, white, long grain, uncooked",lb. (453.6 gm),Bakery and grains,0.772,APU0000701312
2021-04-01,2021,4,"Rice, white, long grain, uncooked",lb. (453.6 gm),Bakery and grains,0.785,APU0000701312
2021-05-01,2021,5,"Rice, white, long grain, uncooked",lb. (453.6 gm),Bakery and grains,0.801,APU0000701312
2021-06-01,2021,6,"Rice, white, long grain, uncooked",lb. (453.6 gm),Bakery and grains,0.778,APU0000701312
2021-07-01,2021,7,"Rice, white, long grain, uncooked",lb. (453.6 gm),Bakery and grains,0.782,APU0000701312
2021-08-01,2021,8,"Rice, white, long grain, uncooked",lb. (453.6 gm),Bakery and grains,0.784,APU0000701312
2021-09-01,2021,9,"Rice, white, long grain, uncooked",lb. (453.6 gm),Bakery and grains,0.798,APU0000701312
2021-10-01,2021,10,"Rice, white, long grain, uncooked",lb. (453.6 gm),Bakery and grains,0.788,APU0000701312
2021-11-01,2021,11,"Rice, white, long grain, uncooked",lb. (453.6 gm),Bakery and grains,0.844,APU0000701312
2021-12-01,2021,12,"Rice, white, long grain, uncooked",lb. (453.6 gm),Bakery and grains,0.82,APU0000701312
2022-01-01,2022,1,"Rice, white, long grain, uncooked",lb. (453.6 gm),Bakery and grains,0.832,APU0000701312
2022-02-01,2022,2,"Rice, white, long grain, uncooked",lb. (453.6 gm),Bakery and grains,0.83,APU0000701312
2022-03-01,2022,3,"Rice, white, long grain, uncooked",lb. (453.6 gm),Bakery and grains,0.871,APU0000701312
2022-04-01,2022,4,"Rice, white, long grain, uncooked",lb. (453.6 gm),Bakery and grains,0.9,APU0000701312
2022-05-01,2022,5,"Rice, white, long grain, uncooked",lb. (453.6 gm),Bakery and grains,0.909,APU0000701312
2022-06-01,2022,6,"Rice, white, long grain, uncooked",lb. (453.6 gm),Bakery and grains,0.924,APU0000701312
2022-07-01,2022,7,"Rice, white, long grain, uncooked",lb. (453.6 gm),Bakery and grains,0.929,APU0000701312
2022-08-01,2022,8,"Rice, white, long grain, uncooked",lb. (453.6 gm),Bakery and grains,0.925,APU0000701312
2022-09-01,2022,9,"Rice, white, long grain, uncooked",lb. (453.6 gm),Bakery and grains,0.939,APU0000701312
2022-10-01,2022,10,"Rice, white, long grain, uncooked",lb. (453.6 gm),Bakery and grains,0.963,APU0000701312
2022-11-01,2022,11,"Rice, white, long grain, uncooked",lb. (453.6 gm),Bakery and grains,0.963,APU0000701312
2022-12-01,2022,12,"Rice, white, long grain, uncooked",lb. (453.6 gm),Bakery and grains,0.971,APU0000701312
2023-01-01,2023,1,"Rice, white, long grain, uncooked",lb. (453.6 gm),Bakery and grains,0.97,APU0000701312
2023-02-01,2023,2,"Rice, white, long grain, uncooked",lb. (453.6 gm),Bakery and grains,0.959,APU0000701312
2023-03-01,2023,3,"Rice, white, long grain, uncooked",lb. (453.6 gm),Bakery and grains,0.982,APU0000701312
2023-04-01,2023,4,"Rice, white, long grain, uncooked",lb. (453.6 gm),Bakery and grains,0.98,APU0000701312
2023-05-01,2023,5,"Rice, white, long grain, uncooked",lb. (453.6 gm),Bakery and grains,0.997,APU0000701312
2023-06-01,2023,6,"Rice, white, long grain, uncooked",lb. (453.6 gm),Bakery and grains,1.003,APU0000701312
2023-07-01,2023,7,"Rice, white, long grain, uncooked",lb. (453.6 gm),Bakery and grains,1.006,APU0000701312
2023-08-01,2023,8,"Rice, white, long grain, uncooked",lb. (453.6 gm),Bakery and grains,0.997,APU0000701312
2023-09-01,2023,9,"Rice, white, long grain, uncooked",lb. (453.6 gm),Bakery and grains,0.981,APU0000701312
2023-10-01,2023,10,"Rice, white, long grain, uncooked",lb. (453.6 gm),Bakery and grains,0.96,APU0000701312
2023-11-01,2023,11,"Rice, white, long grain, uncooked",lb. (453.6 gm),Bakery and grains,0.992,APU0000701312
2023-12-01,2023,12,"Rice, white, long grain, uncooked",lb. (453.6 gm),Bakery and grains,0.99,APU0000701312
2024-01-01,2024,1,"Rice, white, long grain, uncooked",lb. (453.6 gm),Bakery and grains,1.0,APU0000701312
2024-02-01,2024,2,"Rice, white, long grain, uncooked",lb. (453.6 gm),Bakery and grains,1.001,APU0000701312
2024-03-01,2024,3,"Rice, white, long grain, uncooked",lb. (453.6 gm),Bakery and grains,1.014,APU0000701312
2024-04-01,2024,4,"Rice, white, long grain, uncooked",lb. (453.6 gm),Bakery and grains,1.025,APU0000701312
2024-05-01,2024,5,"Rice, white, long grain, uncooked",lb. (453.6 gm),Bakery and grains,1.002,APU0000701312
2024-06-01,2024,6,"Rice, white, long grain, uncooked",lb. (453.6 gm),Bakery and grains,1.018,APU0000701312
2024-07-01,2024,7,"Rice, white, long grain, uncooked",lb. (453.6 gm),Bakery and grains,1.039,APU0000701312
2024-08-01,2024,8,"Rice, white, long grain, uncooked",lb. (453.6 gm),Bakery and grains,1.085,APU0000701312
2024-09-01,2024,9,"Rice, white, long grain, uncooked",lb. (453.6 gm),Bakery and grains,1.078,APU0000701312
2024-10-01,2024,10,"Rice, white, long grain, uncooked",lb. (453.6 gm),Bakery and grains,1.056,APU0000701312
2024-11-01,2024,11,"Rice, white, long grain, uncooked",lb. (453.6 gm),Bakery and grains,1.061,APU0000701312
2024-12-01,2024,12,"Rice, white, long grain, uncooked",lb. (453.6 gm),Bakery and grains,1.032,APU0000701312
2025-01-01,2025,1,"Rice, white, long grain, uncooked",lb. (453.6 gm),Bakery and grains,1.008,APU0000701312
2025-02-01,2025,2,"Rice, white, long grain, uncooked",lb. (453.6 gm),Bakery and grains,1.03,APU0000701312
2025-03-01,2025,3,"Rice, white, long grain, uncooked",lb. (453.6 gm),Bakery and grains,1.038,APU0000701312
2025-04-01,2025,4,"Rice, white, long grain, uncooked",lb. (453.6 gm),Bakery and grains,1.031,APU0000701312
2025-05-01,2025,5,"Rice, white, long grain, uncooked",lb. (453.6 gm),Bakery and grains,1.067,APU0000701312
2025-06-01,2025,6,"Rice, white, long grain, uncooked",lb. (453.6 gm),Bakery and grains,1.061,APU0000701312
2025-07-01,2025,7,"Rice, white, long grain, uncooked",lb. (453.6 gm),Bakery and grains,1.068,APU0000701312
2025-08-01,2025,8,"Rice, white, long grain, uncooked",lb. (453.6 gm),Bakery and grains,1.059,APU0000701312
2025-09-01,2025,9,"Rice, white, long grain, uncooked",lb. (453.6 gm),Bakery and grains,1.06,APU0000701312
2025-11-01,2025,11,"Rice, white, long grain, uncooked",lb. (453.6 gm),Bakery and grains,1.065,APU0000701312
2025-12-01,2025,12,"Rice, white, long grain, uncooked",lb. (453.6 gm),Bakery and grains,1.076,APU0000701312
2026-01-01,2026,1,"Rice, white, long grain, uncooked",lb. (453.6 gm),Bakery and grains,1.059,APU0000701312
2026-02-01,2026,2,"Rice, white, long grain, uncooked",lb. (453.6 gm),Bakery and grains,1.074,APU0000701312
2026-03-01,2026,3,"Rice, white, long grain, uncooked",lb. (453.6 gm),Bakery and grains,1.06,APU0000701312
2026-04-01,2026,4,"Rice, white, long grain, uncooked",lb. (453.6 gm),Bakery and grains,1.076,APU0000701312
2026-05-01,2026,5,"Rice, white, long grain, uncooked",lb. (453.6 gm),Bakery and grains,1.071,APU0000701312
2026-06-01,2026,6,"Rice, white, long grain, uncooked",lb. (453.6 gm),Bakery and grains,1.089,APU0000701312
2026-07-01,2026,7,"Rice, white, long grain, uncooked",lb. (453.6 gm),Bakery and grains,1.1,APU0000701312
2015-01-01,2015,1,"Round roast, USDA Choice, boneless",lb. (453.6 gm),Beef,5.62,APU0000703311
2015-02-01,2015,2,"Round roast, USDA Choice, boneless",lb. (453.6 gm),Beef,5.657,APU0000703311
2015-03-01,2015,3,"Round roast, USDA Choice, boneless",lb. (453.6 gm),Beef,5.736,APU0000703311
2015-04-01,2015,4,"Round roast, USDA Choice, boneless",lb. (453.6 gm),Beef,5.644,APU0000703311
2015-05-01,2015,5,"Round roast, USDA Choice, boneless",lb. (453.6 gm),Beef,5.653,APU0000703311
2015-06-01,2015,6,"Round roast, USDA Choice, boneless",lb. (453.6 gm),Beef,5.638,APU0000703311
2015-07-01,2015,7,"Round roast, USDA Choice, boneless",lb. (453.6 gm),Beef,5.685,APU0000703311
2015-08-01,2015,8,"Round roast, USDA Choice, boneless",lb. (453.6 gm),Beef,5.688,APU0000703311
2015-09-01,2015,9,"Round roast, USDA Choice, boneless",lb. (453.6 gm),Beef,5.601,APU0000703311
2015-10-01,2015,10,"Round roast, USDA Choice, boneless",lb. (453.6 gm),Beef,5.523,APU0000703311
2015-11-01,2015,11,"Round roast, USDA Choice, boneless",lb. (453.6 gm),Beef,5.445,APU0000703311
2015-12-01,2015,12,"Round roast, USDA Choice, boneless",lb. (453.6 gm),Beef,5.279,APU0000703311
2016-01-01,2016,1,"Round roast, USDA Choice, boneless",lb. (453.6 gm),Beef,5.225,APU0000703311
2016-02-01,2016,2,"Round roast, USDA Choice, boneless",lb. (453.6 gm),Beef,5.295,APU0000703311
2016-03-01,2016,3,"Round roast, USDA Choice, boneless",lb. (453.6 gm),Beef,5.47,APU0000703311
2016-04-01,2016,4,"Round roast, USDA Choice, boneless",lb. (453.6 gm),Beef,5.406,APU0000703311
2016-05-01,2016,5,"Round roast, USDA Choice, boneless",lb. (453.6 gm),Beef,5.534,APU0000703311
2016-06-01,2016,6,"Round roast, USDA Choice, boneless",lb. (453.6 gm),Beef,5.443,APU0000703311
2016-07-01,2016,7,"Round roast, USDA Choice, boneless",lb. (453.6 gm),Beef,5.274,APU0000703311
2016-08-01,2016,8,"Round roast, USDA Choice, boneless",lb. (453.6 gm),Beef,5.133,APU0000703311
2016-09-01,2016,9,"Round roast, USDA Choice, boneless",lb. (453.6 gm),Beef,5.016,APU0000703311
2016-10-01,2016,10,"Round roast, USDA Choice, boneless",lb. (453.6 gm),Beef,4.82,APU0000703311
2016-11-01,2016,11,"Round roast, USDA Choice, boneless",lb. (453.6 gm),Beef,4.987,APU0000703311
2016-12-01,2016,12,"Round roast, USDA Choice, boneless",lb. (453.6 gm),Beef,4.884,APU0000703311
2017-01-01,2017,1,"Round roast, USDA Choice, boneless",lb. (453.6 gm),Beef,4.934,APU0000703311
2017-02-01,2017,2,"Round roast, USDA Choice, boneless",lb. (453.6 gm),Beef,5.088,APU0000703311
2017-03-01,2017,3,"Round roast, USDA Choice, boneless",lb. (453.6 gm),Beef,5.152,APU0000703311
2017-04-01,2017,4,"Round roast, USDA Choice, boneless",lb. (453.6 gm),Beef,5.124,APU0000703311
2017-05-01,2017,5,"Round roast, USDA Choice, boneless",lb. (453.6 gm),Beef,5.202,APU0000703311
2017-06-01,2017,6,"Round roast, USDA Choice, boneless",lb. (453.6 gm),Beef,5.29,APU0000703311
2017-07-01,2017,7,"Round roast, USDA Choice, boneless",lb. (453.6 gm),Beef,5.326,APU0000703311
2017-08-01,2017,8,"Round roast, USDA Choice, boneless",lb. (453.6 gm),Beef,5.182,APU0000703311
2017-09-01,2017,9,"Round roast, USDA Choice, boneless",lb. (453.6 gm),Beef,5.168,APU0000703311
2017-10-01,2017,10,"Round roast, USDA Choice, boneless",lb. (453.6 gm),Beef,4.916,APU0000703311
2017-11-01,2017,11,"Round roast, USDA Choice, boneless",lb. (453.6 gm),Beef,4.934,APU0000703311
2017-12-01,2017,12,"Round roast, USDA Choice, boneless",lb. (453.6 gm),Beef,5.02,APU0000703311
2018-01-01,2018,1,"Round roast, USDA Choice, boneless",lb. (453.6 gm),Beef,4.925,APU0000703311
2018-02-01,2018,2,"Round roast, USDA Choice, boneless",lb. (453.6 gm),Beef,4.99,APU0000703311
2018-03-01,2018,3,"Round roast, USDA Choice, boneless",lb. (453.6 gm),Beef,5.107,APU0000703311
2018-04-01,2018,4,"Round roast, USDA Choice, boneless",lb. (453.6 gm),Beef,5.192,APU0000703311
2018-05-01,2018,5,"Round roast, USDA Choice, boneless",lb. (453.6 gm),Beef,5.179,APU0000703311
2018-06-01,2018,6,"Round roast, USDA Choice, boneless",lb. (453.6 gm),Beef,5.205,APU0000703311
2018-07-01,2018,7,"Round roast, USDA Choice, boneless",lb. (453.6 gm),Beef,5.163,APU0000703311
2018-08-01,2018,8,"Round roast, USDA Choice, boneless",lb. (453.6 gm),Beef,5.152,APU0000703311
2018-09-01,2018,9,"Round roast, USDA Choice, boneless",lb. (453.6 gm),Beef,4.995,APU0000703311
2018-10-01,2018,10,"Round roast, USDA Choice, boneless",lb. (453.6 gm),Beef,4.875,APU0000703311
2018-11-01,2018,11,"Round roast, USDA Choice, boneless",lb. (453.6 gm),Beef,4.806,APU0000703311
2018-12-01,2018,12,"Round roast, USDA Choice, boneless",lb. (453.6 gm),Beef,4.791,APU0000703311
2019-01-01,2019,1,"Round roast, USDA Choice, boneless",lb. (453.6 gm),Beef,5.011,APU0000703311
2019-02-01,2019,2,"Round roast, USDA Choice, boneless",lb. (453.6 gm),Beef,4.968,APU0000703311
2019-03-01,2019,3,"Round roast, USDA Choice, boneless",lb. (453.6 gm),Beef,5.16,APU0000703311
2019-04-01,2019,4,"Round roast, USDA Choice, boneless",lb. (453.6 gm),Beef,5.26,APU0000703311
2019-05-01,2019,5,"Round roast, USDA Choice, boneless",lb. (453.6 gm),Beef,5.374,APU0000703311
2019-06-01,2019,6,"Round roast, USDA Choice, boneless",lb. (453.6 gm),Beef,5.401,APU0000703311
2019-07-01,2019,7,"Round roast, USDA Choice, boneless",lb. (453.6 gm),Beef,5.458,APU0000703311
2019-08-01,2019,8,"Round roast, USDA Choice, boneless",lb. (453.6 gm),Beef,5.305,APU0000703311
2019-09-01,2019,9,"Round roast, USDA Choice, boneless",lb. (453.6 gm),Beef,5.222,APU0000703311
2019-10-01,2019,10,"Round roast, USDA Choice, boneless",lb. (453.6 gm),Beef,4.988,APU0000703311
2019-11-01,2019,11,"Round roast, USDA Choice, boneless",lb. (453.6 gm),Beef,5.211,APU0000703311
2019-12-01,2019,12,"Round roast, USDA Choice, boneless",lb. (453.6 gm),Beef,5.069,APU0000703311
2020-01-01,2020,1,"Round roast, USDA Choice, boneless",lb. (453.6 gm),Beef,5.062,APU0000703311
2020-02-01,2020,2,"Round roast, USDA Choice, boneless",lb. (453.6 gm),Beef,5.26,APU0000703311
2020-03-01,2020,3,"Round roast, USDA Choice, boneless",lb. (453.6 gm),Beef,5.175,APU0000703311
2020-04-01,2020,4,"Round roast, USDA Choice, boneless",lb. (453.6 gm),Beef,5.528,APU0000703311
2020-05-01,2020,5,"Round roast, USDA Choice, boneless",lb. (453.6 gm),Beef,6.906,APU0000703311
2020-06-01,2020,6,"Round roast, USDA Choice, boneless",lb. (453.6 gm),Beef,6.546,APU0000703311
2020-07-01,2020,7,"Round roast, USDA Choice, boneless",lb. (453.6 gm),Beef,5.884,APU0000703311
2020-08-01,2020,8,"Round roast, USDA Choice, boneless",lb. (453.6 gm),Beef,5.668,APU0000703311
2020-09-01,2020,9,"Round roast, USDA Choice, boneless",lb. (453.6 gm),Beef,5.76,APU0000703311
2020-10-01,2020,10,"Round roast, USDA Choice, boneless",lb. (453.6 gm),Beef,5.614,APU0000703311
2020-11-01,2020,11,"Round roast, USDA Choice, boneless",lb. (453.6 gm),Beef,5.522,APU0000703311
2020-12-01,2020,12,"Round roast, USDA Choice, boneless",lb. (453.6 gm),Beef,5.302,APU0000703311
2021-01-01,2021,1,"Round roast, USDA Choice, boneless",lb. (453.6 gm),Beef,5.475,APU0000703311
2021-02-01,2021,2,"Round roast, USDA Choice, boneless",lb. (453.6 gm),Beef,5.582,APU0000703311
2021-03-01,2021,3,"Round roast, USDA Choice, boneless",lb. (453.6 gm),Beef,5.625,APU0000703311
2021-04-01,2021,4,"Round roast, USDA Choice, boneless",lb. (453.6 gm),Beef,5.771,APU0000703311
2021-05-01,2021,5,"Round roast, USDA Choice, boneless",lb. (453.6 gm),Beef,5.822,APU0000703311
2021-06-01,2021,6,"Round roast, USDA Choice, boneless",lb. (453.6 gm),Beef,6.209,APU0000703311
2021-07-01,2021,7,"Round roast, USDA Choice, boneless",lb. (453.6 gm),Beef,6.1,APU0000703311
2021-08-01,2021,8,"Round roast, USDA Choice, boneless",lb. (453.6 gm),Beef,6.004,APU0000703311
2021-09-01,2021,9,"Round roast, USDA Choice, boneless",lb. (453.6 gm),Beef,6.276,APU0000703311
2021-10-01,2021,10,"Round roast, USDA Choice, boneless",lb. (453.6 gm),Beef,6.33,APU0000703311
2021-11-01,2021,11,"Round roast, USDA Choice, boneless",lb. (453.6 gm),Beef,6.426,APU0000703311
2021-12-01,2021,12,"Round roast, USDA Choice, boneless",lb. (453.6 gm),Beef,6.234,APU0000703311
2022-01-01,2022,1,"Round roast, USDA Choice, boneless",lb. (453.6 gm),Beef,6.158,APU0000703311
2022-02-01,2022,2,"Round roast, USDA Choice, boneless",lb. (453.6 gm),Beef,6.318,APU0000703311
2022-03-01,2022,3,"Round roast, USDA Choice, boneless",lb. (453.6 gm),Beef,6.295,APU0000703311
2022-04-01,2022,4,"Round roast, USDA Choice, boneless",lb. (453.6 gm),Beef,6.249,APU0000703311
2022-05-01,2022,5,"Round roast, USDA Choice, boneless",lb. (453.6 gm),Beef,6.305,APU0000703311
2022-06-01,2022,6,"Round roast, USDA Choice, boneless",lb. (453.6 gm),Beef,6.27,APU0000703311
2022-07-01,2022,7,"Round roast, USDA Choice, boneless",lb. (453.6 gm),Beef,6.121,APU0000703311
2022-08-01,2022,8,"Round roast, USDA Choice, boneless",lb. (453.6 gm),Beef,6.162,APU0000703311
2022-09-01,2022,9,"Round roast, USDA Choice, boneless",lb. (453.6 gm),Beef,6.249,APU0000703311
2022-10-01,2022,10,"Round roast, USDA Choice, boneless",lb. (453.6 gm),Beef,6.084,APU0000703311
2022-11-01,2022,11,"Round roast, USDA Choice, boneless",lb. (453.6 gm),Beef,6.049,APU0000703311
2022-12-01,2022,12,"Round roast, USDA Choice, boneless",lb. (453.6 gm),Beef,6.217,APU0000703311
2023-01-01,2023,1,"Round roast, USDA Choice, boneless",lb. (453.6 gm),Beef,6.222,APU0000703311
2023-02-01,2023,2,"Round roast, USDA Choice, boneless",lb. (453.6 gm),Beef,6.237,APU0000703311
2023-03-01,2023,3,"Round roast, USDA Choice, boneless",lb. (453.6 gm),Beef,6.221,APU0000703311
2023-04-01,2023,4,"Round roast, USDA Choice, boneless",lb. (453.6 gm),Beef,6.164,APU0000703311
2023-05-01,2023,5,"Round roast, USDA Choice, boneless",lb. (453.6 gm),Beef,6.393,APU0000703311
2023-06-01,2023,6,"Round roast, USDA Choice, boneless",lb. (453.6 gm),Beef,6.367,APU0000703311
2023-07-01,2023,7,"Round roast, USDA Choice, boneless",lb. (453.6 gm),Beef,6.625,APU0000703311
2023-08-01,2023,8,"Round roast, USDA Choice, boneless",lb. (453.6 gm),Beef,6.656,APU0000703311
2023-09-01,2023,9,"Round roast, USDA Choice, boneless",lb. (453.6 gm),Beef,6.613,APU0000703311
2023-10-01,2023,10,"Round roast, USDA Choice, boneless",lb. (453.6 gm),Beef,6.795,APU0000703311
2023-11-01,2023,11,"Round roast, USDA Choice, boneless",lb. (453.6 gm),Beef,6.846,APU0000703311
2023-12-01,2023,12,"Round roast, USDA Choice, boneless",lb. (453.6 gm),Beef,6.885,APU0000703311
2024-01-01,2024,1,"Round roast, USDA Choice, boneless",lb. (453.6 gm),Beef,6.737,APU0000703311
2024-02-01,2024,2,"Round roast, USDA Choice, boneless",lb. (453.6 gm),Beef,6.71,APU0000703311
2024-03-01,2024,3,"Round roast, USDA Choice, boneless",lb. (453.6 gm),Beef,6.974,APU0000703311
2024-04-01,2024,4,"Round roast, USDA Choice, boneless",lb. (453.6 gm),Beef,6.858,APU0000703311
2024-05-01,2024,5,"Round roast, USDA Choice, boneless",lb. (453.6 gm),Beef,6.987,APU0000703311
2024-06-01,2024,6,"Round roast, USDA Choice, boneless",lb. (453.6 gm),Beef,6.879,APU0000703311
2024-07-01,2024,7,"Round roast, USDA Choice, boneless",lb. (453.6 gm),Beef,7.121,APU0000703311
2024-08-01,2024,8,"Round roast, USDA Choice, boneless",lb. (453.6 gm),Beef,7.161,APU0000703311
2024-09-01,2024,9,"Round roast, USDA Choice, boneless",lb. (453.6 gm),Beef,7.244,APU0000703311
2024-10-01,2024,10,"Round roast, USDA Choice, boneless",lb. (453.6 gm),Beef,7.008,APU0000703311
2024-11-01,2024,11,"Round roast, USDA Choice, boneless",lb. (453.6 gm),Beef,7.141,APU0000703311
2024-12-01,2024,12,"Round roast, USDA Choice, boneless",lb. (453.6 gm),Beef,7.486,APU0000703311
2025-01-01,2025,1,"Round roast, USDA Choice, boneless",lb. (453.6 gm),Beef,7.27,APU0000703311
2025-02-01,2025,2,"Round roast, USDA Choice, boneless",lb. (453.6 gm),Beef,7.49,APU0000703311
2025-03-01,2025,3,"Round roast, USDA Choice, boneless",lb. (453.6 gm),Beef,7.557,APU0000703311
2025-04-01,2025,4,"Round roast, USDA Choice, boneless",lb. (453.6 gm),Beef,7.616,APU0000703311
2025-05-01,2025,5,"Round roast, USDA Choice, boneless",lb. (453.6 gm),Beef,7.57,APU0000703311
2025-06-01,2025,6,"Round roast, USDA Choice, boneless",lb. (453.6 gm),Beef,7.762,APU0000703311
2025-07-01,2025,7,"Round roast, USDA Choice, boneless",lb. (453.6 gm),Beef,7.909,APU0000703311
2025-08-01,2025,8,"Round roast, USDA Choice, boneless",lb. (453.6 gm),Beef,8.13,APU0000703311
2025-09-01,2025,9,"Round roast, USDA Choice, boneless",lb. (453.6 gm),Beef,8.506,APU0000703311
2025-11-01,2025,11,"Round roast, USDA Choice, boneless",lb. (453.6 gm),Beef,8.943,APU0000703311
2025-12-01,2025,12,"Round roast, USDA Choice, boneless",lb. (453.6 gm),Beef,8.853,APU0000703311
2026-01-01,2026,1,"Round roast, USDA Choice, boneless",lb. (453.6 gm),Beef,8.546,APU0000703311
2026-02-01,2026,2,"Round roast, USDA Choice, boneless",lb. (453.6 gm),Beef,8.587,APU0000703311
2026-03-01,2026,3,"Round roast, USDA Choice, boneless",lb. (453.6 gm),Beef,8.477,APU0000703311
2026-04-01,2026,4,"Round roast, USDA Choice, boneless",lb. (453.6 gm),Beef,8.983,APU0000703311
2026-05-01,2026,5,"Round roast, USDA Choice, boneless",lb. (453.6 gm),Beef,8.615,APU0000703311
2026-06-01,2026,6,"Round roast, USDA Choice, boneless",lb. (453.6 gm),Beef,8.962,APU0000703311
2026-07-01,2026,7,"Round roast, USDA Choice, boneless",lb. (453.6 gm),Beef,9.155,APU0000703311
2015-01-01,2015,1,Spaghetti and macaroni,lb. (453.6 gm),Bakery and grains,1.264,APU0000701322
2015-02-01,2015,2,Spaghetti and macaroni,lb. (453.6 gm),Bakery and grains,1.319,APU0000701322
2015-03-01,2015,3,Spaghetti and macaroni,lb. (453.6 gm),Bakery and grains,1.392,APU0000701322
2015-04-01,2015,4,Spaghetti and macaroni,lb. (453.6 gm),Bakery and grains,1.337,APU0000701322
2015-05-01,2015,5,Spaghetti and macaroni,lb. (453.6 gm),Bakery and grains,1.335,APU0000701322
2015-06-01,2015,6,Spaghetti and macaroni,lb. (453.6 gm),Bakery and grains,1.36,APU0000701322
2015-07-01,2015,7,Spaghetti and macaroni,lb. (453.6 gm),Bakery and grains,1.325,APU0000701322
2015-08-01,2015,8,Spaghetti and macaroni,lb. (453.6 gm),Bakery and grains,1.351,APU0000701322
2015-09-01,2015,9,Spaghetti and macaroni,lb. (453.6 gm),Bakery and grains,1.282,APU0000701322
2015-10-01,2015,10,Spaghetti and macaroni,lb. (453.6 gm),Bakery and grains,1.297,APU0000701322
2015-11-01,2015,11,Spaghetti and macaroni,lb. (453.6 gm),Bakery and grains,1.266,APU0000701322
2015-12-01,2015,12,Spaghetti and macaroni,lb. (453.6 gm),Bakery and grains,1.292,APU0000701322
2016-01-01,2016,1,Spaghetti and macaroni,lb. (453.6 gm),Bakery and grains,1.265,APU0000701322
2016-02-01,2016,2,Spaghetti and macaroni,lb. (453.6 gm),Bakery and grains,1.309,APU0000701322
2016-03-01,2016,3,Spaghetti and macaroni,lb. (453.6 gm),Bakery and grains,1.341,APU0000701322
2016-04-01,2016,4,Spaghetti and macaroni,lb. (453.6 gm),Bakery and grains,1.294,APU0000701322
2016-05-01,2016,5,Spaghetti and macaroni,lb. (453.6 gm),Bakery and grains,1.32,APU0000701322
2016-06-01,2016,6,Spaghetti and macaroni,lb. (453.6 gm),Bakery and grains,1.292,APU0000701322
2016-07-01,2016,7,Spaghetti and macaroni,lb. (453.6 gm),Bakery and grains,1.32,APU0000701322
2016-08-01,2016,8,Spaghetti and macaroni,lb. (453.6 gm),Bakery and grains,1.292,APU0000701322
2016-09-01,2016,9,Spaghetti and macaroni,lb. (453.6 gm),Bakery and grains,1.289,APU0000701322
2016-10-01,2016,10,Spaghetti and macaroni,lb. (453.6 gm),Bakery and grains,1.292,APU0000701322
2016-11-01,2016,11,Spaghetti and macaroni,lb. (453.6 gm),Bakery and grains,1.302,APU0000701322
2016-12-01,2016,12,Spaghetti and macaroni,lb. (453.6 gm),Bakery and grains,1.287,APU0000701322
2017-01-01,2017,1,Spaghetti and macaroni,lb. (453.6 gm),Bakery and grains,1.31,APU0000701322
2017-02-01,2017,2,Spaghetti and macaroni,lb. (453.6 gm),Bakery and grains,1.29,APU0000701322
2017-03-01,2017,3,Spaghetti and macaroni,lb. (453.6 gm),Bakery and grains,1.265,APU0000701322
2017-04-01,2017,4,Spaghetti and macaroni,lb. (453.6 gm),Bakery and grains,1.271,APU0000701322
2017-05-01,2017,5,Spaghetti and macaroni,lb. (453.6 gm),Bakery and grains,1.272,APU0000701322
2017-06-01,2017,6,Spaghetti and macaroni,lb. (453.6 gm),Bakery and grains,1.281,APU0000701322
2017-07-01,2017,7,Spaghetti and macaroni,lb. (453.6 gm),Bakery and grains,1.294,APU0000701322
2017-08-01,2017,8,Spaghetti and macaroni,lb. (453.6 gm),Bakery and grains,1.305,APU0000701322
2017-09-01,2017,9,Spaghetti and macaroni,lb. (453.6 gm),Bakery and grains,1.299,APU0000701322
2017-10-01,2017,10,Spaghetti and macaroni,lb. (453.6 gm),Bakery and grains,1.259,APU0000701322
2017-11-01,2017,11,Spaghetti and macaroni,lb. (453.6 gm),Bakery and grains,1.242,APU0000701322
2017-12-01,2017,12,Spaghetti and macaroni,lb. (453.6 gm),Bakery and grains,1.235,APU0000701322
2018-01-01,2018,1,Spaghetti and macaroni,lb. (453.6 gm),Bakery and grains,1.218,APU0000701322
2018-02-01,2018,2,Spaghetti and macaroni,lb. (453.6 gm),Bakery and grains,1.176,APU0000701322
2018-03-01,2018,3,Spaghetti and macaroni,lb. (453.6 gm),Bakery and grains,1.187,APU0000701322
2018-04-01,2018,4,Spaghetti and macaroni,lb. (453.6 gm),Bakery and grains,1.176,APU0000701322
2018-05-01,2018,5,Spaghetti and macaroni,lb. (453.6 gm),Bakery and grains,1.143,APU0000701322
2018-06-01,2018,6,Spaghetti and macaroni,lb. (453.6 gm),Bakery and grains,1.201,APU0000701322
2018-07-01,2018,7,Spaghetti and macaroni,lb. (453.6 gm),Bakery and grains,1.204,APU0000701322
2018-08-01,2018,8,Spaghetti and macaroni,lb. (453.6 gm),Bakery and grains,1.227,APU0000701322
2018-09-01,2018,9,Spaghetti and macaroni,lb. (453.6 gm),Bakery and grains,1.2,APU0000701322
2018-10-01,2018,10,Spaghetti and macaroni,lb. (453.6 gm),Bakery and grains,1.138,APU0000701322
2018-11-01,2018,11,Spaghetti and macaroni,lb. (453.6 gm),Bakery and grains,1.196,APU0000701322
2018-12-01,2018,12,Spaghetti and macaroni,lb. (453.6 gm),Bakery and grains,1.161,APU0000701322
2019-01-01,2019,1,Spaghetti and macaroni,lb. (453.6 gm),Bakery and grains,1.217,APU0000701322
2019-02-01,2019,2,Spaghetti and macaroni,lb. (453.6 gm),Bakery and grains,1.206,APU0000701322
2019-03-01,2019,3,Spaghetti and macaroni,lb. (453.6 gm),Bakery and grains,1.237,APU0000701322
2019-04-01,2019,4,Spaghetti and macaroni,lb. (453.6 gm),Bakery and grains,1.223,APU0000701322
2019-05-01,2019,5,Spaghetti and macaroni,lb. (453.6 gm),Bakery and grains,1.197,APU0000701322
2019-06-01,2019,6,Spaghetti and macaroni,lb. (453.6 gm),Bakery and grains,1.192,APU0000701322
2019-07-01,2019,7,Spaghetti and macaroni,lb. (453.6 gm),Bakery and grains,1.198,APU0000701322
2019-08-01,2019,8,Spaghetti and macaroni,lb. (453.6 gm),Bakery and grains,1.215,APU0000701322
2019-09-01,2019,9,Spaghetti and macaroni,lb. (453.6 gm),Bakery and grains,1.184,APU0000701322
2019-10-01,2019,10,Spaghetti and macaroni,lb. (453.6 gm),Bakery and grains,1.178,APU0000701322
2019-11-01,2019,11,Spaghetti and macaroni,lb. (453.6 gm),Bakery and grains,1.231,APU0000701322
2019-12-01,2019,12,Spaghetti and macaroni,lb. (453.6 gm),Bakery and grains,1.189,APU0000701322
2020-01-01,2020,1,Spaghetti and macaroni,lb. (453.6 gm),Bakery and grains,1.225,APU0000701322
2020-02-01,2020,2,Spaghetti and macaroni,lb. (453.6 gm),Bakery and grains,1.235,APU0000701322
2020-03-01,2020,3,Spaghetti and macaroni,lb. (453.6 gm),Bakery and grains,1.238,APU0000701322
2020-04-01,2020,4,Spaghetti and macaroni,lb. (453.6 gm),Bakery and grains,1.265,APU0000701322
2020-05-01,2020,5,Spaghetti and macaroni,lb. (453.6 gm),Bakery and grains,1.26,APU0000701322
2020-06-01,2020,6,Spaghetti and macaroni,lb. (453.6 gm),Bakery and grains,1.28,APU0000701322
2020-07-01,2020,7,Spaghetti and macaroni,lb. (453.6 gm),Bakery and grains,1.295,APU0000701322
2020-08-01,2020,8,Spaghetti and macaroni,lb. (453.6 gm),Bakery and grains,1.303,APU0000701322
2020-09-01,2020,9,Spaghetti and macaroni,lb. (453.6 gm),Bakery and grains,1.256,APU0000701322
2020-10-01,2020,10,Spaghetti and macaroni,lb. (453.6 gm),Bakery and grains,1.22,APU0000701322
2020-11-01,2020,11,Spaghetti and macaroni,lb. (453.6 gm),Bakery and grains,1.262,APU0000701322
2020-12-01,2020,12,Spaghetti and macaroni,lb. (453.6 gm),Bakery and grains,1.313,APU0000701322
2021-01-01,2021,1,Spaghetti and macaroni,lb. (453.6 gm),Bakery and grains,1.314,APU0000701322
2021-02-01,2021,2,Spaghetti and macaroni,lb. (453.6 gm),Bakery and grains,1.324,APU0000701322
2021-03-01,2021,3,Spaghetti and macaroni,lb. (453.6 gm),Bakery and grains,1.341,APU0000701322
2021-04-01,2021,4,Spaghetti and macaroni,lb. (453.6 gm),Bakery and grains,1.251,APU0000701322
2021-05-01,2021,5,Spaghetti and macaroni,lb. (453.6 gm),Bakery and grains,1.336,APU0000701322
2021-06-01,2021,6,Spaghetti and macaroni,lb. (453.6 gm),Bakery and grains,1.073,APU0000701322
2021-07-01,2021,7,Spaghetti and macaroni,lb. (453.6 gm),Bakery and grains,1.094,APU0000701322
2021-08-01,2021,8,Spaghetti and macaroni,lb. (453.6 gm),Bakery and grains,1.089,APU0000701322
2021-09-01,2021,9,Spaghetti and macaroni,lb. (453.6 gm),Bakery and grains,1.077,APU0000701322
2021-10-01,2021,10,Spaghetti and macaroni,lb. (453.6 gm),Bakery and grains,1.067,APU0000701322
2021-11-01,2021,11,Spaghetti and macaroni,lb. (453.6 gm),Bakery and grains,1.093,APU0000701322
2021-12-01,2021,12,Spaghetti and macaroni,lb. (453.6 gm),Bakery and grains,1.092,APU0000701322
2022-01-01,2022,1,Spaghetti and macaroni,lb. (453.6 gm),Bakery and grains,1.116,APU0000701322
2022-02-01,2022,2,Spaghetti and macaroni,lb. (453.6 gm),Bakery and grains,1.148,APU0000701322
2022-03-01,2022,3,Spaghetti and macaroni,lb. (453.6 gm),Bakery and grains,1.182,APU0000701322
2022-04-01,2022,4,Spaghetti and macaroni,lb. (453.6 gm),Bakery and grains,1.217,APU0000701322
2022-05-01,2022,5,Spaghetti and macaroni,lb. (453.6 gm),Bakery and grains,1.291,APU0000701322
2022-06-01,2022,6,Spaghetti and macaroni,lb. (453.6 gm),Bakery and grains,1.316,APU0000701322
2022-07-01,2022,7,Spaghetti and macaroni,lb. (453.6 gm),Bakery and grains,1.349,APU0000701322
2022-08-01,2022,8,Spaghetti and macaroni,lb. (453.6 gm),Bakery and grains,1.368,APU0000701322
2022-09-01,2022,9,Spaghetti and macaroni,lb. (453.6 gm),Bakery and grains,1.357,APU0000701322
2022-10-01,2022,10,Spaghetti and macaroni,lb. (453.6 gm),Bakery and grains,1.349,APU0000701322
2022-11-01,2022,11,Spaghetti and macaroni,lb. (453.6 gm),Bakery and grains,1.428,APU0000701322
2022-12-01,2022,12,Spaghetti and macaroni,lb. (453.6 gm),Bakery and grains,1.434,APU0000701322
2023-01-01,2023,1,Spaghetti and macaroni,lb. (453.6 gm),Bakery and grains,1.475,APU0000701322
2023-02-01,2023,2,Spaghetti and macaroni,lb. (453.6 gm),Bakery and grains,1.486,APU0000701322
2023-03-01,2023,3,Spaghetti and macaroni,lb. (453.6 gm),Bakery and grains,1.465,APU0000701322
2023-04-01,2023,4,Spaghetti and macaroni,lb. (453.6 gm),Bakery and grains,1.461,APU0000701322
2023-05-01,2023,5,Spaghetti and macaroni,lb. (453.6 gm),Bakery and grains,1.458,APU0000701322
2023-06-01,2023,6,Spaghetti and macaroni,lb. (453.6 gm),Bakery and grains,1.466,APU0000701322
2023-07-01,2023,7,Spaghetti and macaroni,lb. (453.6 gm),Bakery and grains,1.42,APU0000701322
2023-08-01,2023,8,Spaghetti and macaroni,lb. (453.6 gm),Bakery and grains,1.404,APU0000701322
2023-09-01,2023,9,Spaghetti and macaroni,lb. (453.6 gm),Bakery and grains,1.41,APU0000701322
2023-10-01,2023,10,Spaghetti and macaroni,lb. (453.6 gm),Bakery and grains,1.4,APU0000701322
2023-11-01,2023,11,Spaghetti and macaroni,lb. (453.6 gm),Bakery and grains,1.369,APU0000701322
2023-12-01,2023,12,Spaghetti and macaroni,lb. (453.6 gm),Bakery and grains,1.377,APU0000701322
2024-01-01,2024,1,Spaghetti and macaroni,lb. (453.6 gm),Bakery and grains,1.425,APU0000701322
2024-02-01,2024,2,Spaghetti and macaroni,lb. (453.6 gm),Bakery and grains,1.432,APU0000701322
2024-03-01,2024,3,Spaghetti and macaroni,lb. (453.6 gm),Bakery and grains,1.42,APU0000701322
2024-04-01,2024,4,Spaghetti and macaroni,lb. (453.6 gm),Bakery and grains,1.422,APU0000701322
2024-05-01,2024,5,Spaghetti and macaroni,lb. (453.6 gm),Bakery and grains,1.377,APU0000701322
2024-06-01,2024,6,Spaghetti and macaroni,lb. (453.6 gm),Bakery and grains,1.435,APU0000701322
2024-07-01,2024,7,Spaghetti and macaroni,lb. (453.6 gm),Bakery and grains,1.432,APU0000701322
2024-08-01,2024,8,Spaghetti and macaroni,lb. (453.6 gm),Bakery and grains,1.421,APU0000701322
2024-09-01,2024,9,Spaghetti and macaroni,lb. (453.6 gm),Bakery and grains,1.431,APU0000701322
2024-10-01,2024,10,Spaghetti and macaroni,lb. (453.6 gm),Bakery and grains,1.445,APU0000701322
2024-11-01,2024,11,Spaghetti and macaroni,lb. (453.6 gm),Bakery and grains,1.367,APU0000701322
2024-12-01,2024,12,Spaghetti and macaroni,lb. (453.6 gm),Bakery and grains,1.38,APU0000701322
2025-01-01,2025,1,Spaghetti and macaroni,lb. (453.6 gm),Bakery and grains,1.366,APU0000701322
2025-02-01,2025,2,Spaghetti and macaroni,lb. (453.6 gm),Bakery and grains,1.381,APU0000701322
2025-03-01,2025,3,Spaghetti and macaroni,lb. (453.6 gm),Bakery and grains,1.379,APU0000701322
2025-04-01,2025,4,Spaghetti and macaroni,lb. (453.6 gm),Bakery and grains,1.361,APU0000701322
2025-05-01,2025,5,Spaghetti and macaroni,lb. (453.6 gm),Bakery and grains,1.322,APU0000701322
2025-06-01,2025,6,Spaghetti and macaroni,lb. (453.6 gm),Bakery and grains,1.318,APU0000701322
2025-07-01,2025,7,Spaghetti and macaroni,lb. (453.6 gm),Bakery and grains,1.306,APU0000701322
2025-08-01,2025,8,Spaghetti and macaroni,lb. (453.6 gm),Bakery and grains,1.294,APU0000701322
2025-09-01,2025,9,Spaghetti and macaroni,lb. (453.6 gm),Bakery and grains,1.205,APU0000701322
2025-11-01,2025,11,Spaghetti and macaroni,lb. (453.6 gm),Bakery and grains,1.3,APU0000701322
2025-12-01,2025,12,Spaghetti and macaroni,lb. (453.6 gm),Bakery and grains,1.311,APU0000701322
2026-01-01,2026,1,Spaghetti and macaroni,lb. (453.6 gm),Bakery and grains,1.325,APU0000701322
2026-02-01,2026,2,Spaghetti and macaroni,lb. (453.6 gm),Bakery and grains,1.323,APU0000701322
2026-03-01,2026,3,Spaghetti and macaroni,lb. (453.6 gm),Bakery and grains,1.308,APU0000701322
2026-04-01,2026,4,Spaghetti and macaroni,lb. (453.6 gm),Bakery and grains,1.343,APU0000701322
2026-05-01,2026,5,Spaghetti and macaroni,lb. (453.6 gm),Bakery and grains,1.374,APU0000701322
2026-06-01,2026,6,Spaghetti and macaroni,lb. (453.6 gm),Bakery and grains,1.367,APU0000701322
2026-07-01,2026,7,Spaghetti and macaroni,lb. (453.6 gm),Bakery and grains,1.381,APU0000701322
2015-01-01,2015,1,"Steak, round, USDA Choice, boneless",lb. (453.6 gm),Beef,6.052,APU0000703511
2015-02-01,2015,2,"Steak, round, USDA Choice, boneless",lb. (453.6 gm),Beef,6.18,APU0000703511
2015-03-01,2015,3,"Steak, round, USDA Choice, boneless",lb. (453.6 gm),Beef,6.209,APU0000703511
2015-04-01,2015,4,"Steak, round, USDA Choice, boneless",lb. (453.6 gm),Beef,6.157,APU0000703511
2015-05-01,2015,5,"Steak, round, USDA Choice, boneless",lb. (453.6 gm),Beef,6.185,APU0000703511
2015-06-01,2015,6,"Steak, round, USDA Choice, boneless",lb. (453.6 gm),Beef,6.183,APU0000703511
2015-07-01,2015,7,"Steak, round, USDA Choice, boneless",lb. (453.6 gm),Beef,6.243,APU0000703511
2015-08-01,2015,8,"Steak, round, USDA Choice, boneless",lb. (453.6 gm),Beef,6.147,APU0000703511
2015-09-01,2015,9,"Steak, round, USDA Choice, boneless",lb. (453.6 gm),Beef,6.184,APU0000703511
2015-10-01,2015,10,"Steak, round, USDA Choice, boneless",lb. (453.6 gm),Beef,6.209,APU0000703511
2015-11-01,2015,11,"Steak, round, USDA Choice, boneless",lb. (453.6 gm),Beef,6.081,APU0000703511
2015-12-01,2015,12,"Steak, round, USDA Choice, boneless",lb. (453.6 gm),Beef,5.932,APU0000703511
2016-01-01,2016,1,"Steak, round, USDA Choice, boneless",lb. (453.6 gm),Beef,5.856,APU0000703511
2016-02-01,2016,2,"Steak, round, USDA Choice, boneless",lb. (453.6 gm),Beef,6.002,APU0000703511
2016-03-01,2016,3,"Steak, round, USDA Choice, boneless",lb. (453.6 gm),Beef,5.968,APU0000703511
2016-04-01,2016,4,"Steak, round, USDA Choice, boneless",lb. (453.6 gm),Beef,6.026,APU0000703511
2016-05-01,2016,5,"Steak, round, USDA Choice, boneless",lb. (453.6 gm),Beef,6.07,APU0000703511
2016-06-01,2016,6,"Steak, round, USDA Choice, boneless",lb. (453.6 gm),Beef,6.134,APU0000703511
2016-07-01,2016,7,"Steak, round, USDA Choice, boneless",lb. (453.6 gm),Beef,5.76,APU0000703511
2016-08-01,2016,8,"Steak, round, USDA Choice, boneless",lb. (453.6 gm),Beef,5.758,APU0000703511
2016-09-01,2016,9,"Steak, round, USDA Choice, boneless",lb. (453.6 gm),Beef,6.067,APU0000703511
2016-10-01,2016,10,"Steak, round, USDA Choice, boneless",lb. (453.6 gm),Beef,5.807,APU0000703511
2016-11-01,2016,11,"Steak, round, USDA Choice, boneless",lb. (453.6 gm),Beef,5.758,APU0000703511
2016-12-01,2016,12,"Steak, round, USDA Choice, boneless",lb. (453.6 gm),Beef,5.556,APU0000703511
2017-01-01,2017,1,"Steak, round, USDA Choice, boneless",lb. (453.6 gm),Beef,5.733,APU0000703511
2017-02-01,2017,2,"Steak, round, USDA Choice, boneless",lb. (453.6 gm),Beef,5.754,APU0000703511
2017-03-01,2017,3,"Steak, round, USDA Choice, boneless",lb. (453.6 gm),Beef,5.728,APU0000703511
2017-04-01,2017,4,"Steak, round, USDA Choice, boneless",lb. (453.6 gm),Beef,5.577,APU0000703511
2017-05-01,2017,5,"Steak, round, USDA Choice, boneless",lb. (453.6 gm),Beef,5.758,APU0000703511
2017-06-01,2017,6,"Steak, round, USDA Choice, boneless",lb. (453.6 gm),Beef,5.838,APU0000703511
2017-07-01,2017,7,"Steak, round, USDA Choice, boneless",lb. (453.6 gm),Beef,5.939,APU0000703511
2017-08-01,2017,8,"Steak, round, USDA Choice, boneless",lb. (453.6 gm),Beef,5.838,APU0000703511
2017-09-01,2017,9,"Steak, round, USDA Choice, boneless",lb. (453.6 gm),Beef,5.882,APU0000703511
2017-10-01,2017,10,"Steak, round, USDA Choice, boneless",lb. (453.6 gm),Beef,5.778,APU0000703511
2017-11-01,2017,11,"Steak, round, USDA Choice, boneless",lb. (453.6 gm),Beef,5.798,APU0000703511
2017-12-01,2017,12,"Steak, round, USDA Choice, boneless",lb. (453.6 gm),Beef,5.832,APU0000703511
2018-01-01,2018,1,"Steak, round, USDA Choice, boneless",lb. (453.6 gm),Beef,5.608,APU0000703511
2018-02-01,2018,2,"Steak, round, USDA Choice, boneless",lb. (453.6 gm),Beef,5.619,APU0000703511
2018-03-01,2018,3,"Steak, round, USDA Choice, boneless",lb. (453.6 gm),Beef,5.512,APU0000703511
2018-04-01,2018,4,"Steak, round, USDA Choice, boneless",lb. (453.6 gm),Beef,5.785,APU0000703511
2018-05-01,2018,5,"Steak, round, USDA Choice, boneless",lb. (453.6 gm),Beef,5.649,APU0000703511
2018-06-01,2018,6,"Steak, round, USDA Choice, boneless",lb. (453.6 gm),Beef,5.8,APU0000703511
2018-07-01,2018,7,"Steak, round, USDA Choice, boneless",lb. (453.6 gm),Beef,5.694,APU0000703511
2018-08-01,2018,8,"Steak, round, USDA Choice, boneless",lb. (453.6 gm),Beef,5.807,APU0000703511
2018-09-01,2018,9,"Steak, round, USDA Choice, boneless",lb. (453.6 gm),Beef,5.839,APU0000703511
2018-10-01,2018,10,"Steak, round, USDA Choice, boneless",lb. (453.6 gm),Beef,5.791,APU0000703511
2018-11-01,2018,11,"Steak, round, USDA Choice, boneless",lb. (453.6 gm),Beef,5.681,APU0000703511
2018-12-01,2018,12,"Steak, round, USDA Choice, boneless",lb. (453.6 gm),Beef,5.687,APU0000703511
2019-01-01,2019,1,"Steak, round, USDA Choice, boneless",lb. (453.6 gm),Beef,5.601,APU0000703511
2019-02-01,2019,2,"Steak, round, USDA Choice, boneless",lb. (453.6 gm),Beef,5.722,APU0000703511
2019-03-01,2019,3,"Steak, round, USDA Choice, boneless",lb. (453.6 gm),Beef,5.839,APU0000703511
2019-04-01,2019,4,"Steak, round, USDA Choice, boneless",lb. (453.6 gm),Beef,5.856,APU0000703511
2019-05-01,2019,5,"Steak, round, USDA Choice, boneless",lb. (453.6 gm),Beef,5.892,APU0000703511
2019-06-01,2019,6,"Steak, round, USDA Choice, boneless",lb. (453.6 gm),Beef,5.882,APU0000703511
2019-07-01,2019,7,"Steak, round, USDA Choice, boneless",lb. (453.6 gm),Beef,5.977,APU0000703511
2019-08-01,2019,8,"Steak, round, USDA Choice, boneless",lb. (453.6 gm),Beef,5.834,APU0000703511
2019-09-01,2019,9,"Steak, round, USDA Choice, boneless",lb. (453.6 gm),Beef,5.858,APU0000703511
2019-10-01,2019,10,"Steak, round, USDA Choice, boneless",lb. (453.6 gm),Beef,5.774,APU0000703511
2019-11-01,2019,11,"Steak, round, USDA Choice, boneless",lb. (453.6 gm),Beef,5.793,APU0000703511
2019-12-01,2019,12,"Steak, round, USDA Choice, boneless",lb. (453.6 gm),Beef,5.977,APU0000703511
2020-01-01,2020,1,"Steak, round, USDA Choice, boneless",lb. (453.6 gm),Beef,5.963,APU0000703511
2020-02-01,2020,2,"Steak, round, USDA Choice, boneless",lb. (453.6 gm),Beef,6.091,APU0000703511
2020-03-01,2020,3,"Steak, round, USDA Choice, boneless",lb. (453.6 gm),Beef,6.091,APU0000703511
2020-04-01,2020,4,"Steak, round, USDA Choice, boneless",lb. (453.6 gm),Beef,6.41,APU0000703511
2020-05-01,2020,5,"Steak, round, USDA Choice, boneless",lb. (453.6 gm),Beef,7.301,APU0000703511
2020-06-01,2020,6,"Steak, round, USDA Choice, boneless",lb. (453.6 gm),Beef,7.394,APU0000703511
2020-07-01,2020,7,"Steak, round, USDA Choice, boneless",lb. (453.6 gm),Beef,6.95,APU0000703511
2020-08-01,2020,8,"Steak, round, USDA Choice, boneless",lb. (453.6 gm),Beef,6.579,APU0000703511
2020-09-01,2020,9,"Steak, round, USDA Choice, boneless",lb. (453.6 gm),Beef,6.447,APU0000703511
2020-10-01,2020,10,"Steak, round, USDA Choice, boneless",lb. (453.6 gm),Beef,6.383,APU0000703511
2020-11-01,2020,11,"Steak, round, USDA Choice, boneless",lb. (453.6 gm),Beef,6.449,APU0000703511
2020-12-01,2020,12,"Steak, round, USDA Choice, boneless",lb. (453.6 gm),Beef,6.339,APU0000703511
2021-01-01,2021,1,"Steak, round, USDA Choice, boneless",lb. (453.6 gm),Beef,6.522,APU0000703511
2021-02-01,2021,2,"Steak, round, USDA Choice, boneless",lb. (453.6 gm),Beef,6.443,APU0000703511
2021-03-01,2021,3,"Steak, round, USDA Choice, boneless",lb. (453.6 gm),Beef,6.412,APU0000703511
2021-04-01,2021,4,"Steak, round, USDA Choice, boneless",lb. (453.6 gm),Beef,6.64,APU0000703511
2021-05-01,2021,5,"Steak, round, USDA Choice, boneless",lb. (453.6 gm),Beef,6.737,APU0000703511
2021-06-01,2021,6,"Steak, round, USDA Choice, boneless",lb. (453.6 gm),Beef,7.297,APU0000703511
2021-07-01,2021,7,"Steak, round, USDA Choice, boneless",lb. (453.6 gm),Beef,7.183,APU0000703511
2021-08-01,2021,8,"Steak, round, USDA Choice, boneless",lb. (453.6 gm),Beef,7.112,APU0000703511
2021-09-01,2021,9,"Steak, round, USDA Choice, boneless",lb. (453.6 gm),Beef,7.282,APU0000703511
2021-10-01,2021,10,"Steak, round, USDA Choice, boneless",lb. (453.6 gm),Beef,7.304,APU0000703511
2021-11-01,2021,11,"Steak, round, USDA Choice, boneless",lb. (453.6 gm),Beef,7.404,APU0000703511
2021-12-01,2021,12,"Steak, round, USDA Choice, boneless",lb. (453.6 gm),Beef,7.342,APU0000703511
2022-01-01,2022,1,"Steak, round, USDA Choice, boneless",lb. (453.6 gm),Beef,7.378,APU0000703511
2022-02-01,2022,2,"Steak, round, USDA Choice, boneless",lb. (453.6 gm),Beef,7.489,APU0000703511
2022-03-01,2022,3,"Steak, round, USDA Choice, boneless",lb. (453.6 gm),Beef,7.324,APU0000703511
2022-04-01,2022,4,"Steak, round, USDA Choice, boneless",lb. (453.6 gm),Beef,7.266,APU0000703511
2022-05-01,2022,5,"Steak, round, USDA Choice, boneless",lb. (453.6 gm),Beef,7.438,APU0000703511
2022-06-01,2022,6,"Steak, round, USDA Choice, boneless",lb. (453.6 gm),Beef,7.318,APU0000703511
2022-07-01,2022,7,"Steak, round, USDA Choice, boneless",lb. (453.6 gm),Beef,7.131,APU0000703511
2022-08-01,2022,8,"Steak, round, USDA Choice, boneless",lb. (453.6 gm),Beef,7.201,APU0000703511
2022-09-01,2022,9,"Steak, round, USDA Choice, boneless",lb. (453.6 gm),Beef,7.184,APU0000703511
2022-10-01,2022,10,"Steak, round, USDA Choice, boneless",lb. (453.6 gm),Beef,7.173,APU0000703511
2022-11-01,2022,11,"Steak, round, USDA Choice, boneless",lb. (453.6 gm),Beef,7.159,APU0000703511
2022-12-01,2022,12,"Steak, round, USDA Choice, boneless",lb. (453.6 gm),Beef,7.061,APU0000703511
2023-01-01,2023,1,"Steak, round, USDA Choice, boneless",lb. (453.6 gm),Beef,7.272,APU0000703511
2023-02-01,2023,2,"Steak, round, USDA Choice, boneless",lb. (453.6 gm),Beef,7.218,APU0000703511
2023-03-01,2023,3,"Steak, round, USDA Choice, boneless",lb. (453.6 gm),Beef,7.179,APU0000703511
2023-04-01,2023,4,"Steak, round, USDA Choice, boneless",lb. (453.6 gm),Beef,7.345,APU0000703511
2023-05-01,2023,5,"Steak, round, USDA Choice, boneless",lb. (453.6 gm),Beef,7.511,APU0000703511
2023-06-01,2023,6,"Steak, round, USDA Choice, boneless",lb. (453.6 gm),Beef,7.43,APU0000703511
2023-07-01,2023,7,"Steak, round, USDA Choice, boneless",lb. (453.6 gm),Beef,7.664,APU0000703511
2023-08-01,2023,8,"Steak, round, USDA Choice, boneless",lb. (453.6 gm),Beef,7.646,APU0000703511
2023-09-01,2023,9,"Steak, round, USDA Choice, boneless",lb. (453.6 gm),Beef,7.774,APU0000703511
2023-10-01,2023,10,"Steak, round, USDA Choice, boneless",lb. (453.6 gm),Beef,7.987,APU0000703511
2023-11-01,2023,11,"Steak, round, USDA Choice, boneless",lb. (453.6 gm),Beef,7.862,APU0000703511
2023-12-01,2023,12,"Steak, round, USDA Choice, boneless",lb. (453.6 gm),Beef,7.994,APU0000703511
2024-01-01,2024,1,"Steak, round, USDA Choice, boneless",lb. (453.6 gm),Beef,8.106,APU0000703511
2024-02-01,2024,2,"Steak, round, USDA Choice, boneless",lb. (453.6 gm),Beef,7.883,APU0000703511
2024-03-01,2024,3,"Steak, round, USDA Choice, boneless",lb. (453.6 gm),Beef,8.031,APU0000703511
2024-04-01,2024,4,"Steak, round, USDA Choice, boneless",lb. (453.6 gm),Beef,8.11,APU0000703511
2024-05-01,2024,5,"Steak, round, USDA Choice, boneless",lb. (453.6 gm),Beef,8.247,APU0000703511
2024-06-01,2024,6,"Steak, round, USDA Choice, boneless",lb. (453.6 gm),Beef,7.927,APU0000703511
2024-07-01,2024,7,"Steak, round, USDA Choice, boneless",lb. (453.6 gm),Beef,8.059,APU0000703511
2024-08-01,2024,8,"Steak, round, USDA Choice, boneless",lb. (453.6 gm),Beef,8.226,APU0000703511
2024-09-01,2024,9,"Steak, round, USDA Choice, boneless",lb. (453.6 gm),Beef,8.148,APU0000703511
2024-10-01,2024,10,"Steak, round, USDA Choice, boneless",lb. (453.6 gm),Beef,8.154,APU0000703511
2024-11-01,2024,11,"Steak, round, USDA Choice, boneless",lb. (453.6 gm),Beef,8.159,APU0000703511
2024-12-01,2024,12,"Steak, round, USDA Choice, boneless",lb. (453.6 gm),Beef,8.136,APU0000703511
2025-01-01,2025,1,"Steak, round, USDA Choice, boneless",lb. (453.6 gm),Beef,8.28,APU0000703511
2025-02-01,2025,2,"Steak, round, USDA Choice, boneless",lb. (453.6 gm),Beef,8.485,APU0000703511
2025-03-01,2025,3,"Steak, round, USDA Choice, boneless",lb. (453.6 gm),Beef,8.554,APU0000703511
2025-04-01,2025,4,"Steak, round, USDA Choice, boneless",lb. (453.6 gm),Beef,8.627,APU0000703511
2025-05-01,2025,5,"Steak, round, USDA Choice, boneless",lb. (453.6 gm),Beef,8.401,APU0000703511
2025-06-01,2025,6,"Steak, round, USDA Choice, boneless",lb. (453.6 gm),Beef,8.457,APU0000703511
2025-07-01,2025,7,"Steak, round, USDA Choice, boneless",lb. (453.6 gm),Beef,8.69,APU0000703511
2025-08-01,2025,8,"Steak, round, USDA Choice, boneless",lb. (453.6 gm),Beef,9.076,APU0000703511
2025-09-01,2025,9,"Steak, round, USDA Choice, boneless",lb. (453.6 gm),Beef,9.36,APU0000703511
2025-11-01,2025,11,"Steak, round, USDA Choice, boneless",lb. (453.6 gm),Beef,9.665,APU0000703511
2025-12-01,2025,12,"Steak, round, USDA Choice, boneless",lb. (453.6 gm),Beef,9.875,APU0000703511
2026-01-01,2026,1,"Steak, round, USDA Choice, boneless",lb. (453.6 gm),Beef,9.836,APU0000703511
2026-02-01,2026,2,"Steak, round, USDA Choice, boneless",lb. (453.6 gm),Beef,10.095,APU0000703511
2026-03-01,2026,3,"Steak, round, USDA Choice, boneless",lb. (453.6 gm),Beef,9.61,APU0000703511
2026-04-01,2026,4,"Steak, round, USDA Choice, boneless",lb. (453.6 gm),Beef,9.825,APU0000703511
2026-05-01,2026,5,"Steak, round, USDA Choice, boneless",lb. (453.6 gm),Beef,9.789,APU0000703511
2026-06-01,2026,6,"Steak, round, USDA Choice, boneless",lb. (453.6 gm),Beef,9.844,APU0000703511
2026-07-01,2026,7,"Steak, round, USDA Choice, boneless",lb. (453.6 gm),Beef,10.036,APU0000703511
2015-01-01,2015,1,"Steak, round, graded and ungraded, excluding USDA Prime and Choice",lb. (453.6 gm),Beef,6.161,APU0000703512
2015-02-01,2015,2,"Steak, round, graded and ungraded, excluding USDA Prime and Choice",lb. (453.6 gm),Beef,6.024,APU0000703512
2015-03-01,2015,3,"Steak, round, graded and ungraded, excluding USDA Prime and Choice",lb. (453.6 gm),Beef,6.085,APU0000703512
2015-04-01,2015,4,"Steak, round, graded and ungraded, excluding USDA Prime and Choice",lb. (453.6 gm),Beef,6.155,APU0000703512
2015-05-01,2015,5,"Steak, round, graded and ungraded, excluding USDA Prime and Choice",lb. (453.6 gm),Beef,6.013,APU0000703512
2015-06-01,2015,6,"Steak, round, graded and ungraded, excluding USDA Prime and Choice",lb. (453.6 gm),Beef,5.931,APU0000703512
2015-07-01,2015,7,"Steak, round, graded and ungraded, excluding USDA Prime and Choice",lb. (453.6 gm),Beef,6.179,APU0000703512
2015-08-01,2015,8,"Steak, round, graded and ungraded, excluding USDA Prime and Choice",lb. (453.6 gm),Beef,6.256,APU0000703512
2015-09-01,2015,9,"Steak, round, graded and ungraded, excluding USDA Prime and Choice",lb. (453.6 gm),Beef,6.129,APU0000703512
2015-10-01,2015,10,"Steak, round, graded and ungraded, excluding USDA Prime and Choice",lb. (453.6 gm),Beef,6.174,APU0000703512
2015-11-01,2015,11,"Steak, round, graded and ungraded, excluding USDA Prime and Choice",lb. (453.6 gm),Beef,6.014,APU0000703512
2015-12-01,2015,12,"Steak, round, graded and ungraded, excluding USDA Prime and Choice",lb. (453.6 gm),Beef,5.918,APU0000703512
2016-01-01,2016,1,"Steak, round, graded and ungraded, excluding USDA Prime and Choice",lb. (453.6 gm),Beef,5.693,APU0000703512
2016-02-01,2016,2,"Steak, round, graded and ungraded, excluding USDA Prime and Choice",lb. (453.6 gm),Beef,5.662,APU0000703512
2016-03-01,2016,3,"Steak, round, graded and ungraded, excluding USDA Prime and Choice",lb. (453.6 gm),Beef,5.801,APU0000703512
2016-04-01,2016,4,"Steak, round, graded and ungraded, excluding USDA Prime and Choice",lb. (453.6 gm),Beef,5.954,APU0000703512
2016-05-01,2016,5,"Steak, round, graded and ungraded, excluding USDA Prime and Choice",lb. (453.6 gm),Beef,5.888,APU0000703512
2016-06-01,2016,6,"Steak, round, graded and ungraded, excluding USDA Prime and Choice",lb. (453.6 gm),Beef,5.748,APU0000703512
2016-07-01,2016,7,"Steak, round, graded and ungraded, excluding USDA Prime and Choice",lb. (453.6 gm),Beef,5.856,APU0000703512
2016-08-01,2016,8,"Steak, round, graded and ungraded, excluding USDA Prime and Choice",lb. (453.6 gm),Beef,5.875,APU0000703512
2016-09-01,2016,9,"Steak, round, graded and ungraded, excluding USDA Prime and Choice",lb. (453.6 gm),Beef,5.738,APU0000703512
2016-10-01,2016,10,"Steak, round, graded and ungraded, excluding USDA Prime and Choice",lb. (453.6 gm),Beef,5.755,APU0000703512
2016-11-01,2016,11,"Steak, round, graded and ungraded, excluding USDA Prime and Choice",lb. (453.6 gm),Beef,5.56,APU0000703512
2016-12-01,2016,12,"Steak, round, graded and ungraded, excluding USDA Prime and Choice",lb. (453.6 gm),Beef,5.465,APU0000703512
2017-01-01,2017,1,"Steak, round, graded and ungraded, excluding USDA Prime and Choice",lb. (453.6 gm),Beef,5.304,APU0000703512
2017-02-01,2017,2,"Steak, round, graded and ungraded, excluding USDA Prime and Choice",lb. (453.6 gm),Beef,5.334,APU0000703512
2017-03-01,2017,3,"Steak, round, graded and ungraded, excluding USDA Prime and Choice",lb. (453.6 gm),Beef,5.461,APU0000703512
2017-04-01,2017,4,"Steak, round, graded and ungraded, excluding USDA Prime and Choice",lb. (453.6 gm),Beef,5.59,APU0000703512
2017-05-01,2017,5,"Steak, round, graded and ungraded, excluding USDA Prime and Choice",lb. (453.6 gm),Beef,5.928,APU0000703512
2017-06-01,2017,6,"Steak, round, graded and ungraded, excluding USDA Prime and Choice",lb. (453.6 gm),Beef,6.132,APU0000703512
2017-07-01,2017,7,"Steak, round, graded and ungraded, excluding USDA Prime and Choice",lb. (453.6 gm),Beef,6.133,APU0000703512
2017-08-01,2017,8,"Steak, round, graded and ungraded, excluding USDA Prime and Choice",lb. (453.6 gm),Beef,5.935,APU0000703512
2017-09-01,2017,9,"Steak, round, graded and ungraded, excluding USDA Prime and Choice",lb. (453.6 gm),Beef,5.94,APU0000703512
2017-10-01,2017,10,"Steak, round, graded and ungraded, excluding USDA Prime and Choice",lb. (453.6 gm),Beef,5.851,APU0000703512
2017-11-01,2017,11,"Steak, round, graded and ungraded, excluding USDA Prime and Choice",lb. (453.6 gm),Beef,5.893,APU0000703512
2017-12-01,2017,12,"Steak, round, graded and ungraded, excluding USDA Prime and Choice",lb. (453.6 gm),Beef,5.943,APU0000703512
2018-01-01,2018,1,"Steak, round, graded and ungraded, excluding USDA Prime and Choice",lb. (453.6 gm),Beef,6.048,APU0000703512
2018-02-01,2018,2,"Steak, round, graded and ungraded, excluding USDA Prime and Choice",lb. (453.6 gm),Beef,5.934,APU0000703512
2018-03-01,2018,3,"Steak, round, graded and ungraded, excluding USDA Prime and Choice",lb. (453.6 gm),Beef,6.062,APU0000703512
2018-04-01,2018,4,"Steak, round, graded and ungraded, excluding USDA Prime and Choice",lb. (453.6 gm),Beef,6.125,APU0000703512
2018-05-01,2018,5,"Steak, round, graded and ungraded, excluding USDA Prime and Choice",lb. (453.6 gm),Beef,6.129,APU0000703512
2018-06-01,2018,6,"Steak, round, graded and ungraded, excluding USDA Prime and Choice",lb. (453.6 gm),Beef,5.819,APU0000703512
2018-07-01,2018,7,"Steak, round, graded and ungraded, excluding USDA Prime and Choice",lb. (453.6 gm),Beef,5.867,APU0000703512
2018-08-01,2018,8,"Steak, round, graded and ungraded, excluding USDA Prime and Choice",lb. (453.6 gm),Beef,5.956,APU0000703512
2018-09-01,2018,9,"Steak, round, graded and ungraded, excluding USDA Prime and Choice",lb. (453.6 gm),Beef,5.865,APU0000703512
2018-10-01,2018,10,"Steak, round, graded and ungraded, excluding USDA Prime and Choice",lb. (453.6 gm),Beef,5.808,APU0000703512
2018-12-01,2018,12,"Steak, round, graded and ungraded, excluding USDA Prime and Choice",lb. (453.6 gm),Beef,5.628,APU0000703512
2019-04-01,2019,4,"Steak, round, graded and ungraded, excluding USDA Prime and Choice",lb. (453.6 gm),Beef,6.036,APU0000703512
2024-07-01,2024,7,"Steak, round, graded and ungraded, excluding USDA Prime and Choice",lb. (453.6 gm),Beef,7.886,APU0000703512
2024-08-01,2024,8,"Steak, round, graded and ungraded, excluding USDA Prime and Choice",lb. (453.6 gm),Beef,7.966,APU0000703512
2024-09-01,2024,9,"Steak, round, graded and ungraded, excluding USDA Prime and Choice",lb. (453.6 gm),Beef,8.09,APU0000703512
2024-10-01,2024,10,"Steak, round, graded and ungraded, excluding USDA Prime and Choice",lb. (453.6 gm),Beef,7.816,APU0000703512
2024-11-01,2024,11,"Steak, round, graded and ungraded, excluding USDA Prime and Choice",lb. (453.6 gm),Beef,7.626,APU0000703512
2024-12-01,2024,12,"Steak, round, graded and ungraded, excluding USDA Prime and Choice",lb. (453.6 gm),Beef,7.626,APU0000703512
2025-01-01,2025,1,"Steak, round, graded and ungraded, excluding USDA Prime and Choice",lb. (453.6 gm),Beef,8.055,APU0000703512
2025-02-01,2025,2,"Steak, round, graded and ungraded, excluding USDA Prime and Choice",lb. (453.6 gm),Beef,8.128,APU0000703512
2025-03-01,2025,3,"Steak, round, graded and ungraded, excluding USDA Prime and Choice",lb. (453.6 gm),Beef,8.155,APU0000703512
2025-04-01,2025,4,"Steak, round, graded and ungraded, excluding USDA Prime and Choice",lb. (453.6 gm),Beef,8.126,APU0000703512
2025-05-01,2025,5,"Steak, round, graded and ungraded, excluding USDA Prime and Choice",lb. (453.6 gm),Beef,8.199,APU0000703512
2025-06-01,2025,6,"Steak, round, graded and ungraded, excluding USDA Prime and Choice",lb. (453.6 gm),Beef,8.394,APU0000703512
2025-07-01,2025,7,"Steak, round, graded and ungraded, excluding USDA Prime and Choice",lb. (453.6 gm),Beef,8.706,APU0000703512
2025-08-01,2025,8,"Steak, round, graded and ungraded, excluding USDA Prime and Choice",lb. (453.6 gm),Beef,8.769,APU0000703512
2025-09-01,2025,9,"Steak, round, graded and ungraded, excluding USDA Prime and Choice",lb. (453.6 gm),Beef,9.062,APU0000703512
2025-12-01,2025,12,"Steak, round, graded and ungraded, excluding USDA Prime and Choice",lb. (453.6 gm),Beef,9.335,APU0000703512
2026-01-01,2026,1,"Steak, round, graded and ungraded, excluding USDA Prime and Choice",lb. (453.6 gm),Beef,9.057,APU0000703512
2026-03-01,2026,3,"Steak, round, graded and ungraded, excluding USDA Prime and Choice",lb. (453.6 gm),Beef,9.188,APU0000703512
2026-04-01,2026,4,"Steak, round, graded and ungraded, excluding USDA Prime and Choice",lb. (453.6 gm),Beef,9.328,APU0000703512
2015-01-01,2015,1,"Steak, sirloin, USDA Choice, boneless",lb. (453.6 gm),Beef,8.08,APU0000703613
2015-02-01,2015,2,"Steak, sirloin, USDA Choice, boneless",lb. (453.6 gm),Beef,8.194,APU0000703613
2015-03-01,2015,3,"Steak, sirloin, USDA Choice, boneless",lb. (453.6 gm),Beef,8.372,APU0000703613
2015-04-01,2015,4,"Steak, sirloin, USDA Choice, boneless",lb. (453.6 gm),Beef,8.329,APU0000703613
2015-05-01,2015,5,"Steak, sirloin, USDA Choice, boneless",lb. (453.6 gm),Beef,8.816,APU0000703613
2015-06-01,2015,6,"Steak, sirloin, USDA Choice, boneless",lb. (453.6 gm),Beef,8.842,APU0000703613
2015-07-01,2015,7,"Steak, sirloin, USDA Choice, boneless",lb. (453.6 gm),Beef,8.837,APU0000703613
2015-08-01,2015,8,"Steak, sirloin, USDA Choice, boneless",lb. (453.6 gm),Beef,8.697,APU0000703613
2015-09-01,2015,9,"Steak, sirloin, USDA Choice, boneless",lb. (453.6 gm),Beef,8.864,APU0000703613
2015-10-01,2015,10,"Steak, sirloin, USDA Choice, boneless",lb. (453.6 gm),Beef,8.802,APU0000703613
2015-11-01,2015,11,"Steak, sirloin, USDA Choice, boneless",lb. (453.6 gm),Beef,8.724,APU0000703613
2015-12-01,2015,12,"Steak, sirloin, USDA Choice, boneless",lb. (453.6 gm),Beef,8.287,APU0000703613
2016-01-01,2016,1,"Steak, sirloin, USDA Choice, boneless",lb. (453.6 gm),Beef,8.144,APU0000703613
2016-02-01,2016,2,"Steak, sirloin, USDA Choice, boneless",lb. (453.6 gm),Beef,8.275,APU0000703613
2016-03-01,2016,3,"Steak, sirloin, USDA Choice, boneless",lb. (453.6 gm),Beef,8.514,APU0000703613
2016-04-01,2016,4,"Steak, sirloin, USDA Choice, boneless",lb. (453.6 gm),Beef,8.502,APU0000703613
2016-05-01,2016,5,"Steak, sirloin, USDA Choice, boneless",lb. (453.6 gm),Beef,8.678,APU0000703613
2016-06-01,2016,6,"Steak, sirloin, USDA Choice, boneless",lb. (453.6 gm),Beef,8.69,APU0000703613
2016-07-01,2016,7,"Steak, sirloin, USDA Choice, boneless",lb. (453.6 gm),Beef,8.521,APU0000703613
2016-08-01,2016,8,"Steak, sirloin, USDA Choice, boneless",lb. (453.6 gm),Beef,8.544,APU0000703613
2016-09-01,2016,9,"Steak, sirloin, USDA Choice, boneless",lb. (453.6 gm),Beef,8.585,APU0000703613
2016-10-01,2016,10,"Steak, sirloin, USDA Choice, boneless",lb. (453.6 gm),Beef,8.323,APU0000703613
2016-11-01,2016,11,"Steak, sirloin, USDA Choice, boneless",lb. (453.6 gm),Beef,7.943,APU0000703613
2016-12-01,2016,12,"Steak, sirloin, USDA Choice, boneless",lb. (453.6 gm),Beef,7.91,APU0000703613
2017-01-01,2017,1,"Steak, sirloin, USDA Choice, boneless",lb. (453.6 gm),Beef,7.79,APU0000703613
2017-02-01,2017,2,"Steak, sirloin, USDA Choice, boneless",lb. (453.6 gm),Beef,7.848,APU0000703613
2017-03-01,2017,3,"Steak, sirloin, USDA Choice, boneless",lb. (453.6 gm),Beef,7.856,APU0000703613
2017-04-01,2017,4,"Steak, sirloin, USDA Choice, boneless",lb. (453.6 gm),Beef,8.081,APU0000703613
2017-05-01,2017,5,"Steak, sirloin, USDA Choice, boneless",lb. (453.6 gm),Beef,8.082,APU0000703613
2017-06-01,2017,6,"Steak, sirloin, USDA Choice, boneless",lb. (453.6 gm),Beef,8.349,APU0000703613
2017-07-01,2017,7,"Steak, sirloin, USDA Choice, boneless",lb. (453.6 gm),Beef,8.359,APU0000703613
2017-08-01,2017,8,"Steak, sirloin, USDA Choice, boneless",lb. (453.6 gm),Beef,8.251,APU0000703613
2017-09-01,2017,9,"Steak, sirloin, USDA Choice, boneless",lb. (453.6 gm),Beef,8.084,APU0000703613
2017-10-01,2017,10,"Steak, sirloin, USDA Choice, boneless",lb. (453.6 gm),Beef,8.039,APU0000703613
2017-11-01,2017,11,"Steak, sirloin, USDA Choice, boneless",lb. (453.6 gm),Beef,7.906,APU0000703613
2017-12-01,2017,12,"Steak, sirloin, USDA Choice, boneless",lb. (453.6 gm),Beef,7.927,APU0000703613
2018-01-01,2018,1,"Steak, sirloin, USDA Choice, boneless",lb. (453.6 gm),Beef,8.205,APU0000703613
2018-02-01,2018,2,"Steak, sirloin, USDA Choice, boneless",lb. (453.6 gm),Beef,8.297,APU0000703613
2018-03-01,2018,3,"Steak, sirloin, USDA Choice, boneless",lb. (453.6 gm),Beef,8.339,APU0000703613
2018-04-01,2018,4,"Steak, sirloin, USDA Choice, boneless",lb. (453.6 gm),Beef,8.551,APU0000703613
2018-05-01,2018,5,"Steak, sirloin, USDA Choice, boneless",lb. (453.6 gm),Beef,8.247,APU0000703613
2018-06-01,2018,6,"Steak, sirloin, USDA Choice, boneless",lb. (453.6 gm),Beef,8.509,APU0000703613
2018-07-01,2018,7,"Steak, sirloin, USDA Choice, boneless",lb. (453.6 gm),Beef,8.552,APU0000703613
2018-08-01,2018,8,"Steak, sirloin, USDA Choice, boneless",lb. (453.6 gm),Beef,8.561,APU0000703613
2018-09-01,2018,9,"Steak, sirloin, USDA Choice, boneless",lb. (453.6 gm),Beef,8.544,APU0000703613
2018-10-01,2018,10,"Steak, sirloin, USDA Choice, boneless",lb. (453.6 gm),Beef,8.331,APU0000703613
2018-11-01,2018,11,"Steak, sirloin, USDA Choice, boneless",lb. (453.6 gm),Beef,8.375,APU0000703613
2018-12-01,2018,12,"Steak, sirloin, USDA Choice, boneless",lb. (453.6 gm),Beef,8.311,APU0000703613
2019-01-01,2019,1,"Steak, sirloin, USDA Choice, boneless",lb. (453.6 gm),Beef,8.348,APU0000703613
2019-02-01,2019,2,"Steak, sirloin, USDA Choice, boneless",lb. (453.6 gm),Beef,8.529,APU0000703613
2019-03-01,2019,3,"Steak, sirloin, USDA Choice, boneless",lb. (453.6 gm),Beef,8.575,APU0000703613
2019-04-01,2019,4,"Steak, sirloin, USDA Choice, boneless",lb. (453.6 gm),Beef,8.706,APU0000703613
2019-05-01,2019,5,"Steak, sirloin, USDA Choice, boneless",lb. (453.6 gm),Beef,8.662,APU0000703613
2019-06-01,2019,6,"Steak, sirloin, USDA Choice, boneless",lb. (453.6 gm),Beef,8.133,APU0000703613
2019-07-01,2019,7,"Steak, sirloin, USDA Choice, boneless",lb. (453.6 gm),Beef,8.284,APU0000703613
2019-08-01,2019,8,"Steak, sirloin, USDA Choice, boneless",lb. (453.6 gm),Beef,8.134,APU0000703613
2019-09-01,2019,9,"Steak, sirloin, USDA Choice, boneless",lb. (453.6 gm),Beef,8.083,APU0000703613
2019-10-01,2019,10,"Steak, sirloin, USDA Choice, boneless",lb. (453.6 gm),Beef,8.225,APU0000703613
2019-11-01,2019,11,"Steak, sirloin, USDA Choice, boneless",lb. (453.6 gm),Beef,8.318,APU0000703613
2019-12-01,2019,12,"Steak, sirloin, USDA Choice, boneless",lb. (453.6 gm),Beef,8.481,APU0000703613
2020-01-01,2020,1,"Steak, sirloin, USDA Choice, boneless",lb. (453.6 gm),Beef,8.441,APU0000703613
2020-02-01,2020,2,"Steak, sirloin, USDA Choice, boneless",lb. (453.6 gm),Beef,8.333,APU0000703613
2020-03-01,2020,3,"Steak, sirloin, USDA Choice, boneless",lb. (453.6 gm),Beef,8.265,APU0000703613
2020-04-01,2020,4,"Steak, sirloin, USDA Choice, boneless",lb. (453.6 gm),Beef,8.6,APU0000703613
2020-05-01,2020,5,"Steak, sirloin, USDA Choice, boneless",lb. (453.6 gm),Beef,9.48,APU0000703613
2020-06-01,2020,6,"Steak, sirloin, USDA Choice, boneless",lb. (453.6 gm),Beef,10.423,APU0000703613
2020-07-01,2020,7,"Steak, sirloin, USDA Choice, boneless",lb. (453.6 gm),Beef,9.413,APU0000703613
2020-08-01,2020,8,"Steak, sirloin, USDA Choice, boneless",lb. (453.6 gm),Beef,8.875,APU0000703613
2020-09-01,2020,9,"Steak, sirloin, USDA Choice, boneless",lb. (453.6 gm),Beef,8.795,APU0000703613
2020-10-01,2020,10,"Steak, sirloin, USDA Choice, boneless",lb. (453.6 gm),Beef,8.931,APU0000703613
2020-11-01,2020,11,"Steak, sirloin, USDA Choice, boneless",lb. (453.6 gm),Beef,8.876,APU0000703613
2020-12-01,2020,12,"Steak, sirloin, USDA Choice, boneless",lb. (453.6 gm),Beef,8.98,APU0000703613
2021-01-01,2021,1,"Steak, sirloin, USDA Choice, boneless",lb. (453.6 gm),Beef,9.148,APU0000703613
2021-02-01,2021,2,"Steak, sirloin, USDA Choice, boneless",lb. (453.6 gm),Beef,9.079,APU0000703613
2021-03-01,2021,3,"Steak, sirloin, USDA Choice, boneless",lb. (453.6 gm),Beef,9.134,APU0000703613
2021-04-01,2021,4,"Steak, sirloin, USDA Choice, boneless",lb. (453.6 gm),Beef,9.344,APU0000703613
2021-05-01,2021,5,"Steak, sirloin, USDA Choice, boneless",lb. (453.6 gm),Beef,9.892,APU0000703613
2021-06-01,2021,6,"Steak, sirloin, USDA Choice, boneless",lb. (453.6 gm),Beef,10.78,APU0000703613
2021-07-01,2021,7,"Steak, sirloin, USDA Choice, boneless",lb. (453.6 gm),Beef,10.538,APU0000703613
2021-08-01,2021,8,"Steak, sirloin, USDA Choice, boneless",lb. (453.6 gm),Beef,10.599,APU0000703613
2021-09-01,2021,9,"Steak, sirloin, USDA Choice, boneless",lb. (453.6 gm),Beef,11.01,APU0000703613
2021-10-01,2021,10,"Steak, sirloin, USDA Choice, boneless",lb. (453.6 gm),Beef,11.654,APU0000703613
2021-11-01,2021,11,"Steak, sirloin, USDA Choice, boneless",lb. (453.6 gm),Beef,11.508,APU0000703613
2021-12-01,2021,12,"Steak, sirloin, USDA Choice, boneless",lb. (453.6 gm),Beef,11.055,APU0000703613
2022-01-01,2022,1,"Steak, sirloin, USDA Choice, boneless",lb. (453.6 gm),Beef,10.826,APU0000703613
2022-02-01,2022,2,"Steak, sirloin, USDA Choice, boneless",lb. (453.6 gm),Beef,10.584,APU0000703613
2022-03-01,2022,3,"Steak, sirloin, USDA Choice, boneless",lb. (453.6 gm),Beef,10.658,APU0000703613
2022-04-01,2022,4,"Steak, sirloin, USDA Choice, boneless",lb. (453.6 gm),Beef,10.656,APU0000703613
2022-05-01,2022,5,"Steak, sirloin, USDA Choice, boneless",lb. (453.6 gm),Beef,10.447,APU0000703613
2022-06-01,2022,6,"Steak, sirloin, USDA Choice, boneless",lb. (453.6 gm),Beef,10.721,APU0000703613
2022-07-01,2022,7,"Steak, sirloin, USDA Choice, boneless",lb. (453.6 gm),Beef,10.57,APU0000703613
2022-08-01,2022,8,"Steak, sirloin, USDA Choice, boneless",lb. (453.6 gm),Beef,10.312,APU0000703613
2022-09-01,2022,9,"Steak, sirloin, USDA Choice, boneless",lb. (453.6 gm),Beef,10.543,APU0000703613
2022-10-01,2022,10,"Steak, sirloin, USDA Choice, boneless",lb. (453.6 gm),Beef,10.496,APU0000703613
2022-11-01,2022,11,"Steak, sirloin, USDA Choice, boneless",lb. (453.6 gm),Beef,10.268,APU0000703613
2022-12-01,2022,12,"Steak, sirloin, USDA Choice, boneless",lb. (453.6 gm),Beef,10.169,APU0000703613
2023-01-01,2023,1,"Steak, sirloin, USDA Choice, boneless",lb. (453.6 gm),Beef,10.313,APU0000703613
2023-02-01,2023,2,"Steak, sirloin, USDA Choice, boneless",lb. (453.6 gm),Beef,10.286,APU0000703613
2023-03-01,2023,3,"Steak, sirloin, USDA Choice, boneless",lb. (453.6 gm),Beef,10.284,APU0000703613
2023-04-01,2023,4,"Steak, sirloin, USDA Choice, boneless",lb. (453.6 gm),Beef,10.607,APU0000703613
2023-05-01,2023,5,"Steak, sirloin, USDA Choice, boneless",lb. (453.6 gm),Beef,10.753,APU0000703613
2023-06-01,2023,6,"Steak, sirloin, USDA Choice, boneless",lb. (453.6 gm),Beef,11.164,APU0000703613
2023-07-01,2023,7,"Steak, sirloin, USDA Choice, boneless",lb. (453.6 gm),Beef,11.507,APU0000703613
2023-08-01,2023,8,"Steak, sirloin, USDA Choice, boneless",lb. (453.6 gm),Beef,11.432,APU0000703613
2023-09-01,2023,9,"Steak, sirloin, USDA Choice, boneless",lb. (453.6 gm),Beef,11.626,APU0000703613
2023-10-01,2023,10,"Steak, sirloin, USDA Choice, boneless",lb. (453.6 gm),Beef,11.697,APU0000703613
2023-11-01,2023,11,"Steak, sirloin, USDA Choice, boneless",lb. (453.6 gm),Beef,11.533,APU0000703613
2023-12-01,2023,12,"Steak, sirloin, USDA Choice, boneless",lb. (453.6 gm),Beef,11.691,APU0000703613
2024-01-01,2024,1,"Steak, sirloin, USDA Choice, boneless",lb. (453.6 gm),Beef,11.637,APU0000703613
2024-02-01,2024,2,"Steak, sirloin, USDA Choice, boneless",lb. (453.6 gm),Beef,11.716,APU0000703613
2024-03-01,2024,3,"Steak, sirloin, USDA Choice, boneless",lb. (453.6 gm),Beef,11.537,APU0000703613
2024-04-01,2024,4,"Steak, sirloin, USDA Choice, boneless",lb. (453.6 gm),Beef,11.662,APU0000703613
2024-05-01,2024,5,"Steak, sirloin, USDA Choice, boneless",lb. (453.6 gm),Beef,11.558,APU0000703613
2024-06-01,2024,6,"Steak, sirloin, USDA Choice, boneless",lb. (453.6 gm),Beef,11.465,APU0000703613
2024-07-01,2024,7,"Steak, sirloin, USDA Choice, boneless",lb. (453.6 gm),Beef,11.726,APU0000703613
2024-08-01,2024,8,"Steak, sirloin, USDA Choice, boneless",lb. (453.6 gm),Beef,11.54,APU0000703613
2024-09-01,2024,9,"Steak, sirloin, USDA Choice, boneless",lb. (453.6 gm),Beef,11.787,APU0000703613
2024-10-01,2024,10,"Steak, sirloin, USDA Choice, boneless",lb. (453.6 gm),Beef,11.497,APU0000703613
2024-11-01,2024,11,"Steak, sirloin, USDA Choice, boneless",lb. (453.6 gm),Beef,12.014,APU0000703613
2024-12-01,2024,12,"Steak, sirloin, USDA Choice, boneless",lb. (453.6 gm),Beef,11.666,APU0000703613
2025-01-01,2025,1,"Steak, sirloin, USDA Choice, boneless",lb. (453.6 gm),Beef,11.965,APU0000703613
2025-02-01,2025,2,"Steak, sirloin, USDA Choice, boneless",lb. (453.6 gm),Beef,11.899,APU0000703613
2025-03-01,2025,3,"Steak, sirloin, USDA Choice, boneless",lb. (453.6 gm),Beef,11.924,APU0000703613
2025-04-01,2025,4,"Steak, sirloin, USDA Choice, boneless",lb. (453.6 gm),Beef,12.326,APU0000703613
2025-05-01,2025,5,"Steak, sirloin, USDA Choice, boneless",lb. (453.6 gm),Beef,12.207,APU0000703613
2025-06-01,2025,6,"Steak, sirloin, USDA Choice, boneless",lb. (453.6 gm),Beef,12.923,APU0000703613
2025-07-01,2025,7,"Steak, sirloin, USDA Choice, boneless",lb. (453.6 gm),Beef,13.554,APU0000703613
2025-08-01,2025,8,"Steak, sirloin, USDA Choice, boneless",lb. (453.6 gm),Beef,14.319,APU0000703613
2025-09-01,2025,9,"Steak, sirloin, USDA Choice, boneless",lb. (453.6 gm),Beef,14.135,APU0000703613
2025-11-01,2025,11,"Steak, sirloin, USDA Choice, boneless",lb. (453.6 gm),Beef,13.342,APU0000703613
2025-12-01,2025,12,"Steak, sirloin, USDA Choice, boneless",lb. (453.6 gm),Beef,14.027,APU0000703613
2026-01-01,2026,1,"Steak, sirloin, USDA Choice, boneless",lb. (453.6 gm),Beef,13.837,APU0000703613
2026-02-01,2026,2,"Steak, sirloin, USDA Choice, boneless",lb. (453.6 gm),Beef,14.191,APU0000703613
2026-03-01,2026,3,"Steak, sirloin, USDA Choice, boneless",lb. (453.6 gm),Beef,14.124,APU0000703613
2026-04-01,2026,4,"Steak, sirloin, USDA Choice, boneless",lb. (453.6 gm),Beef,14.727,APU0000703613
2026-05-01,2026,5,"Steak, sirloin, USDA Choice, boneless",lb. (453.6 gm),Beef,14.274,APU0000703613
2026-06-01,2026,6,"Steak, sirloin, USDA Choice, boneless",lb. (453.6 gm),Beef,14.451,APU0000703613
2026-07-01,2026,7,"Steak, sirloin, USDA Choice, boneless",lb. (453.6 gm),Beef,14.592,APU0000703613
2015-01-01,2015,1,"Strawberries, dry pint",12 oz. (340.2 gm),Fruit,2.454,APU0000711415
2015-02-01,2015,2,"Strawberries, dry pint",12 oz. (340.2 gm),Fruit,2.09,APU0000711415
2015-03-01,2015,3,"Strawberries, dry pint",12 oz. (340.2 gm),Fruit,1.664,APU0000711415
2015-04-01,2015,4,"Strawberries, dry pint",12 oz. (340.2 gm),Fruit,1.852,APU0000711415
2015-05-01,2015,5,"Strawberries, dry pint",12 oz. (340.2 gm),Fruit,2.087,APU0000711415
2015-06-01,2015,6,"Strawberries, dry pint",12 oz. (340.2 gm),Fruit,1.735,APU0000711415
2015-07-01,2015,7,"Strawberries, dry pint",12 oz. (340.2 gm),Fruit,1.798,APU0000711415
2015-08-01,2015,8,"Strawberries, dry pint",12 oz. (340.2 gm),Fruit,2.283,APU0000711415
2015-09-01,2015,9,"Strawberries, dry pint",12 oz. (340.2 gm),Fruit,2.385,APU0000711415
2015-10-01,2015,10,"Strawberries, dry pint",12 oz. (340.2 gm),Fruit,2.523,APU0000711415
2015-12-01,2015,12,"Strawberries, dry pint",12 oz. (340.2 gm),Fruit,3.502,APU0000711415
2016-01-01,2016,1,"Strawberries, dry pint",12 oz. (340.2 gm),Fruit,2.92,APU0000711415
2016-02-01,2016,2,"Strawberries, dry pint",12 oz. (340.2 gm),Fruit,3.149,APU0000711415
2016-03-01,2016,3,"Strawberries, dry pint",12 oz. (340.2 gm),Fruit,2.031,APU0000711415
2016-04-01,2016,4,"Strawberries, dry pint",12 oz. (340.2 gm),Fruit,2.152,APU0000711415
2016-05-01,2016,5,"Strawberries, dry pint",12 oz. (340.2 gm),Fruit,2.252,APU0000711415
2016-06-01,2016,6,"Strawberries, dry pint",12 oz. (340.2 gm),Fruit,1.924,APU0000711415
2016-07-01,2016,7,"Strawberries, dry pint",12 oz. (340.2 gm),Fruit,1.942,APU0000711415
2016-08-01,2016,8,"Strawberries, dry pint",12 oz. (340.2 gm),Fruit,2.169,APU0000711415
2016-09-01,2016,9,"Strawberries, dry pint",12 oz. (340.2 gm),Fruit,2.021,APU0000711415
2016-10-01,2016,10,"Strawberries, dry pint",12 oz. (340.2 gm),Fruit,2.216,APU0000711415
2016-11-01,2016,11,"Strawberries, dry pint",12 oz. (340.2 gm),Fruit,3.165,APU0000711415
2016-12-01,2016,12,"Strawberries, dry pint",12 oz. (340.2 gm),Fruit,3.282,APU0000711415
2017-01-01,2017,1,"Strawberries, dry pint",12 oz. (340.2 gm),Fruit,2.612,APU0000711415
2017-02-01,2017,2,"Strawberries, dry pint",12 oz. (340.2 gm),Fruit,2.367,APU0000711415
2017-03-01,2017,3,"Strawberries, dry pint",12 oz. (340.2 gm),Fruit,2.318,APU0000711415
2017-04-01,2017,4,"Strawberries, dry pint",12 oz. (340.2 gm),Fruit,2.204,APU0000711415
2017-05-01,2017,5,"Strawberries, dry pint",12 oz. (340.2 gm),Fruit,2.06,APU0000711415
2017-06-01,2017,6,"Strawberries, dry pint",12 oz. (340.2 gm),Fruit,1.952,APU0000711415
2017-07-01,2017,7,"Strawberries, dry pint",12 oz. (340.2 gm),Fruit,2.036,APU0000711415
2017-08-01,2017,8,"Strawberries, dry pint",12 oz. (340.2 gm),Fruit,1.979,APU0000711415
2017-09-01,2017,9,"Strawberries, dry pint",12 oz. (340.2 gm),Fruit,2.256,APU0000711415
2017-10-01,2017,10,"Strawberries, dry pint",12 oz. (340.2 gm),Fruit,2.335,APU0000711415
2017-11-01,2017,11,"Strawberries, dry pint",12 oz. (340.2 gm),Fruit,2.863,APU0000711415
2017-12-01,2017,12,"Strawberries, dry pint",12 oz. (340.2 gm),Fruit,3.089,APU0000711415
2018-01-01,2018,1,"Strawberries, dry pint",12 oz. (340.2 gm),Fruit,2.872,APU0000711415
2018-02-01,2018,2,"Strawberries, dry pint",12 oz. (340.2 gm),Fruit,2.492,APU0000711415
2018-03-01,2018,3,"Strawberries, dry pint",12 oz. (340.2 gm),Fruit,2.227,APU0000711415
2018-04-01,2018,4,"Strawberries, dry pint",12 oz. (340.2 gm),Fruit,2.475,APU0000711415
2018-05-01,2018,5,"Strawberries, dry pint",12 oz. (340.2 gm),Fruit,2.079,APU0000711415
2018-06-01,2018,6,"Strawberries, dry pint",12 oz. (340.2 gm),Fruit,1.938,APU0000711415
2018-07-01,2018,7,"Strawberries, dry pint",12 oz. (340.2 gm),Fruit,2.007,APU0000711415
2018-08-01,2018,8,"Strawberries, dry pint",12 oz. (340.2 gm),Fruit,2.004,APU0000711415
2018-09-01,2018,9,"Strawberries, dry pint",12 oz. (340.2 gm),Fruit,2.147,APU0000711415
2018-10-01,2018,10,"Strawberries, dry pint",12 oz. (340.2 gm),Fruit,2.216,APU0000711415
2018-11-01,2018,11,"Strawberries, dry pint",12 oz. (340.2 gm),Fruit,2.502,APU0000711415
2018-12-01,2018,12,"Strawberries, dry pint",12 oz. (340.2 gm),Fruit,3.166,APU0000711415
2019-01-01,2019,1,"Strawberries, dry pint",12 oz. (340.2 gm),Fruit,3.279,APU0000711415
2019-02-01,2019,2,"Strawberries, dry pint",12 oz. (340.2 gm),Fruit,2.872,APU0000711415
2019-03-01,2019,3,"Strawberries, dry pint",12 oz. (340.2 gm),Fruit,2.475,APU0000711415
2019-04-01,2019,4,"Strawberries, dry pint",12 oz. (340.2 gm),Fruit,2.504,APU0000711415
2019-05-01,2019,5,"Strawberries, dry pint",12 oz. (340.2 gm),Fruit,1.972,APU0000711415
2019-06-01,2019,6,"Strawberries, dry pint",12 oz. (340.2 gm),Fruit,2.066,APU0000711415
2019-07-01,2019,7,"Strawberries, dry pint",12 oz. (340.2 gm),Fruit,2.111,APU0000711415
2019-08-01,2019,8,"Strawberries, dry pint",12 oz. (340.2 gm),Fruit,2.01,APU0000711415
2019-09-01,2019,9,"Strawberries, dry pint",12 oz. (340.2 gm),Fruit,2.153,APU0000711415
2019-10-01,2019,10,"Strawberries, dry pint",12 oz. (340.2 gm),Fruit,2.402,APU0000711415
2019-11-01,2019,11,"Strawberries, dry pint",12 oz. (340.2 gm),Fruit,2.604,APU0000711415
2019-12-01,2019,12,"Strawberries, dry pint",12 oz. (340.2 gm),Fruit,3.096,APU0000711415
2020-01-01,2020,1,"Strawberries, dry pint",12 oz. (340.2 gm),Fruit,2.884,APU0000711415
2020-02-01,2020,2,"Strawberries, dry pint",12 oz. (340.2 gm),Fruit,2.558,APU0000711415
2020-03-01,2020,3,"Strawberries, dry pint",12 oz. (340.2 gm),Fruit,2.367,APU0000711415
2020-05-01,2020,5,"Strawberries, dry pint",12 oz. (340.2 gm),Fruit,2.174,APU0000711415
2020-06-01,2020,6,"Strawberries, dry pint",12 oz. (340.2 gm),Fruit,2.02,APU0000711415
2020-07-01,2020,7,"Strawberries, dry pint",12 oz. (340.2 gm),Fruit,2.02,APU0000711415
2020-08-01,2020,8,"Strawberries, dry pint",12 oz. (340.2 gm),Fruit,2.214,APU0000711415
2020-09-01,2020,9,"Strawberries, dry pint",12 oz. (340.2 gm),Fruit,2.234,APU0000711415
2020-10-01,2020,10,"Strawberries, dry pint",12 oz. (340.2 gm),Fruit,2.745,APU0000711415
2020-11-01,2020,11,"Strawberries, dry pint",12 oz. (340.2 gm),Fruit,2.934,APU0000711415
2020-12-01,2020,12,"Strawberries, dry pint",12 oz. (340.2 gm),Fruit,3.29,APU0000711415
2021-01-01,2021,1,"Strawberries, dry pint",12 oz. (340.2 gm),Fruit,3.044,APU0000711415
2021-02-01,2021,2,"Strawberries, dry pint",12 oz. (340.2 gm),Fruit,2.893,APU0000711415
2021-03-01,2021,3,"Strawberries, dry pint",12 oz. (340.2 gm),Fruit,2.7,APU0000711415
2021-04-01,2021,4,"Strawberries, dry pint",12 oz. (340.2 gm),Fruit,2.803,APU0000711415
2021-05-01,2021,5,"Strawberries, dry pint",12 oz. (340.2 gm),Fruit,2.648,APU0000711415
2021-06-01,2021,6,"Strawberries, dry pint",12 oz. (340.2 gm),Fruit,2.318,APU0000711415
2021-07-01,2021,7,"Strawberries, dry pint",12 oz. (340.2 gm),Fruit,2.256,APU0000711415
2021-08-01,2021,8,"Strawberries, dry pint",12 oz. (340.2 gm),Fruit,2.434,APU0000711415
2021-09-01,2021,9,"Strawberries, dry pint",12 oz. (340.2 gm),Fruit,2.454,APU0000711415
2021-10-01,2021,10,"Strawberries, dry pint",12 oz. (340.2 gm),Fruit,2.687,APU0000711415
2021-11-01,2021,11,"Strawberries, dry pint",12 oz. (340.2 gm),Fruit,3.079,APU0000711415
2022-01-01,2022,1,"Strawberries, dry pint",12 oz. (340.2 gm),Fruit,3.106,APU0000711415
2022-02-01,2022,2,"Strawberries, dry pint",12 oz. (340.2 gm),Fruit,3.045,APU0000711415
2022-03-01,2022,3,"Strawberries, dry pint",12 oz. (340.2 gm),Fruit,2.711,APU0000711415
2022-04-01,2022,4,"Strawberries, dry pint",12 oz. (340.2 gm),Fruit,2.777,APU0000711415
2022-05-01,2022,5,"Strawberries, dry pint",12 oz. (340.2 gm),Fruit,2.438,APU0000711415
2022-06-01,2022,6,"Strawberries, dry pint",12 oz. (340.2 gm),Fruit,2.317,APU0000711415
2022-07-01,2022,7,"Strawberries, dry pint",12 oz. (340.2 gm),Fruit,2.208,APU0000711415
2022-08-01,2022,8,"Strawberries, dry pint",12 oz. (340.2 gm),Fruit,2.558,APU0000711415
2022-09-01,2022,9,"Strawberries, dry pint",12 oz. (340.2 gm),Fruit,2.782,APU0000711415
2022-10-01,2022,10,"Strawberries, dry pint",12 oz. (340.2 gm),Fruit,3.108,APU0000711415
2022-11-01,2022,11,"Strawberries, dry pint",12 oz. (340.2 gm),Fruit,3.631,APU0000711415
2022-12-01,2022,12,"Strawberries, dry pint",12 oz. (340.2 gm),Fruit,3.856,APU0000711415
2023-01-01,2023,1,"Strawberries, dry pint",12 oz. (340.2 gm),Fruit,3.467,APU0000711415
2023-02-01,2023,2,"Strawberries, dry pint",12 oz. (340.2 gm),Fruit,3.169,APU0000711415
2023-03-01,2023,3,"Strawberries, dry pint",12 oz. (340.2 gm),Fruit,2.649,APU0000711415
2023-04-01,2023,4,"Strawberries, dry pint",12 oz. (340.2 gm),Fruit,2.894,APU0000711415
2023-05-01,2023,5,"Strawberries, dry pint",12 oz. (340.2 gm),Fruit,2.668,APU0000711415
2023-06-01,2023,6,"Strawberries, dry pint",12 oz. (340.2 gm),Fruit,2.499,APU0000711415
2023-07-01,2023,7,"Strawberries, dry pint",12 oz. (340.2 gm),Fruit,2.421,APU0000711415
2023-08-01,2023,8,"Strawberries, dry pint",12 oz. (340.2 gm),Fruit,2.609,APU0000711415
2023-09-01,2023,9,"Strawberries, dry pint",12 oz. (340.2 gm),Fruit,2.628,APU0000711415
2023-10-01,2023,10,"Strawberries, dry pint",12 oz. (340.2 gm),Fruit,2.617,APU0000711415
2023-11-01,2023,11,"Strawberries, dry pint",12 oz. (340.2 gm),Fruit,2.965,APU0000711415
2023-12-01,2023,12,"Strawberries, dry pint",12 oz. (340.2 gm),Fruit,3.574,APU0000711415
2024-01-01,2024,1,"Strawberries, dry pint",12 oz. (340.2 gm),Fruit,3.658,APU0000711415
2024-02-01,2024,2,"Strawberries, dry pint",12 oz. (340.2 gm),Fruit,3.049,APU0000711415
2024-03-01,2024,3,"Strawberries, dry pint",12 oz. (340.2 gm),Fruit,2.648,APU0000711415
2024-04-01,2024,4,"Strawberries, dry pint",12 oz. (340.2 gm),Fruit,2.52,APU0000711415
2024-05-01,2024,5,"Strawberries, dry pint",12 oz. (340.2 gm),Fruit,2.259,APU0000711415
2024-06-01,2024,6,"Strawberries, dry pint",12 oz. (340.2 gm),Fruit,2.059,APU0000711415
2024-07-01,2024,7,"Strawberries, dry pint",12 oz. (340.2 gm),Fruit,2.166,APU0000711415
2024-08-01,2024,8,"Strawberries, dry pint",12 oz. (340.2 gm),Fruit,2.344,APU0000711415
2024-09-01,2024,9,"Strawberries, dry pint",12 oz. (340.2 gm),Fruit,2.648,APU0000711415
2024-10-01,2024,10,"Strawberries, dry pint",12 oz. (340.2 gm),Fruit,2.629,APU0000711415
2024-11-01,2024,11,"Strawberries, dry pint",12 oz. (340.2 gm),Fruit,3.169,APU0000711415
2024-12-01,2024,12,"Strawberries, dry pint",12 oz. (340.2 gm),Fruit,3.505,APU0000711415
2025-01-01,2025,1,"Strawberries, dry pint",12 oz. (340.2 gm),Fruit,3.295,APU0000711415
2025-02-01,2025,2,"Strawberries, dry pint",12 oz. (340.2 gm),Fruit,2.905,APU0000711415
2025-03-01,2025,3,"Strawberries, dry pint",12 oz. (340.2 gm),Fruit,2.361,APU0000711415
2025-04-01,2025,4,"Strawberries, dry pint",12 oz. (340.2 gm),Fruit,2.475,APU0000711415
2025-05-01,2025,5,"Strawberries, dry pint",12 oz. (340.2 gm),Fruit,2.397,APU0000711415
2025-06-01,2025,6,"Strawberries, dry pint",12 oz. (340.2 gm),Fruit,2.223,APU0000711415
2025-07-01,2025,7,"Strawberries, dry pint",12 oz. (340.2 gm),Fruit,2.221,APU0000711415
2025-08-01,2025,8,"Strawberries, dry pint",12 oz. (340.2 gm),Fruit,2.408,APU0000711415
2025-09-01,2025,9,"Strawberries, dry pint",12 oz. (340.2 gm),Fruit,2.573,APU0000711415
2025-12-01,2025,12,"Strawberries, dry pint",12 oz. (340.2 gm),Fruit,3.606,APU0000711415
2026-01-01,2026,1,"Strawberries, dry pint",12 oz. (340.2 gm),Fruit,3.075,APU0000711415
2026-02-01,2026,2,"Strawberries, dry pint",12 oz. (340.2 gm),Fruit,2.929,APU0000711415
2026-03-01,2026,3,"Strawberries, dry pint",12 oz. (340.2 gm),Fruit,2.582,APU0000711415
2026-04-01,2026,4,"Strawberries, dry pint",12 oz. (340.2 gm),Fruit,2.488,APU0000711415
2026-05-01,2026,5,"Strawberries, dry pint",12 oz. (340.2 gm),Fruit,2.595,APU0000711415
2026-06-01,2026,6,"Strawberries, dry pint",12 oz. (340.2 gm),Fruit,2.516,APU0000711415
2026-07-01,2026,7,"Strawberries, dry pint",12 oz. (340.2 gm),Fruit,2.404,APU0000711415
2015-01-01,2015,1,"Sugar, white, 33-80 oz. pkg",lb. (453.6 gm),Pantry and snacks,0.626,APU0000715212
2015-02-01,2015,2,"Sugar, white, 33-80 oz. pkg",lb. (453.6 gm),Pantry and snacks,0.649,APU0000715212
2015-03-01,2015,3,"Sugar, white, 33-80 oz. pkg",lb. (453.6 gm),Pantry and snacks,0.653,APU0000715212
2015-04-01,2015,4,"Sugar, white, 33-80 oz. pkg",lb. (453.6 gm),Pantry and snacks,0.662,APU0000715212
2015-05-01,2015,5,"Sugar, white, 33-80 oz. pkg",lb. (453.6 gm),Pantry and snacks,0.648,APU0000715212
2015-06-01,2015,6,"Sugar, white, 33-80 oz. pkg",lb. (453.6 gm),Pantry and snacks,0.635,APU0000715212
2015-07-01,2015,7,"Sugar, white, 33-80 oz. pkg",lb. (453.6 gm),Pantry and snacks,0.654,APU0000715212
2015-08-01,2015,8,"Sugar, white, 33-80 oz. pkg",lb. (453.6 gm),Pantry and snacks,0.652,APU0000715212
2015-09-01,2015,9,"Sugar, white, 33-80 oz. pkg",lb. (453.6 gm),Pantry and snacks,0.652,APU0000715212
2015-10-01,2015,10,"Sugar, white, 33-80 oz. pkg",lb. (453.6 gm),Pantry and snacks,0.663,APU0000715212
2015-11-01,2015,11,"Sugar, white, 33-80 oz. pkg",lb. (453.6 gm),Pantry and snacks,0.628,APU0000715212
2015-12-01,2015,12,"Sugar, white, 33-80 oz. pkg",lb. (453.6 gm),Pantry and snacks,0.63,APU0000715212
2016-01-01,2016,1,"Sugar, white, 33-80 oz. pkg",lb. (453.6 gm),Pantry and snacks,0.658,APU0000715212
2016-02-01,2016,2,"Sugar, white, 33-80 oz. pkg",lb. (453.6 gm),Pantry and snacks,0.634,APU0000715212
2016-03-01,2016,3,"Sugar, white, 33-80 oz. pkg",lb. (453.6 gm),Pantry and snacks,0.61,APU0000715212
2016-04-01,2016,4,"Sugar, white, 33-80 oz. pkg",lb. (453.6 gm),Pantry and snacks,0.64,APU0000715212
2016-05-01,2016,5,"Sugar, white, 33-80 oz. pkg",lb. (453.6 gm),Pantry and snacks,0.619,APU0000715212
2016-06-01,2016,6,"Sugar, white, 33-80 oz. pkg",lb. (453.6 gm),Pantry and snacks,0.607,APU0000715212
2016-07-01,2016,7,"Sugar, white, 33-80 oz. pkg",lb. (453.6 gm),Pantry and snacks,0.616,APU0000715212
2016-08-01,2016,8,"Sugar, white, 33-80 oz. pkg",lb. (453.6 gm),Pantry and snacks,0.624,APU0000715212
2016-09-01,2016,9,"Sugar, white, 33-80 oz. pkg",lb. (453.6 gm),Pantry and snacks,0.62,APU0000715212
2017-06-01,2017,6,"Sugar, white, 33-80 oz. pkg",lb. (453.6 gm),Pantry and snacks,0.621,APU0000715212
2018-11-01,2018,11,"Sugar, white, 33-80 oz. pkg",lb. (453.6 gm),Pantry and snacks,0.582,APU0000715212
2018-12-01,2018,12,"Sugar, white, 33-80 oz. pkg",lb. (453.6 gm),Pantry and snacks,0.549,APU0000715212
2019-01-01,2019,1,"Sugar, white, 33-80 oz. pkg",lb. (453.6 gm),Pantry and snacks,0.576,APU0000715212
2019-02-01,2019,2,"Sugar, white, 33-80 oz. pkg",lb. (453.6 gm),Pantry and snacks,0.565,APU0000715212
2019-03-01,2019,3,"Sugar, white, 33-80 oz. pkg",lb. (453.6 gm),Pantry and snacks,0.573,APU0000715212
2019-04-01,2019,4,"Sugar, white, 33-80 oz. pkg",lb. (453.6 gm),Pantry and snacks,0.561,APU0000715212
2019-05-01,2019,5,"Sugar, white, 33-80 oz. pkg",lb. (453.6 gm),Pantry and snacks,0.563,APU0000715212
2019-06-01,2019,6,"Sugar, white, 33-80 oz. pkg",lb. (453.6 gm),Pantry and snacks,0.569,APU0000715212
2019-07-01,2019,7,"Sugar, white, 33-80 oz. pkg",lb. (453.6 gm),Pantry and snacks,0.575,APU0000715212
2019-08-01,2019,8,"Sugar, white, 33-80 oz. pkg",lb. (453.6 gm),Pantry and snacks,0.576,APU0000715212
2019-09-01,2019,9,"Sugar, white, 33-80 oz. pkg",lb. (453.6 gm),Pantry and snacks,0.588,APU0000715212
2019-10-01,2019,10,"Sugar, white, 33-80 oz. pkg",lb. (453.6 gm),Pantry and snacks,0.575,APU0000715212
2019-11-01,2019,11,"Sugar, white, 33-80 oz. pkg",lb. (453.6 gm),Pantry and snacks,0.562,APU0000715212
2019-12-01,2019,12,"Sugar, white, 33-80 oz. pkg",lb. (453.6 gm),Pantry and snacks,0.558,APU0000715212
2020-01-01,2020,1,"Sugar, white, 33-80 oz. pkg",lb. (453.6 gm),Pantry and snacks,0.575,APU0000715212
2020-02-01,2020,2,"Sugar, white, 33-80 oz. pkg",lb. (453.6 gm),Pantry and snacks,0.584,APU0000715212
2020-03-01,2020,3,"Sugar, white, 33-80 oz. pkg",lb. (453.6 gm),Pantry and snacks,0.597,APU0000715212
2020-04-01,2020,4,"Sugar, white, 33-80 oz. pkg",lb. (453.6 gm),Pantry and snacks,0.607,APU0000715212
2020-05-01,2020,5,"Sugar, white, 33-80 oz. pkg",lb. (453.6 gm),Pantry and snacks,0.622,APU0000715212
2020-06-01,2020,6,"Sugar, white, 33-80 oz. pkg",lb. (453.6 gm),Pantry and snacks,0.597,APU0000715212
2020-07-01,2020,7,"Sugar, white, 33-80 oz. pkg",lb. (453.6 gm),Pantry and snacks,0.605,APU0000715212
2020-08-01,2020,8,"Sugar, white, 33-80 oz. pkg",lb. (453.6 gm),Pantry and snacks,0.606,APU0000715212
2020-09-01,2020,9,"Sugar, white, 33-80 oz. pkg",lb. (453.6 gm),Pantry and snacks,0.604,APU0000715212
2020-10-01,2020,10,"Sugar, white, 33-80 oz. pkg",lb. (453.6 gm),Pantry and snacks,0.603,APU0000715212
2020-11-01,2020,11,"Sugar, white, 33-80 oz. pkg",lb. (453.6 gm),Pantry and snacks,0.624,APU0000715212
2020-12-01,2020,12,"Sugar, white, 33-80 oz. pkg",lb. (453.6 gm),Pantry and snacks,0.642,APU0000715212
2021-01-01,2021,1,"Sugar, white, 33-80 oz. pkg",lb. (453.6 gm),Pantry and snacks,0.652,APU0000715212
2021-02-01,2021,2,"Sugar, white, 33-80 oz. pkg",lb. (453.6 gm),Pantry and snacks,0.654,APU0000715212
2021-03-01,2021,3,"Sugar, white, 33-80 oz. pkg",lb. (453.6 gm),Pantry and snacks,0.648,APU0000715212
2021-04-01,2021,4,"Sugar, white, 33-80 oz. pkg",lb. (453.6 gm),Pantry and snacks,0.644,APU0000715212
2021-05-01,2021,5,"Sugar, white, 33-80 oz. pkg",lb. (453.6 gm),Pantry and snacks,0.641,APU0000715212
2021-06-01,2021,6,"Sugar, white, 33-80 oz. pkg",lb. (453.6 gm),Pantry and snacks,0.648,APU0000715212
2021-07-01,2021,7,"Sugar, white, 33-80 oz. pkg",lb. (453.6 gm),Pantry and snacks,0.647,APU0000715212
2021-08-01,2021,8,"Sugar, white, 33-80 oz. pkg",lb. (453.6 gm),Pantry and snacks,0.647,APU0000715212
2021-09-01,2021,9,"Sugar, white, 33-80 oz. pkg",lb. (453.6 gm),Pantry and snacks,0.652,APU0000715212
2021-10-01,2021,10,"Sugar, white, 33-80 oz. pkg",lb. (453.6 gm),Pantry and snacks,0.666,APU0000715212
2021-11-01,2021,11,"Sugar, white, 33-80 oz. pkg",lb. (453.6 gm),Pantry and snacks,0.628,APU0000715212
2021-12-01,2021,12,"Sugar, white, 33-80 oz. pkg",lb. (453.6 gm),Pantry and snacks,0.633,APU0000715212
2022-01-01,2022,1,"Sugar, white, 33-80 oz. pkg",lb. (453.6 gm),Pantry and snacks,0.649,APU0000715212
2022-02-01,2022,2,"Sugar, white, 33-80 oz. pkg",lb. (453.6 gm),Pantry and snacks,0.661,APU0000715212
2022-03-01,2022,3,"Sugar, white, 33-80 oz. pkg",lb. (453.6 gm),Pantry and snacks,0.675,APU0000715212
2022-04-01,2022,4,"Sugar, white, 33-80 oz. pkg",lb. (453.6 gm),Pantry and snacks,0.673,APU0000715212
2022-05-01,2022,5,"Sugar, white, 33-80 oz. pkg",lb. (453.6 gm),Pantry and snacks,0.683,APU0000715212
2022-06-01,2022,6,"Sugar, white, 33-80 oz. pkg",lb. (453.6 gm),Pantry and snacks,0.705,APU0000715212
2022-07-01,2022,7,"Sugar, white, 33-80 oz. pkg",lb. (453.6 gm),Pantry and snacks,0.734,APU0000715212
2022-08-01,2022,8,"Sugar, white, 33-80 oz. pkg",lb. (453.6 gm),Pantry and snacks,0.772,APU0000715212
2022-09-01,2022,9,"Sugar, white, 33-80 oz. pkg",lb. (453.6 gm),Pantry and snacks,0.791,APU0000715212
2022-10-01,2022,10,"Sugar, white, 33-80 oz. pkg",lb. (453.6 gm),Pantry and snacks,0.793,APU0000715212
2015-01-01,2015,1,"Sugar, white, all sizes",lb. (453.6 gm),Pantry and snacks,0.644,APU0000715211
2015-02-01,2015,2,"Sugar, white, all sizes",lb. (453.6 gm),Pantry and snacks,0.659,APU0000715211
2015-03-01,2015,3,"Sugar, white, all sizes",lb. (453.6 gm),Pantry and snacks,0.66,APU0000715211
2015-04-01,2015,4,"Sugar, white, all sizes",lb. (453.6 gm),Pantry and snacks,0.663,APU0000715211
2015-05-01,2015,5,"Sugar, white, all sizes",lb. (453.6 gm),Pantry and snacks,0.66,APU0000715211
2015-06-01,2015,6,"Sugar, white, all sizes",lb. (453.6 gm),Pantry and snacks,0.646,APU0000715211
2015-07-01,2015,7,"Sugar, white, all sizes",lb. (453.6 gm),Pantry and snacks,0.656,APU0000715211
2015-08-01,2015,8,"Sugar, white, all sizes",lb. (453.6 gm),Pantry and snacks,0.654,APU0000715211
2015-09-01,2015,9,"Sugar, white, all sizes",lb. (453.6 gm),Pantry and snacks,0.656,APU0000715211
2015-10-01,2015,10,"Sugar, white, all sizes",lb. (453.6 gm),Pantry and snacks,0.662,APU0000715211
2015-11-01,2015,11,"Sugar, white, all sizes",lb. (453.6 gm),Pantry and snacks,0.641,APU0000715211
2015-12-01,2015,12,"Sugar, white, all sizes",lb. (453.6 gm),Pantry and snacks,0.642,APU0000715211
2016-01-01,2016,1,"Sugar, white, all sizes",lb. (453.6 gm),Pantry and snacks,0.662,APU0000715211
2016-02-01,2016,2,"Sugar, white, all sizes",lb. (453.6 gm),Pantry and snacks,0.648,APU0000715211
2016-03-01,2016,3,"Sugar, white, all sizes",lb. (453.6 gm),Pantry and snacks,0.632,APU0000715211
2016-04-01,2016,4,"Sugar, white, all sizes",lb. (453.6 gm),Pantry and snacks,0.655,APU0000715211
2016-05-01,2016,5,"Sugar, white, all sizes",lb. (453.6 gm),Pantry and snacks,0.651,APU0000715211
2016-06-01,2016,6,"Sugar, white, all sizes",lb. (453.6 gm),Pantry and snacks,0.641,APU0000715211
2016-07-01,2016,7,"Sugar, white, all sizes",lb. (453.6 gm),Pantry and snacks,0.646,APU0000715211
2016-08-01,2016,8,"Sugar, white, all sizes",lb. (453.6 gm),Pantry and snacks,0.653,APU0000715211
2016-09-01,2016,9,"Sugar, white, all sizes",lb. (453.6 gm),Pantry and snacks,0.653,APU0000715211
2016-10-01,2016,10,"Sugar, white, all sizes",lb. (453.6 gm),Pantry and snacks,0.63,APU0000715211
2016-11-01,2016,11,"Sugar, white, all sizes",lb. (453.6 gm),Pantry and snacks,0.618,APU0000715211
2016-12-01,2016,12,"Sugar, white, all sizes",lb. (453.6 gm),Pantry and snacks,0.614,APU0000715211
2017-01-01,2017,1,"Sugar, white, all sizes",lb. (453.6 gm),Pantry and snacks,0.632,APU0000715211
2017-02-01,2017,2,"Sugar, white, all sizes",lb. (453.6 gm),Pantry and snacks,0.637,APU0000715211
2017-03-01,2017,3,"Sugar, white, all sizes",lb. (453.6 gm),Pantry and snacks,0.631,APU0000715211
2017-04-01,2017,4,"Sugar, white, all sizes",lb. (453.6 gm),Pantry and snacks,0.628,APU0000715211
2017-05-01,2017,5,"Sugar, white, all sizes",lb. (453.6 gm),Pantry and snacks,0.647,APU0000715211
2017-06-01,2017,6,"Sugar, white, all sizes",lb. (453.6 gm),Pantry and snacks,0.659,APU0000715211
2017-07-01,2017,7,"Sugar, white, all sizes",lb. (453.6 gm),Pantry and snacks,0.659,APU0000715211
2017-08-01,2017,8,"Sugar, white, all sizes",lb. (453.6 gm),Pantry and snacks,0.658,APU0000715211
2017-09-01,2017,9,"Sugar, white, all sizes",lb. (453.6 gm),Pantry and snacks,0.67,APU0000715211
2017-10-01,2017,10,"Sugar, white, all sizes",lb. (453.6 gm),Pantry and snacks,0.664,APU0000715211
2017-11-01,2017,11,"Sugar, white, all sizes",lb. (453.6 gm),Pantry and snacks,0.64,APU0000715211
2017-12-01,2017,12,"Sugar, white, all sizes",lb. (453.6 gm),Pantry and snacks,0.646,APU0000715211
2018-01-01,2018,1,"Sugar, white, all sizes",lb. (453.6 gm),Pantry and snacks,0.623,APU0000715211
2018-02-01,2018,2,"Sugar, white, all sizes",lb. (453.6 gm),Pantry and snacks,0.622,APU0000715211
2018-03-01,2018,3,"Sugar, white, all sizes",lb. (453.6 gm),Pantry and snacks,0.612,APU0000715211
2018-04-01,2018,4,"Sugar, white, all sizes",lb. (453.6 gm),Pantry and snacks,0.617,APU0000715211
2018-05-01,2018,5,"Sugar, white, all sizes",lb. (453.6 gm),Pantry and snacks,0.628,APU0000715211
2018-06-01,2018,6,"Sugar, white, all sizes",lb. (453.6 gm),Pantry and snacks,0.629,APU0000715211
2018-07-01,2018,7,"Sugar, white, all sizes",lb. (453.6 gm),Pantry and snacks,0.63,APU0000715211
2018-08-01,2018,8,"Sugar, white, all sizes",lb. (453.6 gm),Pantry and snacks,0.628,APU0000715211
2018-09-01,2018,9,"Sugar, white, all sizes",lb. (453.6 gm),Pantry and snacks,0.629,APU0000715211
2018-10-01,2018,10,"Sugar, white, all sizes",lb. (453.6 gm),Pantry and snacks,0.602,APU0000715211
2018-11-01,2018,11,"Sugar, white, all sizes",lb. (453.6 gm),Pantry and snacks,0.602,APU0000715211
2018-12-01,2018,12,"Sugar, white, all sizes",lb. (453.6 gm),Pantry and snacks,0.573,APU0000715211
2019-01-01,2019,1,"Sugar, white, all sizes",lb. (453.6 gm),Pantry and snacks,0.595,APU0000715211
2019-02-01,2019,2,"Sugar, white, all sizes",lb. (453.6 gm),Pantry and snacks,0.592,APU0000715211
2019-03-01,2019,3,"Sugar, white, all sizes",lb. (453.6 gm),Pantry and snacks,0.596,APU0000715211
2019-04-01,2019,4,"Sugar, white, all sizes",lb. (453.6 gm),Pantry and snacks,0.591,APU0000715211
2019-05-01,2019,5,"Sugar, white, all sizes",lb. (453.6 gm),Pantry and snacks,0.58,APU0000715211
2019-06-01,2019,6,"Sugar, white, all sizes",lb. (453.6 gm),Pantry and snacks,0.586,APU0000715211
2019-07-01,2019,7,"Sugar, white, all sizes",lb. (453.6 gm),Pantry and snacks,0.589,APU0000715211
2019-08-01,2019,8,"Sugar, white, all sizes",lb. (453.6 gm),Pantry and snacks,0.589,APU0000715211
2019-09-01,2019,9,"Sugar, white, all sizes",lb. (453.6 gm),Pantry and snacks,0.596,APU0000715211
2019-10-01,2019,10,"Sugar, white, all sizes",lb. (453.6 gm),Pantry and snacks,0.589,APU0000715211
2019-11-01,2019,11,"Sugar, white, all sizes",lb. (453.6 gm),Pantry and snacks,0.589,APU0000715211
2019-12-01,2019,12,"Sugar, white, all sizes",lb. (453.6 gm),Pantry and snacks,0.589,APU0000715211
2020-01-01,2020,1,"Sugar, white, all sizes",lb. (453.6 gm),Pantry and snacks,0.603,APU0000715211
2020-02-01,2020,2,"Sugar, white, all sizes",lb. (453.6 gm),Pantry and snacks,0.612,APU0000715211
2020-03-01,2020,3,"Sugar, white, all sizes",lb. (453.6 gm),Pantry and snacks,0.621,APU0000715211
2020-04-01,2020,4,"Sugar, white, all sizes",lb. (453.6 gm),Pantry and snacks,0.64,APU0000715211
2020-05-01,2020,5,"Sugar, white, all sizes",lb. (453.6 gm),Pantry and snacks,0.647,APU0000715211
2020-06-01,2020,6,"Sugar, white, all sizes",lb. (453.6 gm),Pantry and snacks,0.626,APU0000715211
2020-07-01,2020,7,"Sugar, white, all sizes",lb. (453.6 gm),Pantry and snacks,0.627,APU0000715211
2020-08-01,2020,8,"Sugar, white, all sizes",lb. (453.6 gm),Pantry and snacks,0.629,APU0000715211
2020-09-01,2020,9,"Sugar, white, all sizes",lb. (453.6 gm),Pantry and snacks,0.63,APU0000715211
2020-10-01,2020,10,"Sugar, white, all sizes",lb. (453.6 gm),Pantry and snacks,0.634,APU0000715211
2020-11-01,2020,11,"Sugar, white, all sizes",lb. (453.6 gm),Pantry and snacks,0.66,APU0000715211
2020-12-01,2020,12,"Sugar, white, all sizes",lb. (453.6 gm),Pantry and snacks,0.674,APU0000715211
2021-01-01,2021,1,"Sugar, white, all sizes",lb. (453.6 gm),Pantry and snacks,0.682,APU0000715211
2021-02-01,2021,2,"Sugar, white, all sizes",lb. (453.6 gm),Pantry and snacks,0.68,APU0000715211
2021-03-01,2021,3,"Sugar, white, all sizes",lb. (453.6 gm),Pantry and snacks,0.675,APU0000715211
2021-04-01,2021,4,"Sugar, white, all sizes",lb. (453.6 gm),Pantry and snacks,0.675,APU0000715211
2021-05-01,2021,5,"Sugar, white, all sizes",lb. (453.6 gm),Pantry and snacks,0.675,APU0000715211
2021-06-01,2021,6,"Sugar, white, all sizes",lb. (453.6 gm),Pantry and snacks,0.675,APU0000715211
2021-07-01,2021,7,"Sugar, white, all sizes",lb. (453.6 gm),Pantry and snacks,0.686,APU0000715211
2021-08-01,2021,8,"Sugar, white, all sizes",lb. (453.6 gm),Pantry and snacks,0.681,APU0000715211
2021-09-01,2021,9,"Sugar, white, all sizes",lb. (453.6 gm),Pantry and snacks,0.688,APU0000715211
2021-10-01,2021,10,"Sugar, white, all sizes",lb. (453.6 gm),Pantry and snacks,0.713,APU0000715211
2021-11-01,2021,11,"Sugar, white, all sizes",lb. (453.6 gm),Pantry and snacks,0.687,APU0000715211
2021-12-01,2021,12,"Sugar, white, all sizes",lb. (453.6 gm),Pantry and snacks,0.691,APU0000715211
2022-01-01,2022,1,"Sugar, white, all sizes",lb. (453.6 gm),Pantry and snacks,0.706,APU0000715211
2022-02-01,2022,2,"Sugar, white, all sizes",lb. (453.6 gm),Pantry and snacks,0.718,APU0000715211
2022-03-01,2022,3,"Sugar, white, all sizes",lb. (453.6 gm),Pantry and snacks,0.739,APU0000715211
2022-04-01,2022,4,"Sugar, white, all sizes",lb. (453.6 gm),Pantry and snacks,0.74,APU0000715211
2022-05-01,2022,5,"Sugar, white, all sizes",lb. (453.6 gm),Pantry and snacks,0.745,APU0000715211
2022-06-01,2022,6,"Sugar, white, all sizes",lb. (453.6 gm),Pantry and snacks,0.765,APU0000715211
2022-07-01,2022,7,"Sugar, white, all sizes",lb. (453.6 gm),Pantry and snacks,0.791,APU0000715211
2022-08-01,2022,8,"Sugar, white, all sizes",lb. (453.6 gm),Pantry and snacks,0.821,APU0000715211
2022-09-01,2022,9,"Sugar, white, all sizes",lb. (453.6 gm),Pantry and snacks,0.837,APU0000715211
2022-10-01,2022,10,"Sugar, white, all sizes",lb. (453.6 gm),Pantry and snacks,0.846,APU0000715211
2022-11-01,2022,11,"Sugar, white, all sizes",lb. (453.6 gm),Pantry and snacks,0.846,APU0000715211
2022-12-01,2022,12,"Sugar, white, all sizes",lb. (453.6 gm),Pantry and snacks,0.844,APU0000715211
2023-01-01,2023,1,"Sugar, white, all sizes",lb. (453.6 gm),Pantry and snacks,0.86,APU0000715211
2023-02-01,2023,2,"Sugar, white, all sizes",lb. (453.6 gm),Pantry and snacks,0.876,APU0000715211
2023-03-01,2023,3,"Sugar, white, all sizes",lb. (453.6 gm),Pantry and snacks,0.88,APU0000715211
2023-04-01,2023,4,"Sugar, white, all sizes",lb. (453.6 gm),Pantry and snacks,0.893,APU0000715211
2023-05-01,2023,5,"Sugar, white, all sizes",lb. (453.6 gm),Pantry and snacks,0.899,APU0000715211
2023-06-01,2023,6,"Sugar, white, all sizes",lb. (453.6 gm),Pantry and snacks,0.918,APU0000715211
2023-07-01,2023,7,"Sugar, white, all sizes",lb. (453.6 gm),Pantry and snacks,0.932,APU0000715211
2023-08-01,2023,8,"Sugar, white, all sizes",lb. (453.6 gm),Pantry and snacks,0.95,APU0000715211
2023-09-01,2023,9,"Sugar, white, all sizes",lb. (453.6 gm),Pantry and snacks,0.971,APU0000715211
2023-10-01,2023,10,"Sugar, white, all sizes",lb. (453.6 gm),Pantry and snacks,0.963,APU0000715211
2023-11-01,2023,11,"Sugar, white, all sizes",lb. (453.6 gm),Pantry and snacks,0.958,APU0000715211
2023-12-01,2023,12,"Sugar, white, all sizes",lb. (453.6 gm),Pantry and snacks,0.956,APU0000715211
2024-01-01,2024,1,"Sugar, white, all sizes",lb. (453.6 gm),Pantry and snacks,0.975,APU0000715211
2024-02-01,2024,2,"Sugar, white, all sizes",lb. (453.6 gm),Pantry and snacks,0.984,APU0000715211
2024-03-01,2024,3,"Sugar, white, all sizes",lb. (453.6 gm),Pantry and snacks,0.984,APU0000715211
2024-04-01,2024,4,"Sugar, white, all sizes",lb. (453.6 gm),Pantry and snacks,1.006,APU0000715211
2024-05-01,2024,5,"Sugar, white, all sizes",lb. (453.6 gm),Pantry and snacks,1.001,APU0000715211
2024-06-01,2024,6,"Sugar, white, all sizes",lb. (453.6 gm),Pantry and snacks,1.004,APU0000715211
2024-07-01,2024,7,"Sugar, white, all sizes",lb. (453.6 gm),Pantry and snacks,1.004,APU0000715211
2024-08-01,2024,8,"Sugar, white, all sizes",lb. (453.6 gm),Pantry and snacks,1.004,APU0000715211
2024-09-01,2024,9,"Sugar, white, all sizes",lb. (453.6 gm),Pantry and snacks,1.007,APU0000715211
2024-10-01,2024,10,"Sugar, white, all sizes",lb. (453.6 gm),Pantry and snacks,1.003,APU0000715211
2024-11-01,2024,11,"Sugar, white, all sizes",lb. (453.6 gm),Pantry and snacks,1.0,APU0000715211
2024-12-01,2024,12,"Sugar, white, all sizes",lb. (453.6 gm),Pantry and snacks,0.992,APU0000715211
2025-01-01,2025,1,"Sugar, white, all sizes",lb. (453.6 gm),Pantry and snacks,1.011,APU0000715211
2025-02-01,2025,2,"Sugar, white, all sizes",lb. (453.6 gm),Pantry and snacks,1.012,APU0000715211
2025-03-01,2025,3,"Sugar, white, all sizes",lb. (453.6 gm),Pantry and snacks,1.014,APU0000715211
2025-04-01,2025,4,"Sugar, white, all sizes",lb. (453.6 gm),Pantry and snacks,1.021,APU0000715211
2025-05-01,2025,5,"Sugar, white, all sizes",lb. (453.6 gm),Pantry and snacks,1.054,APU0000715211
2025-06-01,2025,6,"Sugar, white, all sizes",lb. (453.6 gm),Pantry and snacks,1.054,APU0000715211
2025-07-01,2025,7,"Sugar, white, all sizes",lb. (453.6 gm),Pantry and snacks,1.046,APU0000715211
2025-08-01,2025,8,"Sugar, white, all sizes",lb. (453.6 gm),Pantry and snacks,1.04,APU0000715211
2025-09-01,2025,9,"Sugar, white, all sizes",lb. (453.6 gm),Pantry and snacks,1.042,APU0000715211
2025-11-01,2025,11,"Sugar, white, all sizes",lb. (453.6 gm),Pantry and snacks,0.991,APU0000715211
2025-12-01,2025,12,"Sugar, white, all sizes",lb. (453.6 gm),Pantry and snacks,0.985,APU0000715211
2026-01-01,2026,1,"Sugar, white, all sizes",lb. (453.6 gm),Pantry and snacks,1.022,APU0000715211
2026-02-01,2026,2,"Sugar, white, all sizes",lb. (453.6 gm),Pantry and snacks,1.016,APU0000715211
2026-03-01,2026,3,"Sugar, white, all sizes",lb. (453.6 gm),Pantry and snacks,0.996,APU0000715211
2026-04-01,2026,4,"Sugar, white, all sizes",lb. (453.6 gm),Pantry and snacks,1.006,APU0000715211
2026-05-01,2026,5,"Sugar, white, all sizes",lb. (453.6 gm),Pantry and snacks,1.034,APU0000715211
2026-06-01,2026,6,"Sugar, white, all sizes",lb. (453.6 gm),Pantry and snacks,1.018,APU0000715211
2026-07-01,2026,7,"Sugar, white, all sizes",lb. (453.6 gm),Pantry and snacks,1.024,APU0000715211
2015-01-01,2015,1,"Tomatoes, field grown",lb. (453.6 gm),Vegetables,2.089,APU0000712311
2015-02-01,2015,2,"Tomatoes, field grown",lb. (453.6 gm),Vegetables,1.849,APU0000712311
2015-03-01,2015,3,"Tomatoes, field grown",lb. (453.6 gm),Vegetables,1.819,APU0000712311
2015-04-01,2015,4,"Tomatoes, field grown",lb. (453.6 gm),Vegetables,1.847,APU0000712311
2015-05-01,2015,5,"Tomatoes, field grown",lb. (453.6 gm),Vegetables,1.74,APU0000712311
2015-06-01,2015,6,"Tomatoes, field grown",lb. (453.6 gm),Vegetables,1.708,APU0000712311
2015-07-01,2015,7,"Tomatoes, field grown",lb. (453.6 gm),Vegetables,1.777,APU0000712311
2015-08-01,2015,8,"Tomatoes, field grown",lb. (453.6 gm),Vegetables,1.737,APU0000712311
2015-09-01,2015,9,"Tomatoes, field grown",lb. (453.6 gm),Vegetables,1.775,APU0000712311
2015-10-01,2015,10,"Tomatoes, field grown",lb. (453.6 gm),Vegetables,1.844,APU0000712311
2015-11-01,2015,11,"Tomatoes, field grown",lb. (453.6 gm),Vegetables,1.977,APU0000712311
2015-12-01,2015,12,"Tomatoes, field grown",lb. (453.6 gm),Vegetables,1.932,APU0000712311
2016-01-01,2016,1,"Tomatoes, field grown",lb. (453.6 gm),Vegetables,2.528,APU0000712311
2016-02-01,2016,2,"Tomatoes, field grown",lb. (453.6 gm),Vegetables,2.316,APU0000712311
2016-03-01,2016,3,"Tomatoes, field grown",lb. (453.6 gm),Vegetables,1.941,APU0000712311
2016-04-01,2016,4,"Tomatoes, field grown",lb. (453.6 gm),Vegetables,1.862,APU0000712311
2016-05-01,2016,5,"Tomatoes, field grown",lb. (453.6 gm),Vegetables,1.695,APU0000712311
2016-06-01,2016,6,"Tomatoes, field grown",lb. (453.6 gm),Vegetables,1.709,APU0000712311
2016-07-01,2016,7,"Tomatoes, field grown",lb. (453.6 gm),Vegetables,1.635,APU0000712311
2016-08-01,2016,8,"Tomatoes, field grown",lb. (453.6 gm),Vegetables,1.685,APU0000712311
2016-09-01,2016,9,"Tomatoes, field grown",lb. (453.6 gm),Vegetables,1.786,APU0000712311
2016-10-01,2016,10,"Tomatoes, field grown",lb. (453.6 gm),Vegetables,1.994,APU0000712311
2016-11-01,2016,11,"Tomatoes, field grown",lb. (453.6 gm),Vegetables,1.984,APU0000712311
2016-12-01,2016,12,"Tomatoes, field grown",lb. (453.6 gm),Vegetables,1.972,APU0000712311
2017-01-01,2017,1,"Tomatoes, field grown",lb. (453.6 gm),Vegetables,2.048,APU0000712311
2017-02-01,2017,2,"Tomatoes, field grown",lb. (453.6 gm),Vegetables,1.93,APU0000712311
2017-03-01,2017,3,"Tomatoes, field grown",lb. (453.6 gm),Vegetables,1.943,APU0000712311
2017-04-01,2017,4,"Tomatoes, field grown",lb. (453.6 gm),Vegetables,1.902,APU0000712311
2017-05-01,2017,5,"Tomatoes, field grown",lb. (453.6 gm),Vegetables,1.867,APU0000712311
2017-06-01,2017,6,"Tomatoes, field grown",lb. (453.6 gm),Vegetables,1.873,APU0000712311
2017-07-01,2017,7,"Tomatoes, field grown",lb. (453.6 gm),Vegetables,1.952,APU0000712311
2017-08-01,2017,8,"Tomatoes, field grown",lb. (453.6 gm),Vegetables,1.846,APU0000712311
2017-09-01,2017,9,"Tomatoes, field grown",lb. (453.6 gm),Vegetables,1.828,APU0000712311
2017-10-01,2017,10,"Tomatoes, field grown",lb. (453.6 gm),Vegetables,1.813,APU0000712311
2017-11-01,2017,11,"Tomatoes, field grown",lb. (453.6 gm),Vegetables,1.933,APU0000712311
2017-12-01,2017,12,"Tomatoes, field grown",lb. (453.6 gm),Vegetables,2.237,APU0000712311
2018-01-01,2018,1,"Tomatoes, field grown",lb. (453.6 gm),Vegetables,2.336,APU0000712311
2018-02-01,2018,2,"Tomatoes, field grown",lb. (453.6 gm),Vegetables,2.026,APU0000712311
2018-03-01,2018,3,"Tomatoes, field grown",lb. (453.6 gm),Vegetables,1.868,APU0000712311
2018-04-01,2018,4,"Tomatoes, field grown",lb. (453.6 gm),Vegetables,1.802,APU0000712311
2018-05-01,2018,5,"Tomatoes, field grown",lb. (453.6 gm),Vegetables,1.675,APU0000712311
2018-06-01,2018,6,"Tomatoes, field grown",lb. (453.6 gm),Vegetables,1.706,APU0000712311
2018-07-01,2018,7,"Tomatoes, field grown",lb. (453.6 gm),Vegetables,1.887,APU0000712311
2018-08-01,2018,8,"Tomatoes, field grown",lb. (453.6 gm),Vegetables,1.737,APU0000712311
2018-09-01,2018,9,"Tomatoes, field grown",lb. (453.6 gm),Vegetables,1.826,APU0000712311
2018-10-01,2018,10,"Tomatoes, field grown",lb. (453.6 gm),Vegetables,1.901,APU0000712311
2018-11-01,2018,11,"Tomatoes, field grown",lb. (453.6 gm),Vegetables,2.057,APU0000712311
2018-12-01,2018,12,"Tomatoes, field grown",lb. (453.6 gm),Vegetables,2.175,APU0000712311
2019-01-01,2019,1,"Tomatoes, field grown",lb. (453.6 gm),Vegetables,2.227,APU0000712311
2019-02-01,2019,2,"Tomatoes, field grown",lb. (453.6 gm),Vegetables,2.068,APU0000712311
2019-03-01,2019,3,"Tomatoes, field grown",lb. (453.6 gm),Vegetables,2.079,APU0000712311
2019-04-01,2019,4,"Tomatoes, field grown",lb. (453.6 gm),Vegetables,1.947,APU0000712311
2019-05-01,2019,5,"Tomatoes, field grown",lb. (453.6 gm),Vegetables,1.823,APU0000712311
2019-06-01,2019,6,"Tomatoes, field grown",lb. (453.6 gm),Vegetables,1.812,APU0000712311
2019-07-01,2019,7,"Tomatoes, field grown",lb. (453.6 gm),Vegetables,1.799,APU0000712311
2019-08-01,2019,8,"Tomatoes, field grown",lb. (453.6 gm),Vegetables,1.864,APU0000712311
2019-09-01,2019,9,"Tomatoes, field grown",lb. (453.6 gm),Vegetables,1.911,APU0000712311
2019-10-01,2019,10,"Tomatoes, field grown",lb. (453.6 gm),Vegetables,1.779,APU0000712311
2019-11-01,2019,11,"Tomatoes, field grown",lb. (453.6 gm),Vegetables,1.903,APU0000712311
2019-12-01,2019,12,"Tomatoes, field grown",lb. (453.6 gm),Vegetables,1.954,APU0000712311
2020-01-01,2020,1,"Tomatoes, field grown",lb. (453.6 gm),Vegetables,2.221,APU0000712311
2020-02-01,2020,2,"Tomatoes, field grown",lb. (453.6 gm),Vegetables,2.197,APU0000712311
2020-05-01,2020,5,"Tomatoes, field grown",lb. (453.6 gm),Vegetables,1.851,APU0000712311
2020-06-01,2020,6,"Tomatoes, field grown",lb. (453.6 gm),Vegetables,1.922,APU0000712311
2020-07-01,2020,7,"Tomatoes, field grown",lb. (453.6 gm),Vegetables,1.977,APU0000712311
2020-08-01,2020,8,"Tomatoes, field grown",lb. (453.6 gm),Vegetables,1.874,APU0000712311
2020-09-01,2020,9,"Tomatoes, field grown",lb. (453.6 gm),Vegetables,1.847,APU0000712311
2020-10-01,2020,10,"Tomatoes, field grown",lb. (453.6 gm),Vegetables,1.911,APU0000712311
2020-11-01,2020,11,"Tomatoes, field grown",lb. (453.6 gm),Vegetables,1.935,APU0000712311
2020-12-01,2020,12,"Tomatoes, field grown",lb. (453.6 gm),Vegetables,1.893,APU0000712311
2021-01-01,2021,1,"Tomatoes, field grown",lb. (453.6 gm),Vegetables,1.928,APU0000712311
2021-02-01,2021,2,"Tomatoes, field grown",lb. (453.6 gm),Vegetables,1.838,APU0000712311
2021-03-01,2021,3,"Tomatoes, field grown",lb. (453.6 gm),Vegetables,1.768,APU0000712311
2021-04-01,2021,4,"Tomatoes, field grown",lb. (453.6 gm),Vegetables,1.786,APU0000712311
2021-05-01,2021,5,"Tomatoes, field grown",lb. (453.6 gm),Vegetables,1.804,APU0000712311
2021-06-01,2021,6,"Tomatoes, field grown",lb. (453.6 gm),Vegetables,1.83,APU0000712311
2021-07-01,2021,7,"Tomatoes, field grown",lb. (453.6 gm),Vegetables,1.827,APU0000712311
2021-08-01,2021,8,"Tomatoes, field grown",lb. (453.6 gm),Vegetables,1.858,APU0000712311
2021-09-01,2021,9,"Tomatoes, field grown",lb. (453.6 gm),Vegetables,1.828,APU0000712311
2021-10-01,2021,10,"Tomatoes, field grown",lb. (453.6 gm),Vegetables,1.892,APU0000712311
2021-11-01,2021,11,"Tomatoes, field grown",lb. (453.6 gm),Vegetables,1.924,APU0000712311
2021-12-01,2021,12,"Tomatoes, field grown",lb. (453.6 gm),Vegetables,1.906,APU0000712311
2022-01-01,2022,1,"Tomatoes, field grown",lb. (453.6 gm),Vegetables,1.892,APU0000712311
2022-02-01,2022,2,"Tomatoes, field grown",lb. (453.6 gm),Vegetables,1.826,APU0000712311
2022-03-01,2022,3,"Tomatoes, field grown",lb. (453.6 gm),Vegetables,1.827,APU0000712311
2022-04-01,2022,4,"Tomatoes, field grown",lb. (453.6 gm),Vegetables,1.794,APU0000712311
2022-05-01,2022,5,"Tomatoes, field grown",lb. (453.6 gm),Vegetables,1.819,APU0000712311
2022-06-01,2022,6,"Tomatoes, field grown",lb. (453.6 gm),Vegetables,1.842,APU0000712311
2022-07-01,2022,7,"Tomatoes, field grown",lb. (453.6 gm),Vegetables,1.842,APU0000712311
2022-08-01,2022,8,"Tomatoes, field grown",lb. (453.6 gm),Vegetables,1.89,APU0000712311
2022-09-01,2022,9,"Tomatoes, field grown",lb. (453.6 gm),Vegetables,1.901,APU0000712311
2022-10-01,2022,10,"Tomatoes, field grown",lb. (453.6 gm),Vegetables,1.974,APU0000712311
2022-11-01,2022,11,"Tomatoes, field grown",lb. (453.6 gm),Vegetables,2.107,APU0000712311
2022-12-01,2022,12,"Tomatoes, field grown",lb. (453.6 gm),Vegetables,2.228,APU0000712311
2023-01-01,2023,1,"Tomatoes, field grown",lb. (453.6 gm),Vegetables,2.11,APU0000712311
2023-02-01,2023,2,"Tomatoes, field grown",lb. (453.6 gm),Vegetables,1.99,APU0000712311
2023-03-01,2023,3,"Tomatoes, field grown",lb. (453.6 gm),Vegetables,1.932,APU0000712311
2023-04-01,2023,4,"Tomatoes, field grown",lb. (453.6 gm),Vegetables,1.874,APU0000712311
2023-05-01,2023,5,"Tomatoes, field grown",lb. (453.6 gm),Vegetables,1.798,APU0000712311
2023-06-01,2023,6,"Tomatoes, field grown",lb. (453.6 gm),Vegetables,1.911,APU0000712311
2023-07-01,2023,7,"Tomatoes, field grown",lb. (453.6 gm),Vegetables,1.896,APU0000712311
2023-08-01,2023,8,"Tomatoes, field grown",lb. (453.6 gm),Vegetables,1.877,APU0000712311
2023-09-01,2023,9,"Tomatoes, field grown",lb. (453.6 gm),Vegetables,1.844,APU0000712311
2023-10-01,2023,10,"Tomatoes, field grown",lb. (453.6 gm),Vegetables,1.865,APU0000712311
2023-11-01,2023,11,"Tomatoes, field grown",lb. (453.6 gm),Vegetables,1.942,APU0000712311
2023-12-01,2023,12,"Tomatoes, field grown",lb. (453.6 gm),Vegetables,1.995,APU0000712311
2024-01-01,2024,1,"Tomatoes, field grown",lb. (453.6 gm),Vegetables,2.146,APU0000712311
2024-02-01,2024,2,"Tomatoes, field grown",lb. (453.6 gm),Vegetables,2.132,APU0000712311
2024-03-01,2024,3,"Tomatoes, field grown",lb. (453.6 gm),Vegetables,2.044,APU0000712311
2024-04-01,2024,4,"Tomatoes, field grown",lb. (453.6 gm),Vegetables,1.962,APU0000712311
2024-05-01,2024,5,"Tomatoes, field grown",lb. (453.6 gm),Vegetables,1.859,APU0000712311
2024-06-01,2024,6,"Tomatoes, field grown",lb. (453.6 gm),Vegetables,1.843,APU0000712311
2024-07-01,2024,7,"Tomatoes, field grown",lb. (453.6 gm),Vegetables,1.945,APU0000712311
2024-08-01,2024,8,"Tomatoes, field grown",lb. (453.6 gm),Vegetables,1.996,APU0000712311
2024-09-01,2024,9,"Tomatoes, field grown",lb. (453.6 gm),Vegetables,1.936,APU0000712311
2024-10-01,2024,10,"Tomatoes, field grown",lb. (453.6 gm),Vegetables,1.98,APU0000712311
2024-11-01,2024,11,"Tomatoes, field grown",lb. (453.6 gm),Vegetables,2.03,APU0000712311
2024-12-01,2024,12,"Tomatoes, field grown",lb. (453.6 gm),Vegetables,2.067,APU0000712311
2025-01-01,2025,1,"Tomatoes, field grown",lb. (453.6 gm),Vegetables,2.05,APU0000712311
2025-02-01,2025,2,"Tomatoes, field grown",lb. (453.6 gm),Vegetables,1.848,APU0000712311
2025-03-01,2025,3,"Tomatoes, field grown",lb. (453.6 gm),Vegetables,1.819,APU0000712311
2025-04-01,2025,4,"Tomatoes, field grown",lb. (453.6 gm),Vegetables,1.793,APU0000712311
2025-05-01,2025,5,"Tomatoes, field grown",lb. (453.6 gm),Vegetables,1.705,APU0000712311
2025-06-01,2025,6,"Tomatoes, field grown",lb. (453.6 gm),Vegetables,1.737,APU0000712311
2025-07-01,2025,7,"Tomatoes, field grown",lb. (453.6 gm),Vegetables,1.793,APU0000712311
2025-08-01,2025,8,"Tomatoes, field grown",lb. (453.6 gm),Vegetables,1.925,APU0000712311
2025-09-01,2025,9,"Tomatoes, field grown",lb. (453.6 gm),Vegetables,1.91,APU0000712311
2025-11-01,2025,11,"Tomatoes, field grown",lb. (453.6 gm),Vegetables,1.828,APU0000712311
2025-12-01,2025,12,"Tomatoes, field grown",lb. (453.6 gm),Vegetables,1.84,APU0000712311
2026-01-01,2026,1,"Tomatoes, field grown",lb. (453.6 gm),Vegetables,1.791,APU0000712311
2026-02-01,2026,2,"Tomatoes, field grown",lb. (453.6 gm),Vegetables,1.902,APU0000712311
2026-03-01,2026,3,"Tomatoes, field grown",lb. (453.6 gm),Vegetables,2.255,APU0000712311
2026-04-01,2026,4,"Tomatoes, field grown",lb. (453.6 gm),Vegetables,2.689,APU0000712311
2026-05-01,2026,5,"Tomatoes, field grown",lb. (453.6 gm),Vegetables,2.489,APU0000712311
2026-06-01,2026,6,"Tomatoes, field grown",lb. (453.6 gm),Vegetables,2.154,APU0000712311
2026-07-01,2026,7,"Tomatoes, field grown",lb. (453.6 gm),Vegetables,2.003,APU0000712311
2015-01-01,2015,1,"Turkey, frozen, whole",lb. (453.6 gm),Poultry,1.445,APU0000706311
2015-02-01,2015,2,"Turkey, frozen, whole",lb. (453.6 gm),Poultry,1.48,APU0000706311
2015-03-01,2015,3,"Turkey, frozen, whole",lb. (453.6 gm),Poultry,1.503,APU0000706311
2015-04-01,2015,4,"Turkey, frozen, whole",lb. (453.6 gm),Poultry,1.487,APU0000706311
2015-05-01,2015,5,"Turkey, frozen, whole",lb. (453.6 gm),Poultry,1.527,APU0000706311
2015-06-01,2015,6,"Turkey, frozen, whole",lb. (453.6 gm),Poultry,1.541,APU0000706311
2015-07-01,2015,7,"Turkey, frozen, whole",lb. (453.6 gm),Poultry,1.568,APU0000706311
2015-08-01,2015,8,"Turkey, frozen, whole",lb. (453.6 gm),Poultry,1.546,APU0000706311
2015-09-01,2015,9,"Turkey, frozen, whole",lb. (453.6 gm),Poultry,1.538,APU0000706311
2015-10-01,2015,10,"Turkey, frozen, whole",lb. (453.6 gm),Poultry,1.558,APU0000706311
2015-11-01,2015,11,"Turkey, frozen, whole",lb. (453.6 gm),Poultry,1.424,APU0000706311
2015-12-01,2015,12,"Turkey, frozen, whole",lb. (453.6 gm),Poultry,1.448,APU0000706311
2016-01-01,2016,1,"Turkey, frozen, whole",lb. (453.6 gm),Poultry,1.528,APU0000706311
2016-02-01,2016,2,"Turkey, frozen, whole",lb. (453.6 gm),Poultry,1.494,APU0000706311
2016-03-01,2016,3,"Turkey, frozen, whole",lb. (453.6 gm),Poultry,1.509,APU0000706311
2016-04-01,2016,4,"Turkey, frozen, whole",lb. (453.6 gm),Poultry,1.488,APU0000706311
2016-05-01,2016,5,"Turkey, frozen, whole",lb. (453.6 gm),Poultry,1.527,APU0000706311
2016-06-01,2016,6,"Turkey, frozen, whole",lb. (453.6 gm),Poultry,1.515,APU0000706311
2016-07-01,2016,7,"Turkey, frozen, whole",lb. (453.6 gm),Poultry,1.586,APU0000706311
2016-08-01,2016,8,"Turkey, frozen, whole",lb. (453.6 gm),Poultry,1.622,APU0000706311
2016-09-01,2016,9,"Turkey, frozen, whole",lb. (453.6 gm),Poultry,1.649,APU0000706311
2016-10-01,2016,10,"Turkey, frozen, whole",lb. (453.6 gm),Poultry,1.692,APU0000706311
2016-11-01,2016,11,"Turkey, frozen, whole",lb. (453.6 gm),Poultry,1.527,APU0000706311
2016-12-01,2016,12,"Turkey, frozen, whole",lb. (453.6 gm),Poultry,1.495,APU0000706311
2017-01-01,2017,1,"Turkey, frozen, whole",lb. (453.6 gm),Poultry,1.581,APU0000706311
2017-02-01,2017,2,"Turkey, frozen, whole",lb. (453.6 gm),Poultry,1.57,APU0000706311
2017-03-01,2017,3,"Turkey, frozen, whole",lb. (453.6 gm),Poultry,1.585,APU0000706311
2017-04-01,2017,4,"Turkey, frozen, whole",lb. (453.6 gm),Poultry,1.567,APU0000706311
2017-05-01,2017,5,"Turkey, frozen, whole",lb. (453.6 gm),Poultry,1.532,APU0000706311
2017-06-01,2017,6,"Turkey, frozen, whole",lb. (453.6 gm),Poultry,1.576,APU0000706311
2017-07-01,2017,7,"Turkey, frozen, whole",lb. (453.6 gm),Poultry,1.622,APU0000706311
2017-08-01,2017,8,"Turkey, frozen, whole",lb. (453.6 gm),Poultry,1.615,APU0000706311
2017-09-01,2017,9,"Turkey, frozen, whole",lb. (453.6 gm),Poultry,1.623,APU0000706311
2017-10-01,2017,10,"Turkey, frozen, whole",lb. (453.6 gm),Poultry,1.656,APU0000706311
2017-11-01,2017,11,"Turkey, frozen, whole",lb. (453.6 gm),Poultry,1.556,APU0000706311
2017-12-01,2017,12,"Turkey, frozen, whole",lb. (453.6 gm),Poultry,1.502,APU0000706311
2018-01-01,2018,1,"Turkey, frozen, whole",lb. (453.6 gm),Poultry,1.399,APU0000706311
2018-02-01,2018,2,"Turkey, frozen, whole",lb. (453.6 gm),Poultry,1.435,APU0000706311
2018-03-01,2018,3,"Turkey, frozen, whole",lb. (453.6 gm),Poultry,1.512,APU0000706311
2018-04-01,2018,4,"Turkey, frozen, whole",lb. (453.6 gm),Poultry,1.483,APU0000706311
2018-05-01,2018,5,"Turkey, frozen, whole",lb. (453.6 gm),Poultry,1.526,APU0000706311
2018-06-01,2018,6,"Turkey, frozen, whole",lb. (453.6 gm),Poultry,1.529,APU0000706311
2018-07-01,2018,7,"Turkey, frozen, whole",lb. (453.6 gm),Poultry,1.585,APU0000706311
2018-08-01,2018,8,"Turkey, frozen, whole",lb. (453.6 gm),Poultry,1.567,APU0000706311
2018-09-01,2018,9,"Turkey, frozen, whole",lb. (453.6 gm),Poultry,1.578,APU0000706311
2018-10-01,2018,10,"Turkey, frozen, whole",lb. (453.6 gm),Poultry,1.582,APU0000706311
2018-11-01,2018,11,"Turkey, frozen, whole",lb. (453.6 gm),Poultry,1.4,APU0000706311
2018-12-01,2018,12,"Turkey, frozen, whole",lb. (453.6 gm),Poultry,1.413,APU0000706311
2019-01-01,2019,1,"Turkey, frozen, whole",lb. (453.6 gm),Poultry,1.455,APU0000706311
2019-02-01,2019,2,"Turkey, frozen, whole",lb. (453.6 gm),Poultry,1.488,APU0000706311
2019-03-01,2019,3,"Turkey, frozen, whole",lb. (453.6 gm),Poultry,1.521,APU0000706311
2019-04-01,2019,4,"Turkey, frozen, whole",lb. (453.6 gm),Poultry,1.543,APU0000706311
2019-05-01,2019,5,"Turkey, frozen, whole",lb. (453.6 gm),Poultry,1.56,APU0000706311
2019-06-01,2019,6,"Turkey, frozen, whole",lb. (453.6 gm),Poultry,1.574,APU0000706311
2019-07-01,2019,7,"Turkey, frozen, whole",lb. (453.6 gm),Poultry,1.531,APU0000706311
2019-08-01,2019,8,"Turkey, frozen, whole",lb. (453.6 gm),Poultry,1.562,APU0000706311
2019-09-01,2019,9,"Turkey, frozen, whole",lb. (453.6 gm),Poultry,1.604,APU0000706311
2019-10-01,2019,10,"Turkey, frozen, whole",lb. (453.6 gm),Poultry,1.601,APU0000706311
2019-11-01,2019,11,"Turkey, frozen, whole",lb. (453.6 gm),Poultry,1.412,APU0000706311
2019-12-01,2019,12,"Turkey, frozen, whole",lb. (453.6 gm),Poultry,1.389,APU0000706311
2020-01-01,2020,1,"Turkey, frozen, whole",lb. (453.6 gm),Poultry,1.58,APU0000706311
2020-02-01,2020,2,"Turkey, frozen, whole",lb. (453.6 gm),Poultry,1.639,APU0000706311
2015-01-01,2015,1,Utility (piped) gas,therm,Energy,1.036,APU000072620
2015-02-01,2015,2,Utility (piped) gas,therm,Energy,1.007,APU000072620
2015-03-01,2015,3,Utility (piped) gas,therm,Energy,0.985,APU000072620
2015-04-01,2015,4,Utility (piped) gas,therm,Energy,0.947,APU000072620
2015-05-01,2015,5,Utility (piped) gas,therm,Energy,0.93,APU000072620
2015-06-01,2015,6,Utility (piped) gas,therm,Energy,0.942,APU000072620
2015-07-01,2015,7,Utility (piped) gas,therm,Energy,0.933,APU000072620
2015-08-01,2015,8,Utility (piped) gas,therm,Energy,0.932,APU000072620
2015-09-01,2015,9,Utility (piped) gas,therm,Energy,0.921,APU000072620
2015-10-01,2015,10,Utility (piped) gas,therm,Energy,0.909,APU000072620
2015-11-01,2015,11,Utility (piped) gas,therm,Energy,0.903,APU000072620
2015-12-01,2015,12,Utility (piped) gas,therm,Energy,0.892,APU000072620
2016-01-01,2016,1,Utility (piped) gas,therm,Energy,0.898,APU000072620
2016-02-01,2016,2,Utility (piped) gas,therm,Energy,0.895,APU000072620
2016-03-01,2016,3,Utility (piped) gas,therm,Energy,0.884,APU000072620
2016-04-01,2016,4,Utility (piped) gas,therm,Energy,0.879,APU000072620
2016-05-01,2016,5,Utility (piped) gas,therm,Energy,0.877,APU000072620
2016-06-01,2016,6,Utility (piped) gas,therm,Energy,0.891,APU000072620
2016-07-01,2016,7,Utility (piped) gas,therm,Energy,0.931,APU000072620
2016-08-01,2016,8,Utility (piped) gas,therm,Energy,0.943,APU000072620
2016-09-01,2016,9,Utility (piped) gas,therm,Energy,0.954,APU000072620
2016-10-01,2016,10,Utility (piped) gas,therm,Energy,0.961,APU000072620
2016-11-01,2016,11,Utility (piped) gas,therm,Energy,0.97,APU000072620
2016-12-01,2016,12,Utility (piped) gas,therm,Energy,0.972,APU000072620
2017-01-01,2017,1,Utility (piped) gas,therm,Energy,1.0,APU000072620
2017-02-01,2017,2,Utility (piped) gas,therm,Energy,1.003,APU000072620
2017-03-01,2017,3,Utility (piped) gas,therm,Energy,0.989,APU000072620
2017-04-01,2017,4,Utility (piped) gas,therm,Energy,1.0,APU000072620
2017-05-01,2017,5,Utility (piped) gas,therm,Energy,1.036,APU000072620
2017-06-01,2017,6,Utility (piped) gas,therm,Energy,1.04,APU000072620
2017-07-01,2017,7,Utility (piped) gas,therm,Energy,1.031,APU000072620
2017-08-01,2017,8,Utility (piped) gas,therm,Energy,1.027,APU000072620
2017-09-01,2017,9,Utility (piped) gas,therm,Energy,1.018,APU000072620
2017-10-01,2017,10,Utility (piped) gas,therm,Energy,1.02,APU000072620
2017-11-01,2017,11,Utility (piped) gas,therm,Energy,1.028,APU000072620
2017-12-01,2017,12,Utility (piped) gas,therm,Energy,1.042,APU000072620
2018-01-01,2018,1,Utility (piped) gas,therm,Energy,1.048,APU000072620
2018-02-01,2018,2,Utility (piped) gas,therm,Energy,1.077,APU000072620
2018-03-01,2018,3,Utility (piped) gas,therm,Energy,1.054,APU000072620
2018-04-01,2018,4,Utility (piped) gas,therm,Energy,1.044,APU000072620
2018-05-01,2018,5,Utility (piped) gas,therm,Energy,1.05,APU000072620
2018-06-01,2018,6,Utility (piped) gas,therm,Energy,1.042,APU000072620
2018-07-01,2018,7,Utility (piped) gas,therm,Energy,1.038,APU000072620
2018-08-01,2018,8,Utility (piped) gas,therm,Energy,1.055,APU000072620
2018-09-01,2018,9,Utility (piped) gas,therm,Energy,1.03,APU000072620
2018-10-01,2018,10,Utility (piped) gas,therm,Energy,1.023,APU000072620
2018-11-01,2018,11,Utility (piped) gas,therm,Energy,1.02,APU000072620
2018-12-01,2018,12,Utility (piped) gas,therm,Energy,1.085,APU000072620
2019-01-01,2019,1,Utility (piped) gas,therm,Energy,1.082,APU000072620
2019-02-01,2019,2,Utility (piped) gas,therm,Energy,1.051,APU000072620
2019-03-01,2019,3,Utility (piped) gas,therm,Energy,1.048,APU000072620
2019-04-01,2019,4,Utility (piped) gas,therm,Energy,1.034,APU000072620
2019-05-01,2019,5,Utility (piped) gas,therm,Energy,1.035,APU000072620
2019-06-01,2019,6,Utility (piped) gas,therm,Energy,1.035,APU000072620
2019-07-01,2019,7,Utility (piped) gas,therm,Energy,1.029,APU000072620
2019-08-01,2019,8,Utility (piped) gas,therm,Energy,1.034,APU000072620
2019-09-01,2019,9,Utility (piped) gas,therm,Energy,1.019,APU000072620
2019-10-01,2019,10,Utility (piped) gas,therm,Energy,1.041,APU000072620
2019-11-01,2019,11,Utility (piped) gas,therm,Energy,1.058,APU000072620
2019-12-01,2019,12,Utility (piped) gas,therm,Energy,1.057,APU000072620
2020-01-01,2020,1,Utility (piped) gas,therm,Energy,1.066,APU000072620
2020-02-01,2020,2,Utility (piped) gas,therm,Energy,1.05,APU000072620
2020-03-01,2020,3,Utility (piped) gas,therm,Energy,1.034,APU000072620
2020-04-01,2020,4,Utility (piped) gas,therm,Energy,1.028,APU000072620
2020-05-01,2020,5,Utility (piped) gas,therm,Energy,1.037,APU000072620
2020-06-01,2020,6,Utility (piped) gas,therm,Energy,1.037,APU000072620
2020-07-01,2020,7,Utility (piped) gas,therm,Energy,1.027,APU000072620
2020-08-01,2020,8,Utility (piped) gas,therm,Energy,1.031,APU000072620
2020-09-01,2020,9,Utility (piped) gas,therm,Energy,1.064,APU000072620
2020-10-01,2020,10,Utility (piped) gas,therm,Energy,1.067,APU000072620
2020-11-01,2020,11,Utility (piped) gas,therm,Energy,1.104,APU000072620
2020-12-01,2020,12,Utility (piped) gas,therm,Energy,1.114,APU000072620
2021-01-01,2021,1,Utility (piped) gas,therm,Energy,1.119,APU000072620
2021-02-01,2021,2,Utility (piped) gas,therm,Energy,1.124,APU000072620
2021-03-01,2021,3,Utility (piped) gas,therm,Energy,1.144,APU000072620
2021-04-01,2021,4,Utility (piped) gas,therm,Energy,1.166,APU000072620
2021-05-01,2021,5,Utility (piped) gas,therm,Energy,1.201,APU000072620
2021-06-01,2021,6,Utility (piped) gas,therm,Energy,1.219,APU000072620
2021-07-01,2021,7,Utility (piped) gas,therm,Energy,1.241,APU000072620
2021-08-01,2021,8,Utility (piped) gas,therm,Energy,1.267,APU000072620
2021-09-01,2021,9,Utility (piped) gas,therm,Energy,1.302,APU000072620
2021-10-01,2021,10,Utility (piped) gas,therm,Energy,1.383,APU000072620
2021-11-01,2021,11,Utility (piped) gas,therm,Energy,1.401,APU000072620
2021-12-01,2021,12,Utility (piped) gas,therm,Energy,1.402,APU000072620
2022-01-01,2022,1,Utility (piped) gas,therm,Energy,1.409,APU000072620
2022-02-01,2022,2,Utility (piped) gas,therm,Energy,1.413,APU000072620
2022-03-01,2022,3,Utility (piped) gas,therm,Energy,1.411,APU000072620
2022-04-01,2022,4,Utility (piped) gas,therm,Energy,1.445,APU000072620
2022-05-01,2022,5,Utility (piped) gas,therm,Energy,1.565,APU000072620
2022-06-01,2022,6,Utility (piped) gas,therm,Energy,1.699,APU000072620
2022-07-01,2022,7,Utility (piped) gas,therm,Energy,1.629,APU000072620
2022-08-01,2022,8,Utility (piped) gas,therm,Energy,1.694,APU000072620
2022-09-01,2022,9,Utility (piped) gas,therm,Energy,1.739,APU000072620
2022-10-01,2022,10,Utility (piped) gas,therm,Energy,1.668,APU000072620
2022-11-01,2022,11,Utility (piped) gas,therm,Energy,1.616,APU000072620
2022-12-01,2022,12,Utility (piped) gas,therm,Energy,1.667,APU000072620
2023-01-01,2023,1,Utility (piped) gas,therm,Energy,1.819,APU000072620
2023-02-01,2023,2,Utility (piped) gas,therm,Energy,1.609,APU000072620
2023-03-01,2023,3,Utility (piped) gas,therm,Energy,1.493,APU000072620
2023-04-01,2023,4,Utility (piped) gas,therm,Energy,1.413,APU000072620
2023-05-01,2023,5,Utility (piped) gas,therm,Energy,1.385,APU000072620
2023-06-01,2023,6,Utility (piped) gas,therm,Energy,1.371,APU000072620
2023-07-01,2023,7,Utility (piped) gas,therm,Energy,1.395,APU000072620
2023-08-01,2023,8,Utility (piped) gas,therm,Energy,1.402,APU000072620
2023-09-01,2023,9,Utility (piped) gas,therm,Energy,1.377,APU000072620
2023-10-01,2023,10,Utility (piped) gas,therm,Energy,1.388,APU000072620
2023-11-01,2023,11,Utility (piped) gas,therm,Energy,1.442,APU000072620
2023-12-01,2023,12,Utility (piped) gas,therm,Energy,1.429,APU000072620
2024-01-01,2024,1,Utility (piped) gas,therm,Energy,1.452,APU000072620
2024-02-01,2024,2,Utility (piped) gas,therm,Energy,1.465,APU000072620
2024-03-01,2024,3,Utility (piped) gas,therm,Energy,1.429,APU000072620
2024-04-01,2024,4,Utility (piped) gas,therm,Energy,1.375,APU000072620
2024-05-01,2024,5,Utility (piped) gas,therm,Energy,1.369,APU000072620
2024-06-01,2024,6,Utility (piped) gas,therm,Energy,1.407,APU000072620
2024-07-01,2024,7,Utility (piped) gas,therm,Energy,1.408,APU000072620
2024-08-01,2024,8,Utility (piped) gas,therm,Energy,1.401,APU000072620
2024-09-01,2024,9,Utility (piped) gas,therm,Energy,1.399,APU000072620
2024-10-01,2024,10,Utility (piped) gas,therm,Energy,1.422,APU000072620
2024-11-01,2024,11,Utility (piped) gas,therm,Energy,1.487,APU000072620
2024-12-01,2024,12,Utility (piped) gas,therm,Energy,1.522,APU000072620
2025-01-01,2025,1,Utility (piped) gas,therm,Energy,1.552,APU000072620
2025-02-01,2025,2,Utility (piped) gas,therm,Energy,1.584,APU000072620
2025-03-01,2025,3,Utility (piped) gas,therm,Energy,1.596,APU000072620
2025-04-01,2025,4,Utility (piped) gas,therm,Energy,1.626,APU000072620
2025-05-01,2025,5,Utility (piped) gas,therm,Energy,1.626,APU000072620
2025-06-01,2025,6,Utility (piped) gas,therm,Energy,1.653,APU000072620
2025-07-01,2025,7,Utility (piped) gas,therm,Energy,1.642,APU000072620
2025-08-01,2025,8,Utility (piped) gas,therm,Energy,1.634,APU000072620
2025-09-01,2025,9,Utility (piped) gas,therm,Energy,1.613,APU000072620
2025-11-01,2025,11,Utility (piped) gas,therm,Energy,1.639,APU000072620
2025-12-01,2025,12,Utility (piped) gas,therm,Energy,1.701,APU000072620
2026-01-01,2026,1,Utility (piped) gas,therm,Energy,1.704,APU000072620
2026-02-01,2026,2,Utility (piped) gas,therm,Energy,1.749,APU000072620
2026-03-01,2026,3,Utility (piped) gas,therm,Energy,1.688,APU000072620
2026-04-01,2026,4,Utility (piped) gas,therm,Energy,1.676,APU000072620
2026-05-01,2026,5,Utility (piped) gas,therm,Energy,1.677,APU000072620
2026-06-01,2026,6,Utility (piped) gas,therm,Energy,1.688,APU000072620
2026-07-01,2026,7,Utility (piped) gas,therm,Energy,1.704,APU000072620
2015-01-01,2015,1,"Wine, red and white table, all sizes, any origin",1 liter (33.8 oz),Drinks,12.912,APU0000720311
2015-02-01,2015,2,"Wine, red and white table, all sizes, any origin",1 liter (33.8 oz),Drinks,12.37,APU0000720311
2015-03-01,2015,3,"Wine, red and white table, all sizes, any origin",1 liter (33.8 oz),Drinks,12.37,APU0000720311
2015-04-01,2015,4,"Wine, red and white table, all sizes, any origin",1 liter (33.8 oz),Drinks,12.335,APU0000720311
2015-05-01,2015,5,"Wine, red and white table, all sizes, any origin",1 liter (33.8 oz),Drinks,12.044,APU0000720311
2015-06-01,2015,6,"Wine, red and white table, all sizes, any origin",1 liter (33.8 oz),Drinks,12.021,APU0000720311
2015-07-01,2015,7,"Wine, red and white table, all sizes, any origin",1 liter (33.8 oz),Drinks,12.016,APU0000720311
2015-08-01,2015,8,"Wine, red and white table, all sizes, any origin",1 liter (33.8 oz),Drinks,12.009,APU0000720311
2015-09-01,2015,9,"Wine, red and white table, all sizes, any origin",1 liter (33.8 oz),Drinks,11.965,APU0000720311
2015-10-01,2015,10,"Wine, red and white table, all sizes, any origin",1 liter (33.8 oz),Drinks,12.416,APU0000720311
2015-11-01,2015,11,"Wine, red and white table, all sizes, any origin",1 liter (33.8 oz),Drinks,12.389,APU0000720311
2015-12-01,2015,12,"Wine, red and white table, all sizes, any origin",1 liter (33.8 oz),Drinks,12.179,APU0000720311
2016-01-01,2016,1,"Wine, red and white table, all sizes, any origin",1 liter (33.8 oz),Drinks,12.18,APU0000720311
2016-02-01,2016,2,"Wine, red and white table, all sizes, any origin",1 liter (33.8 oz),Drinks,12.233,APU0000720311
2016-03-01,2016,3,"Wine, red and white table, all sizes, any origin",1 liter (33.8 oz),Drinks,12.211,APU0000720311
2016-04-01,2016,4,"Wine, red and white table, all sizes, any origin",1 liter (33.8 oz),Drinks,12.375,APU0000720311
2016-05-01,2016,5,"Wine, red and white table, all sizes, any origin",1 liter (33.8 oz),Drinks,12.031,APU0000720311
2016-06-01,2016,6,"Wine, red and white table, all sizes, any origin",1 liter (33.8 oz),Drinks,12.511,APU0000720311
2016-07-01,2016,7,"Wine, red and white table, all sizes, any origin",1 liter (33.8 oz),Drinks,12.393,APU0000720311
2016-08-01,2016,8,"Wine, red and white table, all sizes, any origin",1 liter (33.8 oz),Drinks,12.4,APU0000720311
2016-09-01,2016,9,"Wine, red and white table, all sizes, any origin",1 liter (33.8 oz),Drinks,12.53,APU0000720311
2016-10-01,2016,10,"Wine, red and white table, all sizes, any origin",1 liter (33.8 oz),Drinks,12.498,APU0000720311
2016-11-01,2016,11,"Wine, red and white table, all sizes, any origin",1 liter (33.8 oz),Drinks,12.294,APU0000720311
2016-12-01,2016,12,"Wine, red and white table, all sizes, any origin",1 liter (33.8 oz),Drinks,12.355,APU0000720311
2017-01-01,2017,1,"Wine, red and white table, all sizes, any origin",1 liter (33.8 oz),Drinks,12.391,APU0000720311
2017-02-01,2017,2,"Wine, red and white table, all sizes, any origin",1 liter (33.8 oz),Drinks,12.363,APU0000720311
2017-03-01,2017,3,"Wine, red and white table, all sizes, any origin",1 liter (33.8 oz),Drinks,12.531,APU0000720311
2017-04-01,2017,4,"Wine, red and white table, all sizes, any origin",1 liter (33.8 oz),Drinks,12.52,APU0000720311
2017-05-01,2017,5,"Wine, red and white table, all sizes, any origin",1 liter (33.8 oz),Drinks,12.403,APU0000720311
2017-06-01,2017,6,"Wine, red and white table, all sizes, any origin",1 liter (33.8 oz),Drinks,12.385,APU0000720311
2017-07-01,2017,7,"Wine, red and white table, all sizes, any origin",1 liter (33.8 oz),Drinks,12.511,APU0000720311
2017-08-01,2017,8,"Wine, red and white table, all sizes, any origin",1 liter (33.8 oz),Drinks,12.712,APU0000720311
2017-09-01,2017,9,"Wine, red and white table, all sizes, any origin",1 liter (33.8 oz),Drinks,12.827,APU0000720311
2017-10-01,2017,10,"Wine, red and white table, all sizes, any origin",1 liter (33.8 oz),Drinks,13.235,APU0000720311
2017-11-01,2017,11,"Wine, red and white table, all sizes, any origin",1 liter (33.8 oz),Drinks,13.059,APU0000720311
2017-12-01,2017,12,"Wine, red and white table, all sizes, any origin",1 liter (33.8 oz),Drinks,12.925,APU0000720311
2018-01-01,2018,1,"Wine, red and white table, all sizes, any origin",1 liter (33.8 oz),Drinks,12.74,APU0000720311
2018-02-01,2018,2,"Wine, red and white table, all sizes, any origin",1 liter (33.8 oz),Drinks,12.553,APU0000720311
2018-03-01,2018,3,"Wine, red and white table, all sizes, any origin",1 liter (33.8 oz),Drinks,12.6,APU0000720311
2018-04-01,2018,4,"Wine, red and white table, all sizes, any origin",1 liter (33.8 oz),Drinks,12.673,APU0000720311
2018-05-01,2018,5,"Wine, red and white table, all sizes, any origin",1 liter (33.8 oz),Drinks,12.417,APU0000720311
2018-06-01,2018,6,"Wine, red and white table, all sizes, any origin",1 liter (33.8 oz),Drinks,12.382,APU0000720311
2018-07-01,2018,7,"Wine, red and white table, all sizes, any origin",1 liter (33.8 oz),Drinks,12.328,APU0000720311
2018-08-01,2018,8,"Wine, red and white table, all sizes, any origin",1 liter (33.8 oz),Drinks,12.289,APU0000720311
2018-09-01,2018,9,"Wine, red and white table, all sizes, any origin",1 liter (33.8 oz),Drinks,12.595,APU0000720311
2018-10-01,2018,10,"Wine, red and white table, all sizes, any origin",1 liter (33.8 oz),Drinks,12.793,APU0000720311
2018-11-01,2018,11,"Wine, red and white table, all sizes, any origin",1 liter (33.8 oz),Drinks,12.085,APU0000720311
2018-12-01,2018,12,"Wine, red and white table, all sizes, any origin",1 liter (33.8 oz),Drinks,12.054,APU0000720311
2019-01-01,2019,1,"Wine, red and white table, all sizes, any origin",1 liter (33.8 oz),Drinks,12.008,APU0000720311
2019-02-01,2019,2,"Wine, red and white table, all sizes, any origin",1 liter (33.8 oz),Drinks,12.196,APU0000720311
2019-03-01,2019,3,"Wine, red and white table, all sizes, any origin",1 liter (33.8 oz),Drinks,11.989,APU0000720311
2019-04-01,2019,4,"Wine, red and white table, all sizes, any origin",1 liter (33.8 oz),Drinks,11.875,APU0000720311
2019-05-01,2019,5,"Wine, red and white table, all sizes, any origin",1 liter (33.8 oz),Drinks,12.048,APU0000720311
2019-06-01,2019,6,"Wine, red and white table, all sizes, any origin",1 liter (33.8 oz),Drinks,11.952,APU0000720311
2019-07-01,2019,7,"Wine, red and white table, all sizes, any origin",1 liter (33.8 oz),Drinks,11.995,APU0000720311
2019-08-01,2019,8,"Wine, red and white table, all sizes, any origin",1 liter (33.8 oz),Drinks,12.148,APU0000720311
2019-09-01,2019,9,"Wine, red and white table, all sizes, any origin",1 liter (33.8 oz),Drinks,12.096,APU0000720311
2019-10-01,2019,10,"Wine, red and white table, all sizes, any origin",1 liter (33.8 oz),Drinks,12.119,APU0000720311
2019-11-01,2019,11,"Wine, red and white table, all sizes, any origin",1 liter (33.8 oz),Drinks,12.203,APU0000720311
2019-12-01,2019,12,"Wine, red and white table, all sizes, any origin",1 liter (33.8 oz),Drinks,12.044,APU0000720311
2020-01-01,2020,1,"Wine, red and white table, all sizes, any origin",1 liter (33.8 oz),Drinks,12.056,APU0000720311
2020-02-01,2020,2,"Wine, red and white table, all sizes, any origin",1 liter (33.8 oz),Drinks,12.233,APU0000720311
2020-03-01,2020,3,"Wine, red and white table, all sizes, any origin",1 liter (33.8 oz),Drinks,12.346,APU0000720311
2020-04-01,2020,4,"Wine, red and white table, all sizes, any origin",1 liter (33.8 oz),Drinks,12.294,APU0000720311
2020-05-01,2020,5,"Wine, red and white table, all sizes, any origin",1 liter (33.8 oz),Drinks,12.547,APU0000720311
2020-06-01,2020,6,"Wine, red and white table, all sizes, any origin",1 liter (33.8 oz),Drinks,12.176,APU0000720311
2020-07-01,2020,7,"Wine, red and white table, all sizes, any origin",1 liter (33.8 oz),Drinks,12.405,APU0000720311
2020-08-01,2020,8,"Wine, red and white table, all sizes, any origin",1 liter (33.8 oz),Drinks,12.409,APU0000720311
2020-09-01,2020,9,"Wine, red and white table, all sizes, any origin",1 liter (33.8 oz),Drinks,12.371,APU0000720311
2020-10-01,2020,10,"Wine, red and white table, all sizes, any origin",1 liter (33.8 oz),Drinks,12.535,APU0000720311
2020-11-01,2020,11,"Wine, red and white table, all sizes, any origin",1 liter (33.8 oz),Drinks,12.784,APU0000720311
2020-12-01,2020,12,"Wine, red and white table, all sizes, any origin",1 liter (33.8 oz),Drinks,12.861,APU0000720311
2021-01-01,2021,1,"Wine, red and white table, all sizes, any origin",1 liter (33.8 oz),Drinks,12.885,APU0000720311
2021-02-01,2021,2,"Wine, red and white table, all sizes, any origin",1 liter (33.8 oz),Drinks,13.115,APU0000720311
2021-03-01,2021,3,"Wine, red and white table, all sizes, any origin",1 liter (33.8 oz),Drinks,13.276,APU0000720311
2021-04-01,2021,4,"Wine, red and white table, all sizes, any origin",1 liter (33.8 oz),Drinks,13.629,APU0000720311
2021-05-01,2021,5,"Wine, red and white table, all sizes, any origin",1 liter (33.8 oz),Drinks,13.519,APU0000720311
2021-06-01,2021,6,"Wine, red and white table, all sizes, any origin",1 liter (33.8 oz),Drinks,13.257,APU0000720311
2021-07-01,2021,7,"Wine, red and white table, all sizes, any origin",1 liter (33.8 oz),Drinks,13.104,APU0000720311
2021-08-01,2021,8,"Wine, red and white table, all sizes, any origin",1 liter (33.8 oz),Drinks,12.926,APU0000720311
2021-09-01,2021,9,"Wine, red and white table, all sizes, any origin",1 liter (33.8 oz),Drinks,13.042,APU0000720311
2021-10-01,2021,10,"Wine, red and white table, all sizes, any origin",1 liter (33.8 oz),Drinks,12.941,APU0000720311
2021-11-01,2021,11,"Wine, red and white table, all sizes, any origin",1 liter (33.8 oz),Drinks,13.348,APU0000720311
2021-12-01,2021,12,"Wine, red and white table, all sizes, any origin",1 liter (33.8 oz),Drinks,13.194,APU0000720311
2022-01-01,2022,1,"Wine, red and white table, all sizes, any origin",1 liter (33.8 oz),Drinks,13.397,APU0000720311
2022-02-01,2022,2,"Wine, red and white table, all sizes, any origin",1 liter (33.8 oz),Drinks,13.488,APU0000720311
2022-03-01,2022,3,"Wine, red and white table, all sizes, any origin",1 liter (33.8 oz),Drinks,13.498,APU0000720311
2022-04-01,2022,4,"Wine, red and white table, all sizes, any origin",1 liter (33.8 oz),Drinks,13.589,APU0000720311
2022-05-01,2022,5,"Wine, red and white table, all sizes, any origin",1 liter (33.8 oz),Drinks,13.308,APU0000720311
2022-06-01,2022,6,"Wine, red and white table, all sizes, any origin",1 liter (33.8 oz),Drinks,13.2,APU0000720311
2022-07-01,2022,7,"Wine, red and white table, all sizes, any origin",1 liter (33.8 oz),Drinks,13.337,APU0000720311
2022-08-01,2022,8,"Wine, red and white table, all sizes, any origin",1 liter (33.8 oz),Drinks,13.422,APU0000720311
2022-09-01,2022,9,"Wine, red and white table, all sizes, any origin",1 liter (33.8 oz),Drinks,13.518,APU0000720311
2022-10-01,2022,10,"Wine, red and white table, all sizes, any origin",1 liter (33.8 oz),Drinks,13.624,APU0000720311
2022-11-01,2022,11,"Wine, red and white table, all sizes, any origin",1 liter (33.8 oz),Drinks,13.701,APU0000720311
2022-12-01,2022,12,"Wine, red and white table, all sizes, any origin",1 liter (33.8 oz),Drinks,13.658,APU0000720311
2023-01-01,2023,1,"Wine, red and white table, all sizes, any origin",1 liter (33.8 oz),Drinks,13.36,APU0000720311
2023-02-01,2023,2,"Wine, red and white table, all sizes, any origin",1 liter (33.8 oz),Drinks,13.213,APU0000720311
2023-03-01,2023,3,"Wine, red and white table, all sizes, any origin",1 liter (33.8 oz),Drinks,13.249,APU0000720311
2023-04-01,2023,4,"Wine, red and white table, all sizes, any origin",1 liter (33.8 oz),Drinks,13.302,APU0000720311
2023-05-01,2023,5,"Wine, red and white table, all sizes, any origin",1 liter (33.8 oz),Drinks,13.406,APU0000720311
2023-06-01,2023,6,"Wine, red and white table, all sizes, any origin",1 liter (33.8 oz),Drinks,13.345,APU0000720311
2023-07-01,2023,7,"Wine, red and white table, all sizes, any origin",1 liter (33.8 oz),Drinks,13.423,APU0000720311
2023-08-01,2023,8,"Wine, red and white table, all sizes, any origin",1 liter (33.8 oz),Drinks,13.629,APU0000720311
2023-09-01,2023,9,"Wine, red and white table, all sizes, any origin",1 liter (33.8 oz),Drinks,13.678,APU0000720311
2023-10-01,2023,10,"Wine, red and white table, all sizes, any origin",1 liter (33.8 oz),Drinks,13.509,APU0000720311
2023-11-01,2023,11,"Wine, red and white table, all sizes, any origin",1 liter (33.8 oz),Drinks,13.327,APU0000720311
2023-12-01,2023,12,"Wine, red and white table, all sizes, any origin",1 liter (33.8 oz),Drinks,13.319,APU0000720311
2024-01-01,2024,1,"Wine, red and white table, all sizes, any origin",1 liter (33.8 oz),Drinks,13.345,APU0000720311
2024-02-01,2024,2,"Wine, red and white table, all sizes, any origin",1 liter (33.8 oz),Drinks,13.391,APU0000720311
2024-03-01,2024,3,"Wine, red and white table, all sizes, any origin",1 liter (33.8 oz),Drinks,13.308,APU0000720311
2024-04-01,2024,4,"Wine, red and white table, all sizes, any origin",1 liter (33.8 oz),Drinks,13.662,APU0000720311
2024-05-01,2024,5,"Wine, red and white table, all sizes, any origin",1 liter (33.8 oz),Drinks,13.861,APU0000720311
2024-06-01,2024,6,"Wine, red and white table, all sizes, any origin",1 liter (33.8 oz),Drinks,13.876,APU0000720311
2024-07-01,2024,7,"Wine, red and white table, all sizes, any origin",1 liter (33.8 oz),Drinks,13.918,APU0000720311
2024-08-01,2024,8,"Wine, red and white table, all sizes, any origin",1 liter (33.8 oz),Drinks,13.958,APU0000720311
2024-09-01,2024,9,"Wine, red and white table, all sizes, any origin",1 liter (33.8 oz),Drinks,13.957,APU0000720311
2024-10-01,2024,10,"Wine, red and white table, all sizes, any origin",1 liter (33.8 oz),Drinks,13.768,APU0000720311
2024-11-01,2024,11,"Wine, red and white table, all sizes, any origin",1 liter (33.8 oz),Drinks,13.78,APU0000720311
2024-12-01,2024,12,"Wine, red and white table, all sizes, any origin",1 liter (33.8 oz),Drinks,13.985,APU0000720311
2025-01-01,2025,1,"Wine, red and white table, all sizes, any origin",1 liter (33.8 oz),Drinks,14.035,APU0000720311
2025-02-01,2025,2,"Wine, red and white table, all sizes, any origin",1 liter (33.8 oz),Drinks,14.087,APU0000720311
2025-03-01,2025,3,"Wine, red and white table, all sizes, any origin",1 liter (33.8 oz),Drinks,14.0,APU0000720311
2025-04-01,2025,4,"Wine, red and white table, all sizes, any origin",1 liter (33.8 oz),Drinks,13.779,APU0000720311
2025-05-01,2025,5,"Wine, red and white table, all sizes, any origin",1 liter (33.8 oz),Drinks,13.745,APU0000720311
2025-06-01,2025,6,"Wine, red and white table, all sizes, any origin",1 liter (33.8 oz),Drinks,13.957,APU0000720311
2025-07-01,2025,7,"Wine, red and white table, all sizes, any origin",1 liter (33.8 oz),Drinks,13.886,APU0000720311
2025-08-01,2025,8,"Wine, red and white table, all sizes, any origin",1 liter (33.8 oz),Drinks,13.951,APU0000720311
2025-09-01,2025,9,"Wine, red and white table, all sizes, any origin",1 liter (33.8 oz),Drinks,13.97,APU0000720311
2025-11-01,2025,11,"Wine, red and white table, all sizes, any origin",1 liter (33.8 oz),Drinks,14.106,APU0000720311
2025-12-01,2025,12,"Wine, red and white table, all sizes, any origin",1 liter (33.8 oz),Drinks,14.174,APU0000720311
2026-01-01,2026,1,"Wine, red and white table, all sizes, any origin",1 liter (33.8 oz),Drinks,14.163,APU0000720311
2026-02-01,2026,2,"Wine, red and white table, all sizes, any origin",1 liter (33.8 oz),Drinks,14.247,APU0000720311
2026-03-01,2026,3,"Wine, red and white table, all sizes, any origin",1 liter (33.8 oz),Drinks,14.236,APU0000720311
2026-04-01,2026,4,"Wine, red and white table, all sizes, any origin",1 liter (33.8 oz),Drinks,13.979,APU0000720311
2026-05-01,2026,5,"Wine, red and white table, all sizes, any origin",1 liter (33.8 oz),Drinks,13.841,APU0000720311
2026-06-01,2026,6,"Wine, red and white table, all sizes, any origin",1 liter (33.8 oz),Drinks,13.804,APU0000720311
2026-07-01,2026,7,"Wine, red and white table, all sizes, any origin",1 liter (33.8 oz),Drinks,13.794,APU0000720311
2018-04-01,2018,4,Yogurt,8 oz. (226.8 gm),Dairy and fats,1.057,APU0000FJ4101
2018-05-01,2018,5,Yogurt,8 oz. (226.8 gm),Dairy and fats,1.059,APU0000FJ4101
2018-06-01,2018,6,Yogurt,8 oz. (226.8 gm),Dairy and fats,1.061,APU0000FJ4101
2018-07-01,2018,7,Yogurt,8 oz. (226.8 gm),Dairy and fats,1.074,APU0000FJ4101
2018-08-01,2018,8,Yogurt,8 oz. (226.8 gm),Dairy and fats,1.073,APU0000FJ4101
2018-09-01,2018,9,Yogurt,8 oz. (226.8 gm),Dairy and fats,1.066,APU0000FJ4101
2018-10-01,2018,10,Yogurt,8 oz. (226.8 gm),Dairy and fats,1.043,APU0000FJ4101
2018-11-01,2018,11,Yogurt,8 oz. (226.8 gm),Dairy and fats,1.062,APU0000FJ4101
2018-12-01,2018,12,Yogurt,8 oz. (226.8 gm),Dairy and fats,1.077,APU0000FJ4101
2019-01-01,2019,1,Yogurt,8 oz. (226.8 gm),Dairy and fats,1.07,APU0000FJ4101
2019-02-01,2019,2,Yogurt,8 oz. (226.8 gm),Dairy and fats,1.062,APU0000FJ4101
2019-03-01,2019,3,Yogurt,8 oz. (226.8 gm),Dairy and fats,1.102,APU0000FJ4101
2019-04-01,2019,4,Yogurt,8 oz. (226.8 gm),Dairy and fats,1.087,APU0000FJ4101
2019-05-01,2019,5,Yogurt,8 oz. (226.8 gm),Dairy and fats,1.114,APU0000FJ4101
2019-06-01,2019,6,Yogurt,8 oz. (226.8 gm),Dairy and fats,1.126,APU0000FJ4101
2019-07-01,2019,7,Yogurt,8 oz. (226.8 gm),Dairy and fats,1.144,APU0000FJ4101
2019-08-01,2019,8,Yogurt,8 oz. (226.8 gm),Dairy and fats,1.137,APU0000FJ4101
2019-09-01,2019,9,Yogurt,8 oz. (226.8 gm),Dairy and fats,1.15,APU0000FJ4101
2019-10-01,2019,10,Yogurt,8 oz. (226.8 gm),Dairy and fats,1.109,APU0000FJ4101
2019-11-01,2019,11,Yogurt,8 oz. (226.8 gm),Dairy and fats,1.135,APU0000FJ4101
2019-12-01,2019,12,Yogurt,8 oz. (226.8 gm),Dairy and fats,1.148,APU0000FJ4101
2020-01-01,2020,1,Yogurt,8 oz. (226.8 gm),Dairy and fats,1.108,APU0000FJ4101
2020-02-01,2020,2,Yogurt,8 oz. (226.8 gm),Dairy and fats,1.169,APU0000FJ4101
2020-03-01,2020,3,Yogurt,8 oz. (226.8 gm),Dairy and fats,1.176,APU0000FJ4101
2020-04-01,2020,4,Yogurt,8 oz. (226.8 gm),Dairy and fats,1.197,APU0000FJ4101
2020-05-01,2020,5,Yogurt,8 oz. (226.8 gm),Dairy and fats,1.232,APU0000FJ4101
2020-06-01,2020,6,Yogurt,8 oz. (226.8 gm),Dairy and fats,1.237,APU0000FJ4101
2020-07-01,2020,7,Yogurt,8 oz. (226.8 gm),Dairy and fats,1.216,APU0000FJ4101
2020-08-01,2020,8,Yogurt,8 oz. (226.8 gm),Dairy and fats,1.225,APU0000FJ4101
2020-09-01,2020,9,Yogurt,8 oz. (226.8 gm),Dairy and fats,1.2,APU0000FJ4101
2020-10-01,2020,10,Yogurt,8 oz. (226.8 gm),Dairy and fats,1.215,APU0000FJ4101
2020-11-01,2020,11,Yogurt,8 oz. (226.8 gm),Dairy and fats,1.235,APU0000FJ4101
2020-12-01,2020,12,Yogurt,8 oz. (226.8 gm),Dairy and fats,1.254,APU0000FJ4101
2021-01-01,2021,1,Yogurt,8 oz. (226.8 gm),Dairy and fats,1.224,APU0000FJ4101
2021-02-01,2021,2,Yogurt,8 oz. (226.8 gm),Dairy and fats,1.228,APU0000FJ4101
2021-03-01,2021,3,Yogurt,8 oz. (226.8 gm),Dairy and fats,1.197,APU0000FJ4101
2021-04-01,2021,4,Yogurt,8 oz. (226.8 gm),Dairy and fats,1.182,APU0000FJ4101
2021-05-01,2021,5,Yogurt,8 oz. (226.8 gm),Dairy and fats,1.215,APU0000FJ4101
2021-06-01,2021,6,Yogurt,8 oz. (226.8 gm),Dairy and fats,1.209,APU0000FJ4101
2021-07-01,2021,7,Yogurt,8 oz. (226.8 gm),Dairy and fats,1.251,APU0000FJ4101
2021-08-01,2021,8,Yogurt,8 oz. (226.8 gm),Dairy and fats,1.212,APU0000FJ4101
2021-09-01,2021,9,Yogurt,8 oz. (226.8 gm),Dairy and fats,1.228,APU0000FJ4101
2021-10-01,2021,10,Yogurt,8 oz. (226.8 gm),Dairy and fats,1.223,APU0000FJ4101
2021-11-01,2021,11,Yogurt,8 oz. (226.8 gm),Dairy and fats,1.25,APU0000FJ4101
2021-12-01,2021,12,Yogurt,8 oz. (226.8 gm),Dairy and fats,1.265,APU0000FJ4101
2022-01-01,2022,1,Yogurt,8 oz. (226.8 gm),Dairy and fats,1.281,APU0000FJ4101
2022-02-01,2022,2,Yogurt,8 oz. (226.8 gm),Dairy and fats,1.303,APU0000FJ4101
2022-03-01,2022,3,Yogurt,8 oz. (226.8 gm),Dairy and fats,1.35,APU0000FJ4101
2022-04-01,2022,4,Yogurt,8 oz. (226.8 gm),Dairy and fats,1.35,APU0000FJ4101
2022-05-01,2022,5,Yogurt,8 oz. (226.8 gm),Dairy and fats,1.4,APU0000FJ4101
2022-06-01,2022,6,Yogurt,8 oz. (226.8 gm),Dairy and fats,1.366,APU0000FJ4101
2022-07-01,2022,7,Yogurt,8 oz. (226.8 gm),Dairy and fats,1.44,APU0000FJ4101
2022-08-01,2022,8,Yogurt,8 oz. (226.8 gm),Dairy and fats,1.407,APU0000FJ4101
2022-09-01,2022,9,Yogurt,8 oz. (226.8 gm),Dairy and fats,1.441,APU0000FJ4101
2022-10-01,2022,10,Yogurt,8 oz. (226.8 gm),Dairy and fats,1.42,APU0000FJ4101
2022-11-01,2022,11,Yogurt,8 oz. (226.8 gm),Dairy and fats,1.489,APU0000FJ4101
2022-12-01,2022,12,Yogurt,8 oz. (226.8 gm),Dairy and fats,1.472,APU0000FJ4101
2023-01-01,2023,1,Yogurt,8 oz. (226.8 gm),Dairy and fats,1.476,APU0000FJ4101
2023-02-01,2023,2,Yogurt,8 oz. (226.8 gm),Dairy and fats,1.502,APU0000FJ4101
2023-03-01,2023,3,Yogurt,8 oz. (226.8 gm),Dairy and fats,1.526,APU0000FJ4101
2023-04-01,2023,4,Yogurt,8 oz. (226.8 gm),Dairy and fats,1.553,APU0000FJ4101
2023-05-01,2023,5,Yogurt,8 oz. (226.8 gm),Dairy and fats,1.529,APU0000FJ4101
2023-06-01,2023,6,Yogurt,8 oz. (226.8 gm),Dairy and fats,1.516,APU0000FJ4101
2023-07-01,2023,7,Yogurt,8 oz. (226.8 gm),Dairy and fats,1.57,APU0000FJ4101
2023-08-01,2023,8,Yogurt,8 oz. (226.8 gm),Dairy and fats,1.576,APU0000FJ4101
2023-09-01,2023,9,Yogurt,8 oz. (226.8 gm),Dairy and fats,1.555,APU0000FJ4101
2023-10-01,2023,10,Yogurt,8 oz. (226.8 gm),Dairy and fats,1.571,APU0000FJ4101
2023-11-01,2023,11,Yogurt,8 oz. (226.8 gm),Dairy and fats,1.634,APU0000FJ4101
2023-12-01,2023,12,Yogurt,8 oz. (226.8 gm),Dairy and fats,1.629,APU0000FJ4101
2024-01-01,2024,1,Yogurt,8 oz. (226.8 gm),Dairy and fats,1.56,APU0000FJ4101
2024-02-01,2024,2,Yogurt,8 oz. (226.8 gm),Dairy and fats,1.623,APU0000FJ4101
2024-03-01,2024,3,Yogurt,8 oz. (226.8 gm),Dairy and fats,1.611,APU0000FJ4101
2024-04-01,2024,4,Yogurt,8 oz. (226.8 gm),Dairy and fats,1.641,APU0000FJ4101
2024-05-01,2024,5,Yogurt,8 oz. (226.8 gm),Dairy and fats,1.656,APU0000FJ4101
2024-06-01,2024,6,Yogurt,8 oz. (226.8 gm),Dairy and fats,1.671,APU0000FJ4101
2024-07-01,2024,7,Yogurt,8 oz. (226.8 gm),Dairy and fats,1.682,APU0000FJ4101
2024-08-01,2024,8,Yogurt,8 oz. (226.8 gm),Dairy and fats,1.694,APU0000FJ4101
2024-09-01,2024,9,Yogurt,8 oz. (226.8 gm),Dairy and fats,1.7,APU0000FJ4101
2024-10-01,2024,10,Yogurt,8 oz. (226.8 gm),Dairy and fats,1.618,APU0000FJ4101
2024-11-01,2024,11,Yogurt,8 oz. (226.8 gm),Dairy and fats,1.512,APU0000FJ4101
2024-12-01,2024,12,Yogurt,8 oz. (226.8 gm),Dairy and fats,1.548,APU0000FJ4101
2025-01-01,2025,1,Yogurt,8 oz. (226.8 gm),Dairy and fats,1.489,APU0000FJ4101
2025-02-01,2025,2,Yogurt,8 oz. (226.8 gm),Dairy and fats,1.515,APU0000FJ4101
2025-03-01,2025,3,Yogurt,8 oz. (226.8 gm),Dairy and fats,1.52,APU0000FJ4101
2025-04-01,2025,4,Yogurt,8 oz. (226.8 gm),Dairy and fats,1.538,APU0000FJ4101
2025-05-01,2025,5,Yogurt,8 oz. (226.8 gm),Dairy and fats,1.577,APU0000FJ4101
2025-06-01,2025,6,Yogurt,8 oz. (226.8 gm),Dairy and fats,1.494,APU0000FJ4101
2025-07-01,2025,7,Yogurt,8 oz. (226.8 gm),Dairy and fats,1.556,APU0000FJ4101
2025-08-01,2025,8,Yogurt,8 oz. (226.8 gm),Dairy and fats,1.495,APU0000FJ4101
2025-09-01,2025,9,Yogurt,8 oz. (226.8 gm),Dairy and fats,1.533,APU0000FJ4101
2025-11-01,2025,11,Yogurt,8 oz. (226.8 gm),Dairy and fats,1.556,APU0000FJ4101
2025-12-01,2025,12,Yogurt,8 oz. (226.8 gm),Dairy and fats,1.518,APU0000FJ4101
2026-01-01,2026,1,Yogurt,8 oz. (226.8 gm),Dairy and fats,1.564,APU0000FJ4101
2026-02-01,2026,2,Yogurt,8 oz. (226.8 gm),Dairy and fats,1.498,APU0000FJ4101
2026-03-01,2026,3,Yogurt,8 oz. (226.8 gm),Dairy and fats,1.56,APU0000FJ4101
2026-04-01,2026,4,Yogurt,8 oz. (226.8 gm),Dairy and fats,1.509,APU0000FJ4101
2026-05-01,2026,5,Yogurt,8 oz. (226.8 gm),Dairy and fats,1.537,APU0000FJ4101
2026-06-01,2026,6,Yogurt,8 oz. (226.8 gm),Dairy and fats,1.587,APU0000FJ4101
2026-07-01,2026,7,Yogurt,8 oz. (226.8 gm),Dairy and fats,1.553,APU0000FJ4101
